layer_start,layer_end,page_start,page_end,semantic_class,pin,k_precision_name,v_precision_name,residency_tier,promotion_priority,demotion_priority,recompute_priority,authority,case,budget_pct,kv_layout,range_ordinal,used_pages,prompt_pages,recent_start_page,plan_validation_ok,shadowed_layer_page_matches
0,47,0,0,prompt_anchor,1,raw,raw,pinned,100,0,0,hard,early_anchor_long_tail,75.0,tmh_fidelity_paged_kv,0,248,236,62,True,0
0,47,62,247,recent_tail,0,raw,raw,hot,100,0,0,hard,early_anchor_long_tail,75.0,tmh_fidelity_paged_kv,1,248,236,62,True,0
0,31,1,61,prefill_payload,0,int8,int4,warm,25,75,50,hard,early_anchor_long_tail,75.0,tmh_fidelity_paged_kv,2,248,236,62,True,0
32,47,1,61,late_layer_payload,0,int8,int8,warm,35,65,50,hard,early_anchor_long_tail,75.0,tmh_fidelity_paged_kv,3,248,236,62,True,0
0,47,0,0,prompt_anchor,1,raw,raw,pinned,100,0,0,hard,middle_anchor_detour,75.0,tmh_fidelity_paged_kv,0,199,183,49,True,0
0,47,49,198,recent_tail,0,raw,raw,hot,100,0,0,hard,middle_anchor_detour,75.0,tmh_fidelity_paged_kv,1,199,183,49,True,0
0,31,1,48,prefill_payload,0,int8,int4,warm,25,75,50,hard,middle_anchor_detour,75.0,tmh_fidelity_paged_kv,2,199,183,49,True,0
32,47,1,48,late_layer_payload,0,int8,int8,warm,35,65,50,hard,middle_anchor_detour,75.0,tmh_fidelity_paged_kv,3,199,183,49,True,0
0,47,0,0,prompt_anchor,1,raw,raw,pinned,100,0,0,hard,late_anchor_control,75.0,tmh_fidelity_paged_kv,0,131,119,32,True,0
0,47,32,130,recent_tail,0,raw,raw,hot,100,0,0,hard,late_anchor_control,75.0,tmh_fidelity_paged_kv,1,131,119,32,True,0
0,31,1,31,prefill_payload,0,int8,int4,warm,25,75,50,hard,late_anchor_control,75.0,tmh_fidelity_paged_kv,2,131,119,32,True,0
32,47,1,31,late_layer_payload,0,int8,int8,warm,35,65,50,hard,late_anchor_control,75.0,tmh_fidelity_paged_kv,3,131,119,32,True,0
0,47,0,0,prompt_anchor,1,raw,raw,pinned,100,0,0,hard,decoy_collision,75.0,tmh_fidelity_paged_kv,0,143,127,35,True,0
0,47,35,142,recent_tail,0,raw,raw,hot,100,0,0,hard,decoy_collision,75.0,tmh_fidelity_paged_kv,1,143,127,35,True,0
0,31,1,34,prefill_payload,0,int8,int4,warm,25,75,50,hard,decoy_collision,75.0,tmh_fidelity_paged_kv,2,143,127,35,True,0
32,47,1,34,late_layer_payload,0,int8,int8,warm,35,65,50,hard,decoy_collision,75.0,tmh_fidelity_paged_kv,3,143,127,35,True,0
0,47,0,0,prompt_anchor,1,raw,raw,pinned,100,0,0,hard,routing_table,75.0,tmh_fidelity_paged_kv,0,140,124,35,True,0
0,47,35,139,recent_tail,0,raw,raw,hot,100,0,0,hard,routing_table,75.0,tmh_fidelity_paged_kv,1,140,124,35,True,0
0,31,1,34,prefill_payload,0,int8,int4,warm,25,75,50,hard,routing_table,75.0,tmh_fidelity_paged_kv,2,140,124,35,True,0
32,47,1,34,late_layer_payload,0,int8,int8,warm,35,65,50,hard,routing_table,75.0,tmh_fidelity_paged_kv,3,140,124,35,True,0
0,47,0,0,prompt_anchor,1,raw,raw,pinned,100,0,0,hard,structured_records,75.0,tmh_fidelity_paged_kv,0,145,125,36,True,0
0,47,36,144,recent_tail,0,raw,raw,hot,100,0,0,hard,structured_records,75.0,tmh_fidelity_paged_kv,1,145,125,36,True,0
0,31,1,35,prefill_payload,0,int8,int4,warm,25,75,50,hard,structured_records,75.0,tmh_fidelity_paged_kv,2,145,125,36,True,0
32,47,1,35,late_layer_payload,0,int8,int8,warm,35,65,50,hard,structured_records,75.0,tmh_fidelity_paged_kv,3,145,125,36,True,0
0,47,0,0,prompt_anchor,1,raw,raw,pinned,100,0,0,hard,instruction_persistence,75.0,tmh_fidelity_paged_kv,0,253,237,63,True,0
0,47,63,252,recent_tail,0,raw,raw,hot,100,0,0,hard,instruction_persistence,75.0,tmh_fidelity_paged_kv,1,253,237,63,True,0
0,31,1,62,prefill_payload,0,int8,int4,warm,25,75,50,hard,instruction_persistence,75.0,tmh_fidelity_paged_kv,2,253,237,63,True,0
32,47,1,62,late_layer_payload,0,int8,int8,warm,35,65,50,hard,instruction_persistence,75.0,tmh_fidelity_paged_kv,3,253,237,63,True,0
0,47,0,0,prompt_anchor,1,raw,raw,pinned,100,0,0,hard,multi_hop_bridge,75.0,tmh_fidelity_paged_kv,0,141,121,35,True,0
0,47,35,140,recent_tail,0,raw,raw,hot,100,0,0,hard,multi_hop_bridge,75.0,tmh_fidelity_paged_kv,1,141,121,35,True,0
0,31,1,34,prefill_payload,0,int8,int4,warm,25,75,50,hard,multi_hop_bridge,75.0,tmh_fidelity_paged_kv,2,141,121,35,True,0
32,47,1,34,late_layer_payload,0,int8,int8,warm,35,65,50,hard,multi_hop_bridge,75.0,tmh_fidelity_paged_kv,3,141,121,35,True,0
0,47,0,0,prompt_anchor,1,raw,raw,pinned,100,0,0,hard,payload_dense,75.0,tmh_fidelity_paged_kv,0,256,236,64,True,0
0,47,64,255,recent_tail,0,raw,raw,hot,100,0,0,hard,payload_dense,75.0,tmh_fidelity_paged_kv,1,256,236,64,True,0
0,31,1,63,prefill_payload,0,int8,int4,warm,25,75,50,hard,payload_dense,75.0,tmh_fidelity_paged_kv,2,256,236,64,True,0
32,47,1,63,late_layer_payload,0,int8,int8,warm,35,65,50,hard,payload_dense,75.0,tmh_fidelity_paged_kv,3,256,236,64,True,0
0,47,0,0,prompt_anchor,1,raw,raw,pinned,100,0,0,hard,long_generation_systems,75.0,tmh_fidelity_paged_kv,0,114,66,28,True,0
0,47,28,113,recent_tail,0,raw,raw,hot,100,0,0,hard,long_generation_systems,75.0,tmh_fidelity_paged_kv,1,114,66,28,True,0
0,31,1,27,prefill_payload,0,int8,int4,warm,25,75,50,hard,long_generation_systems,75.0,tmh_fidelity_paged_kv,2,114,66,28,True,0
32,47,1,27,late_layer_payload,0,int8,int8,warm,35,65,50,hard,long_generation_systems,75.0,tmh_fidelity_paged_kv,3,114,66,28,True,0
0,47,0,0,prompt_anchor,1,raw,raw,pinned,100,0,0,hard,early_anchor_long_tail,50.0,tmh_fidelity_paged_kv,0,248,236,124,True,0
0,47,124,247,recent_tail,0,raw,raw,hot,100,0,0,hard,early_anchor_long_tail,50.0,tmh_fidelity_paged_kv,1,248,236,124,True,0
0,31,1,123,prefill_payload,0,int8,int4,warm,25,75,50,hard,early_anchor_long_tail,50.0,tmh_fidelity_paged_kv,2,248,236,124,True,0
32,47,1,123,late_layer_payload,0,int8,int8,warm,35,65,50,hard,early_anchor_long_tail,50.0,tmh_fidelity_paged_kv,3,248,236,124,True,0
0,47,0,0,prompt_anchor,1,raw,raw,pinned,100,0,0,hard,middle_anchor_detour,50.0,tmh_fidelity_paged_kv,0,199,183,99,True,0
0,47,99,198,recent_tail,0,raw,raw,hot,100,0,0,hard,middle_anchor_detour,50.0,tmh_fidelity_paged_kv,1,199,183,99,True,0
0,31,1,98,prefill_payload,0,int8,int4,warm,25,75,50,hard,middle_anchor_detour,50.0,tmh_fidelity_paged_kv,2,199,183,99,True,0
32,47,1,98,late_layer_payload,0,int8,int8,warm,35,65,50,hard,middle_anchor_detour,50.0,tmh_fidelity_paged_kv,3,199,183,99,True,0
0,47,0,0,prompt_anchor,1,raw,raw,pinned,100,0,0,hard,late_anchor_control,50.0,tmh_fidelity_paged_kv,0,131,119,65,True,0
0,47,65,130,recent_tail,0,raw,raw,hot,100,0,0,hard,late_anchor_control,50.0,tmh_fidelity_paged_kv,1,131,119,65,True,0
0,31,1,64,prefill_payload,0,int8,int4,warm,25,75,50,hard,late_anchor_control,50.0,tmh_fidelity_paged_kv,2,131,119,65,True,0
32,47,1,64,late_layer_payload,0,int8,int8,warm,35,65,50,hard,late_anchor_control,50.0,tmh_fidelity_paged_kv,3,131,119,65,True,0
0,47,0,0,prompt_anchor,1,raw,raw,pinned,100,0,0,hard,decoy_collision,50.0,tmh_fidelity_paged_kv,0,143,127,71,True,0
0,47,71,142,recent_tail,0,raw,raw,hot,100,0,0,hard,decoy_collision,50.0,tmh_fidelity_paged_kv,1,143,127,71,True,0
0,31,1,70,prefill_payload,0,int8,int4,warm,25,75,50,hard,decoy_collision,50.0,tmh_fidelity_paged_kv,2,143,127,71,True,0
32,47,1,70,late_layer_payload,0,int8,int8,warm,35,65,50,hard,decoy_collision,50.0,tmh_fidelity_paged_kv,3,143,127,71,True,0
0,47,0,0,prompt_anchor,1,raw,raw,pinned,100,0,0,hard,routing_table,50.0,tmh_fidelity_paged_kv,0,140,124,70,True,0
0,47,70,139,recent_tail,0,raw,raw,hot,100,0,0,hard,routing_table,50.0,tmh_fidelity_paged_kv,1,140,124,70,True,0
0,31,1,69,prefill_payload,0,int8,int4,warm,25,75,50,hard,routing_table,50.0,tmh_fidelity_paged_kv,2,140,124,70,True,0
32,47,1,69,late_layer_payload,0,int8,int8,warm,35,65,50,hard,routing_table,50.0,tmh_fidelity_paged_kv,3,140,124,70,True,0
0,47,0,0,prompt_anchor,1,raw,raw,pinned,100,0,0,hard,structured_records,50.0,tmh_fidelity_paged_kv,0,145,125,72,True,0
0,47,72,144,recent_tail,0,raw,raw,hot,100,0,0,hard,structured_records,50.0,tmh_fidelity_paged_kv,1,145,125,72,True,0
0,31,1,71,prefill_payload,0,int8,int4,warm,25,75,50,hard,structured_records,50.0,tmh_fidelity_paged_kv,2,145,125,72,True,0
32,47,1,71,late_layer_payload,0,int8,int8,warm,35,65,50,hard,structured_records,50.0,tmh_fidelity_paged_kv,3,145,125,72,True,0
0,47,0,0,prompt_anchor,1,raw,raw,pinned,100,0,0,hard,instruction_persistence,50.0,tmh_fidelity_paged_kv,0,253,237,126,True,0
0,47,126,252,recent_tail,0,raw,raw,hot,100,0,0,hard,instruction_persistence,50.0,tmh_fidelity_paged_kv,1,253,237,126,True,0
0,31,1,125,prefill_payload,0,int8,int4,warm,25,75,50,hard,instruction_persistence,50.0,tmh_fidelity_paged_kv,2,253,237,126,True,0
32,47,1,125,late_layer_payload,0,int8,int8,warm,35,65,50,hard,instruction_persistence,50.0,tmh_fidelity_paged_kv,3,253,237,126,True,0
0,47,0,0,prompt_anchor,1,raw,raw,pinned,100,0,0,hard,multi_hop_bridge,50.0,tmh_fidelity_paged_kv,0,141,121,70,True,0
0,47,70,140,recent_tail,0,raw,raw,hot,100,0,0,hard,multi_hop_bridge,50.0,tmh_fidelity_paged_kv,1,141,121,70,True,0
0,31,1,69,prefill_payload,0,int8,int4,warm,25,75,50,hard,multi_hop_bridge,50.0,tmh_fidelity_paged_kv,2,141,121,70,True,0
32,47,1,69,late_layer_payload,0,int8,int8,warm,35,65,50,hard,multi_hop_bridge,50.0,tmh_fidelity_paged_kv,3,141,121,70,True,0
0,47,0,0,prompt_anchor,1,raw,raw,pinned,100,0,0,hard,payload_dense,50.0,tmh_fidelity_paged_kv,0,256,236,128,True,0
0,47,128,255,recent_tail,0,raw,raw,hot,100,0,0,hard,payload_dense,50.0,tmh_fidelity_paged_kv,1,256,236,128,True,0
0,31,1,127,prefill_payload,0,int8,int4,warm,25,75,50,hard,payload_dense,50.0,tmh_fidelity_paged_kv,2,256,236,128,True,0
32,47,1,127,late_layer_payload,0,int8,int8,warm,35,65,50,hard,payload_dense,50.0,tmh_fidelity_paged_kv,3,256,236,128,True,0
0,47,0,0,prompt_anchor,1,raw,raw,pinned,100,0,0,hard,long_generation_systems,50.0,tmh_fidelity_paged_kv,0,114,66,57,True,0
0,47,57,113,recent_tail,0,raw,raw,hot,100,0,0,hard,long_generation_systems,50.0,tmh_fidelity_paged_kv,1,114,66,57,True,0
0,31,1,56,prefill_payload,0,int8,int4,warm,25,75,50,hard,long_generation_systems,50.0,tmh_fidelity_paged_kv,2,114,66,57,True,0
32,47,1,56,late_layer_payload,0,int8,int8,warm,35,65,50,hard,long_generation_systems,50.0,tmh_fidelity_paged_kv,3,114,66,57,True,0
0,47,0,0,prompt_anchor,1,raw,raw,pinned,100,0,0,hard,early_anchor_long_tail,25.0,tmh_fidelity_paged_kv,0,248,236,186,True,0
0,47,186,247,recent_tail,0,raw,raw,hot,100,0,0,hard,early_anchor_long_tail,25.0,tmh_fidelity_paged_kv,1,248,236,186,True,0
0,31,1,185,prefill_payload,0,int8,int4,warm,25,75,50,hard,early_anchor_long_tail,25.0,tmh_fidelity_paged_kv,2,248,236,186,True,0
32,47,1,185,late_layer_payload,0,int8,int8,warm,35,65,50,hard,early_anchor_long_tail,25.0,tmh_fidelity_paged_kv,3,248,236,186,True,0
0,47,0,0,prompt_anchor,1,raw,raw,pinned,100,0,0,hard,middle_anchor_detour,25.0,tmh_fidelity_paged_kv,0,199,183,149,True,0
0,47,149,198,recent_tail,0,raw,raw,hot,100,0,0,hard,middle_anchor_detour,25.0,tmh_fidelity_paged_kv,1,199,183,149,True,0
0,31,1,148,prefill_payload,0,int8,int4,warm,25,75,50,hard,middle_anchor_detour,25.0,tmh_fidelity_paged_kv,2,199,183,149,True,0
32,47,1,148,late_layer_payload,0,int8,int8,warm,35,65,50,hard,middle_anchor_detour,25.0,tmh_fidelity_paged_kv,3,199,183,149,True,0
0,47,0,0,prompt_anchor,1,raw,raw,pinned,100,0,0,hard,late_anchor_control,25.0,tmh_fidelity_paged_kv,0,131,119,98,True,0
0,47,98,130,recent_tail,0,raw,raw,hot,100,0,0,hard,late_anchor_control,25.0,tmh_fidelity_paged_kv,1,131,119,98,True,0
0,31,1,97,prefill_payload,0,int8,int4,warm,25,75,50,hard,late_anchor_control,25.0,tmh_fidelity_paged_kv,2,131,119,98,True,0
32,47,1,97,late_layer_payload,0,int8,int8,warm,35,65,50,hard,late_anchor_control,25.0,tmh_fidelity_paged_kv,3,131,119,98,True,0
0,47,0,0,prompt_anchor,1,raw,raw,pinned,100,0,0,hard,decoy_collision,25.0,tmh_fidelity_paged_kv,0,143,127,107,True,0
0,47,107,142,recent_tail,0,raw,raw,hot,100,0,0,hard,decoy_collision,25.0,tmh_fidelity_paged_kv,1,143,127,107,True,0
0,31,1,106,prefill_payload,0,int8,int4,warm,25,75,50,hard,decoy_collision,25.0,tmh_fidelity_paged_kv,2,143,127,107,True,0
32,47,1,106,late_layer_payload,0,int8,int8,warm,35,65,50,hard,decoy_collision,25.0,tmh_fidelity_paged_kv,3,143,127,107,True,0
0,47,0,0,prompt_anchor,1,raw,raw,pinned,100,0,0,hard,routing_table,25.0,tmh_fidelity_paged_kv,0,140,124,105,True,0
0,47,105,139,recent_tail,0,raw,raw,hot,100,0,0,hard,routing_table,25.0,tmh_fidelity_paged_kv,1,140,124,105,True,0
0,31,1,104,prefill_payload,0,int8,int4,warm,25,75,50,hard,routing_table,25.0,tmh_fidelity_paged_kv,2,140,124,105,True,0
32,47,1,104,late_layer_payload,0,int8,int8,warm,35,65,50,hard,routing_table,25.0,tmh_fidelity_paged_kv,3,140,124,105,True,0
0,47,0,0,prompt_anchor,1,raw,raw,pinned,100,0,0,hard,structured_records,25.0,tmh_fidelity_paged_kv,0,145,125,108,True,0
0,47,108,144,recent_tail,0,raw,raw,hot,100,0,0,hard,structured_records,25.0,tmh_fidelity_paged_kv,1,145,125,108,True,0
0,31,1,107,prefill_payload,0,int8,int4,warm,25,75,50,hard,structured_records,25.0,tmh_fidelity_paged_kv,2,145,125,108,True,0
32,47,1,107,late_layer_payload,0,int8,int8,warm,35,65,50,hard,structured_records,25.0,tmh_fidelity_paged_kv,3,145,125,108,True,0
0,47,0,0,prompt_anchor,1,raw,raw,pinned,100,0,0,hard,instruction_persistence,25.0,tmh_fidelity_paged_kv,0,253,237,189,True,0
0,47,189,252,recent_tail,0,raw,raw,hot,100,0,0,hard,instruction_persistence,25.0,tmh_fidelity_paged_kv,1,253,237,189,True,0
0,31,1,188,prefill_payload,0,int8,int4,warm,25,75,50,hard,instruction_persistence,25.0,tmh_fidelity_paged_kv,2,253,237,189,True,0
32,47,1,188,late_layer_payload,0,int8,int8,warm,35,65,50,hard,instruction_persistence,25.0,tmh_fidelity_paged_kv,3,253,237,189,True,0
0,47,0,0,prompt_anchor,1,raw,raw,pinned,100,0,0,hard,multi_hop_bridge,25.0,tmh_fidelity_paged_kv,0,141,121,105,True,0
0,47,105,140,recent_tail,0,raw,raw,hot,100,0,0,hard,multi_hop_bridge,25.0,tmh_fidelity_paged_kv,1,141,121,105,True,0
0,31,1,104,prefill_payload,0,int8,int4,warm,25,75,50,hard,multi_hop_bridge,25.0,tmh_fidelity_paged_kv,2,141,121,105,True,0
32,47,1,104,late_layer_payload,0,int8,int8,warm,35,65,50,hard,multi_hop_bridge,25.0,tmh_fidelity_paged_kv,3,141,121,105,True,0
0,47,0,0,prompt_anchor,1,raw,raw,pinned,100,0,0,hard,payload_dense,25.0,tmh_fidelity_paged_kv,0,256,236,192,True,0
0,47,192,255,recent_tail,0,raw,raw,hot,100,0,0,hard,payload_dense,25.0,tmh_fidelity_paged_kv,1,256,236,192,True,0
0,31,1,191,prefill_payload,0,int8,int4,warm,25,75,50,hard,payload_dense,25.0,tmh_fidelity_paged_kv,2,256,236,192,True,0
32,47,1,191,late_layer_payload,0,int8,int8,warm,35,65,50,hard,payload_dense,25.0,tmh_fidelity_paged_kv,3,256,236,192,True,0
0,47,0,0,prompt_anchor,1,raw,raw,pinned,100,0,0,hard,long_generation_systems,25.0,tmh_fidelity_paged_kv,0,114,66,85,True,0
0,47,85,113,recent_tail,0,raw,raw,hot,100,0,0,hard,long_generation_systems,25.0,tmh_fidelity_paged_kv,1,114,66,85,True,0
0,31,1,84,prefill_payload,0,int8,int4,warm,25,75,50,hard,long_generation_systems,25.0,tmh_fidelity_paged_kv,2,114,66,85,True,0
32,47,1,84,late_layer_payload,0,int8,int8,warm,35,65,50,hard,long_generation_systems,25.0,tmh_fidelity_paged_kv,3,114,66,85,True,0
0,47,0,0,prompt_anchor,1,raw,raw,pinned,100,0,0,hard,early_anchor_long_tail,12.5,tmh_fidelity_paged_kv,0,248,236,217,True,0
0,47,217,247,recent_tail,0,raw,raw,hot,100,0,0,hard,early_anchor_long_tail,12.5,tmh_fidelity_paged_kv,1,248,236,217,True,0
0,31,1,216,prefill_payload,0,int8,int4,warm,25,75,50,hard,early_anchor_long_tail,12.5,tmh_fidelity_paged_kv,2,248,236,217,True,0
32,47,1,216,late_layer_payload,0,int8,int8,warm,35,65,50,hard,early_anchor_long_tail,12.5,tmh_fidelity_paged_kv,3,248,236,217,True,0
0,47,0,0,prompt_anchor,1,raw,raw,pinned,100,0,0,hard,middle_anchor_detour,12.5,tmh_fidelity_paged_kv,0,199,183,174,True,0
0,47,174,198,recent_tail,0,raw,raw,hot,100,0,0,hard,middle_anchor_detour,12.5,tmh_fidelity_paged_kv,1,199,183,174,True,0
0,31,1,173,prefill_payload,0,int8,int4,warm,25,75,50,hard,middle_anchor_detour,12.5,tmh_fidelity_paged_kv,2,199,183,174,True,0
32,47,1,173,late_layer_payload,0,int8,int8,warm,35,65,50,hard,middle_anchor_detour,12.5,tmh_fidelity_paged_kv,3,199,183,174,True,0
0,47,0,0,prompt_anchor,1,raw,raw,pinned,100,0,0,hard,late_anchor_control,12.5,tmh_fidelity_paged_kv,0,131,119,114,True,0
0,47,114,130,recent_tail,0,raw,raw,hot,100,0,0,hard,late_anchor_control,12.5,tmh_fidelity_paged_kv,1,131,119,114,True,0
0,31,1,113,prefill_payload,0,int8,int4,warm,25,75,50,hard,late_anchor_control,12.5,tmh_fidelity_paged_kv,2,131,119,114,True,0
32,47,1,113,late_layer_payload,0,int8,int8,warm,35,65,50,hard,late_anchor_control,12.5,tmh_fidelity_paged_kv,3,131,119,114,True,0
0,47,0,0,prompt_anchor,1,raw,raw,pinned,100,0,0,hard,decoy_collision,12.5,tmh_fidelity_paged_kv,0,143,127,125,True,0
0,47,125,142,recent_tail,0,raw,raw,hot,100,0,0,hard,decoy_collision,12.5,tmh_fidelity_paged_kv,1,143,127,125,True,0
0,31,1,124,prefill_payload,0,int8,int4,warm,25,75,50,hard,decoy_collision,12.5,tmh_fidelity_paged_kv,2,143,127,125,True,0
32,47,1,124,late_layer_payload,0,int8,int8,warm,35,65,50,hard,decoy_collision,12.5,tmh_fidelity_paged_kv,3,143,127,125,True,0
0,47,0,0,prompt_anchor,1,raw,raw,pinned,100,0,0,hard,routing_table,12.5,tmh_fidelity_paged_kv,0,140,124,122,True,0
0,47,122,139,recent_tail,0,raw,raw,hot,100,0,0,hard,routing_table,12.5,tmh_fidelity_paged_kv,1,140,124,122,True,0
0,31,1,121,prefill_payload,0,int8,int4,warm,25,75,50,hard,routing_table,12.5,tmh_fidelity_paged_kv,2,140,124,122,True,0
32,47,1,121,late_layer_payload,0,int8,int8,warm,35,65,50,hard,routing_table,12.5,tmh_fidelity_paged_kv,3,140,124,122,True,0
0,47,0,0,prompt_anchor,1,raw,raw,pinned,100,0,0,hard,structured_records,12.5,tmh_fidelity_paged_kv,0,145,125,126,True,0
0,47,126,144,recent_tail,0,raw,raw,hot,100,0,0,hard,structured_records,12.5,tmh_fidelity_paged_kv,1,145,125,126,True,0
0,31,1,125,prefill_payload,0,int8,int4,warm,25,75,50,hard,structured_records,12.5,tmh_fidelity_paged_kv,2,145,125,126,True,0
32,47,1,125,late_layer_payload,0,int8,int8,warm,35,65,50,hard,structured_records,12.5,tmh_fidelity_paged_kv,3,145,125,126,True,0
0,47,0,0,prompt_anchor,1,raw,raw,pinned,100,0,0,hard,instruction_persistence,12.5,tmh_fidelity_paged_kv,0,253,237,221,True,0
0,47,221,252,recent_tail,0,raw,raw,hot,100,0,0,hard,instruction_persistence,12.5,tmh_fidelity_paged_kv,1,253,237,221,True,0
0,31,1,220,prefill_payload,0,int8,int4,warm,25,75,50,hard,instruction_persistence,12.5,tmh_fidelity_paged_kv,2,253,237,221,True,0
32,47,1,220,late_layer_payload,0,int8,int8,warm,35,65,50,hard,instruction_persistence,12.5,tmh_fidelity_paged_kv,3,253,237,221,True,0
0,47,0,0,prompt_anchor,1,raw,raw,pinned,100,0,0,hard,multi_hop_bridge,12.5,tmh_fidelity_paged_kv,0,141,121,123,True,0
0,47,123,140,recent_tail,0,raw,raw,hot,100,0,0,hard,multi_hop_bridge,12.5,tmh_fidelity_paged_kv,1,141,121,123,True,0
0,31,1,122,prefill_payload,0,int8,int4,warm,25,75,50,hard,multi_hop_bridge,12.5,tmh_fidelity_paged_kv,2,141,121,123,True,0
32,47,1,122,late_layer_payload,0,int8,int8,warm,35,65,50,hard,multi_hop_bridge,12.5,tmh_fidelity_paged_kv,3,141,121,123,True,0
0,47,0,0,prompt_anchor,1,raw,raw,pinned,100,0,0,hard,payload_dense,12.5,tmh_fidelity_paged_kv,0,256,236,224,True,0
0,47,224,255,recent_tail,0,raw,raw,hot,100,0,0,hard,payload_dense,12.5,tmh_fidelity_paged_kv,1,256,236,224,True,0
0,31,1,223,prefill_payload,0,int8,int4,warm,25,75,50,hard,payload_dense,12.5,tmh_fidelity_paged_kv,2,256,236,224,True,0
32,47,1,223,late_layer_payload,0,int8,int8,warm,35,65,50,hard,payload_dense,12.5,tmh_fidelity_paged_kv,3,256,236,224,True,0
0,47,0,0,prompt_anchor,1,raw,raw,pinned,100,0,0,hard,long_generation_systems,12.5,tmh_fidelity_paged_kv,0,114,66,99,True,0
0,47,99,113,recent_tail,0,raw,raw,hot,100,0,0,hard,long_generation_systems,12.5,tmh_fidelity_paged_kv,1,114,66,99,True,0
0,31,1,98,prefill_payload,0,int8,int4,warm,25,75,50,hard,long_generation_systems,12.5,tmh_fidelity_paged_kv,2,114,66,99,True,0
32,47,1,98,late_layer_payload,0,int8,int8,warm,35,65,50,hard,long_generation_systems,12.5,tmh_fidelity_paged_kv,3,114,66,99,True,0
0,47,0,0,prompt_anchor,1,raw,raw,pinned,100,0,0,hard,early_anchor_long_tail,6.25,tmh_fidelity_paged_kv,0,248,236,232,True,0
0,47,232,247,recent_tail,0,raw,raw,hot,100,0,0,hard,early_anchor_long_tail,6.25,tmh_fidelity_paged_kv,1,248,236,232,True,0
0,31,1,231,prefill_payload,0,int8,int4,warm,25,75,50,hard,early_anchor_long_tail,6.25,tmh_fidelity_paged_kv,2,248,236,232,True,0
32,47,1,231,late_layer_payload,0,int8,int8,warm,35,65,50,hard,early_anchor_long_tail,6.25,tmh_fidelity_paged_kv,3,248,236,232,True,0
0,47,0,0,prompt_anchor,1,raw,raw,pinned,100,0,0,hard,middle_anchor_detour,6.25,tmh_fidelity_paged_kv,0,199,183,186,True,0
0,47,186,198,recent_tail,0,raw,raw,hot,100,0,0,hard,middle_anchor_detour,6.25,tmh_fidelity_paged_kv,1,199,183,186,True,0
0,31,1,185,prefill_payload,0,int8,int4,warm,25,75,50,hard,middle_anchor_detour,6.25,tmh_fidelity_paged_kv,2,199,183,186,True,0
32,47,1,185,late_layer_payload,0,int8,int8,warm,35,65,50,hard,middle_anchor_detour,6.25,tmh_fidelity_paged_kv,3,199,183,186,True,0
0,47,0,0,prompt_anchor,1,raw,raw,pinned,100,0,0,hard,late_anchor_control,6.25,tmh_fidelity_paged_kv,0,131,119,122,True,0
0,47,122,130,recent_tail,0,raw,raw,hot,100,0,0,hard,late_anchor_control,6.25,tmh_fidelity_paged_kv,1,131,119,122,True,0
0,31,1,121,prefill_payload,0,int8,int4,warm,25,75,50,hard,late_anchor_control,6.25,tmh_fidelity_paged_kv,2,131,119,122,True,0
32,47,1,121,late_layer_payload,0,int8,int8,warm,35,65,50,hard,late_anchor_control,6.25,tmh_fidelity_paged_kv,3,131,119,122,True,0
0,47,0,0,prompt_anchor,1,raw,raw,pinned,100,0,0,hard,decoy_collision,6.25,tmh_fidelity_paged_kv,0,143,127,134,True,0
0,47,134,142,recent_tail,0,raw,raw,hot,100,0,0,hard,decoy_collision,6.25,tmh_fidelity_paged_kv,1,143,127,134,True,0
0,31,1,133,prefill_payload,0,int8,int4,warm,25,75,50,hard,decoy_collision,6.25,tmh_fidelity_paged_kv,2,143,127,134,True,0
32,47,1,133,late_layer_payload,0,int8,int8,warm,35,65,50,hard,decoy_collision,6.25,tmh_fidelity_paged_kv,3,143,127,134,True,0
0,47,0,0,prompt_anchor,1,raw,raw,pinned,100,0,0,hard,routing_table,6.25,tmh_fidelity_paged_kv,0,140,124,131,True,0
0,47,131,139,recent_tail,0,raw,raw,hot,100,0,0,hard,routing_table,6.25,tmh_fidelity_paged_kv,1,140,124,131,True,0
0,31,1,130,prefill_payload,0,int8,int4,warm,25,75,50,hard,routing_table,6.25,tmh_fidelity_paged_kv,2,140,124,131,True,0
32,47,1,130,late_layer_payload,0,int8,int8,warm,35,65,50,hard,routing_table,6.25,tmh_fidelity_paged_kv,3,140,124,131,True,0
0,47,0,0,prompt_anchor,1,raw,raw,pinned,100,0,0,hard,structured_records,6.25,tmh_fidelity_paged_kv,0,145,125,135,True,0
0,47,135,144,recent_tail,0,raw,raw,hot,100,0,0,hard,structured_records,6.25,tmh_fidelity_paged_kv,1,145,125,135,True,0
0,31,1,134,prefill_payload,0,int8,int4,warm,25,75,50,hard,structured_records,6.25,tmh_fidelity_paged_kv,2,145,125,135,True,0
32,47,1,134,late_layer_payload,0,int8,int8,warm,35,65,50,hard,structured_records,6.25,tmh_fidelity_paged_kv,3,145,125,135,True,0
0,47,0,0,prompt_anchor,1,raw,raw,pinned,100,0,0,hard,instruction_persistence,6.25,tmh_fidelity_paged_kv,0,253,237,237,True,0
0,47,237,252,recent_tail,0,raw,raw,hot,100,0,0,hard,instruction_persistence,6.25,tmh_fidelity_paged_kv,1,253,237,237,True,0
0,31,1,236,prefill_payload,0,int8,int4,warm,25,75,50,hard,instruction_persistence,6.25,tmh_fidelity_paged_kv,2,253,237,237,True,0
32,47,1,236,late_layer_payload,0,int8,int8,warm,35,65,50,hard,instruction_persistence,6.25,tmh_fidelity_paged_kv,3,253,237,237,True,0
0,47,0,0,prompt_anchor,1,raw,raw,pinned,100,0,0,hard,multi_hop_bridge,6.25,tmh_fidelity_paged_kv,0,141,121,132,True,0
0,47,132,140,recent_tail,0,raw,raw,hot,100,0,0,hard,multi_hop_bridge,6.25,tmh_fidelity_paged_kv,1,141,121,132,True,0
0,31,1,131,prefill_payload,0,int8,int4,warm,25,75,50,hard,multi_hop_bridge,6.25,tmh_fidelity_paged_kv,2,141,121,132,True,0
32,47,1,131,late_layer_payload,0,int8,int8,warm,35,65,50,hard,multi_hop_bridge,6.25,tmh_fidelity_paged_kv,3,141,121,132,True,0
0,47,0,0,prompt_anchor,1,raw,raw,pinned,100,0,0,hard,payload_dense,6.25,tmh_fidelity_paged_kv,0,256,236,240,True,0
0,47,240,255,recent_tail,0,raw,raw,hot,100,0,0,hard,payload_dense,6.25,tmh_fidelity_paged_kv,1,256,236,240,True,0
0,31,1,239,prefill_payload,0,int8,int4,warm,25,75,50,hard,payload_dense,6.25,tmh_fidelity_paged_kv,2,256,236,240,True,0
32,47,1,239,late_layer_payload,0,int8,int8,warm,35,65,50,hard,payload_dense,6.25,tmh_fidelity_paged_kv,3,256,236,240,True,0
0,47,0,0,prompt_anchor,1,raw,raw,pinned,100,0,0,hard,long_generation_systems,6.25,tmh_fidelity_paged_kv,0,114,66,106,True,0
0,47,106,113,recent_tail,0,raw,raw,hot,100,0,0,hard,long_generation_systems,6.25,tmh_fidelity_paged_kv,1,114,66,106,True,0
0,31,1,105,prefill_payload,0,int8,int4,warm,25,75,50,hard,long_generation_systems,6.25,tmh_fidelity_paged_kv,2,114,66,106,True,0
32,47,1,105,late_layer_payload,0,int8,int8,warm,35,65,50,hard,long_generation_systems,6.25,tmh_fidelity_paged_kv,3,114,66,106,True,0
0,47,0,0,prompt_anchor,1,raw,raw,pinned,100,0,0,hard,early_anchor_long_tail,3.125,tmh_fidelity_paged_kv,0,248,236,240,True,0
0,47,240,247,recent_tail,0,raw,raw,hot,100,0,0,hard,early_anchor_long_tail,3.125,tmh_fidelity_paged_kv,1,248,236,240,True,0
0,31,1,239,prefill_payload,0,int8,int4,warm,25,75,50,hard,early_anchor_long_tail,3.125,tmh_fidelity_paged_kv,2,248,236,240,True,0
32,47,1,239,late_layer_payload,0,int8,int8,warm,35,65,50,hard,early_anchor_long_tail,3.125,tmh_fidelity_paged_kv,3,248,236,240,True,0
0,47,0,0,prompt_anchor,1,raw,raw,pinned,100,0,0,hard,middle_anchor_detour,3.125,tmh_fidelity_paged_kv,0,199,183,192,True,0
0,47,192,198,recent_tail,0,raw,raw,hot,100,0,0,hard,middle_anchor_detour,3.125,tmh_fidelity_paged_kv,1,199,183,192,True,0
0,31,1,191,prefill_payload,0,int8,int4,warm,25,75,50,hard,middle_anchor_detour,3.125,tmh_fidelity_paged_kv,2,199,183,192,True,0
32,47,1,191,late_layer_payload,0,int8,int8,warm,35,65,50,hard,middle_anchor_detour,3.125,tmh_fidelity_paged_kv,3,199,183,192,True,0
0,47,0,0,prompt_anchor,1,raw,raw,pinned,100,0,0,hard,late_anchor_control,3.125,tmh_fidelity_paged_kv,0,131,119,126,True,0
0,47,126,130,recent_tail,0,raw,raw,hot,100,0,0,hard,late_anchor_control,3.125,tmh_fidelity_paged_kv,1,131,119,126,True,0
0,31,1,125,prefill_payload,0,int8,int4,warm,25,75,50,hard,late_anchor_control,3.125,tmh_fidelity_paged_kv,2,131,119,126,True,0
32,47,1,125,late_layer_payload,0,int8,int8,warm,35,65,50,hard,late_anchor_control,3.125,tmh_fidelity_paged_kv,3,131,119,126,True,0
0,47,0,0,prompt_anchor,1,raw,raw,pinned,100,0,0,hard,decoy_collision,3.125,tmh_fidelity_paged_kv,0,143,127,138,True,0
0,47,138,142,recent_tail,0,raw,raw,hot,100,0,0,hard,decoy_collision,3.125,tmh_fidelity_paged_kv,1,143,127,138,True,0
0,31,1,137,prefill_payload,0,int8,int4,warm,25,75,50,hard,decoy_collision,3.125,tmh_fidelity_paged_kv,2,143,127,138,True,0
32,47,1,137,late_layer_payload,0,int8,int8,warm,35,65,50,hard,decoy_collision,3.125,tmh_fidelity_paged_kv,3,143,127,138,True,0
0,47,0,0,prompt_anchor,1,raw,raw,pinned,100,0,0,hard,routing_table,3.125,tmh_fidelity_paged_kv,0,140,124,135,True,0
0,47,135,139,recent_tail,0,raw,raw,hot,100,0,0,hard,routing_table,3.125,tmh_fidelity_paged_kv,1,140,124,135,True,0
0,31,1,134,prefill_payload,0,int8,int4,warm,25,75,50,hard,routing_table,3.125,tmh_fidelity_paged_kv,2,140,124,135,True,0
32,47,1,134,late_layer_payload,0,int8,int8,warm,35,65,50,hard,routing_table,3.125,tmh_fidelity_paged_kv,3,140,124,135,True,0
0,47,0,0,prompt_anchor,1,raw,raw,pinned,100,0,0,hard,structured_records,3.125,tmh_fidelity_paged_kv,0,145,125,140,True,0
0,47,140,144,recent_tail,0,raw,raw,hot,100,0,0,hard,structured_records,3.125,tmh_fidelity_paged_kv,1,145,125,140,True,0
0,31,1,139,prefill_payload,0,int8,int4,warm,25,75,50,hard,structured_records,3.125,tmh_fidelity_paged_kv,2,145,125,140,True,0
32,47,1,139,late_layer_payload,0,int8,int8,warm,35,65,50,hard,structured_records,3.125,tmh_fidelity_paged_kv,3,145,125,140,True,0
0,47,0,0,prompt_anchor,1,raw,raw,pinned,100,0,0,hard,instruction_persistence,3.125,tmh_fidelity_paged_kv,0,253,237,245,True,0
0,47,245,252,recent_tail,0,raw,raw,hot,100,0,0,hard,instruction_persistence,3.125,tmh_fidelity_paged_kv,1,253,237,245,True,0
0,31,1,244,prefill_payload,0,int8,int4,warm,25,75,50,hard,instruction_persistence,3.125,tmh_fidelity_paged_kv,2,253,237,245,True,0
32,47,1,244,late_layer_payload,0,int8,int8,warm,35,65,50,hard,instruction_persistence,3.125,tmh_fidelity_paged_kv,3,253,237,245,True,0
0,47,0,0,prompt_anchor,1,raw,raw,pinned,100,0,0,hard,multi_hop_bridge,3.125,tmh_fidelity_paged_kv,0,141,121,136,True,0
0,47,136,140,recent_tail,0,raw,raw,hot,100,0,0,hard,multi_hop_bridge,3.125,tmh_fidelity_paged_kv,1,141,121,136,True,0
0,31,1,135,prefill_payload,0,int8,int4,warm,25,75,50,hard,multi_hop_bridge,3.125,tmh_fidelity_paged_kv,2,141,121,136,True,0
32,47,1,135,late_layer_payload,0,int8,int8,warm,35,65,50,hard,multi_hop_bridge,3.125,tmh_fidelity_paged_kv,3,141,121,136,True,0
0,47,0,0,prompt_anchor,1,raw,raw,pinned,100,0,0,hard,payload_dense,3.125,tmh_fidelity_paged_kv,0,256,236,248,True,0
0,47,248,255,recent_tail,0,raw,raw,hot,100,0,0,hard,payload_dense,3.125,tmh_fidelity_paged_kv,1,256,236,248,True,0
0,31,1,247,prefill_payload,0,int8,int4,warm,25,75,50,hard,payload_dense,3.125,tmh_fidelity_paged_kv,2,256,236,248,True,0
32,47,1,247,late_layer_payload,0,int8,int8,warm,35,65,50,hard,payload_dense,3.125,tmh_fidelity_paged_kv,3,256,236,248,True,0
0,47,0,0,prompt_anchor,1,raw,raw,pinned,100,0,0,hard,long_generation_systems,3.125,tmh_fidelity_paged_kv,0,114,66,110,True,0
0,47,110,113,recent_tail,0,raw,raw,hot,100,0,0,hard,long_generation_systems,3.125,tmh_fidelity_paged_kv,1,114,66,110,True,0
0,31,1,109,prefill_payload,0,int8,int4,warm,25,75,50,hard,long_generation_systems,3.125,tmh_fidelity_paged_kv,2,114,66,110,True,0
32,47,1,109,late_layer_payload,0,int8,int8,warm,35,65,50,hard,long_generation_systems,3.125,tmh_fidelity_paged_kv,3,114,66,110,True,0
0,47,0,0,prompt_anchor,1,raw,raw,pinned,100,0,0,hard,early_anchor_long_tail,0.0,tmh_fidelity_paged_kv,0,248,236,248,True,0
0,31,1,247,prefill_payload,0,int8,int4,warm,25,75,50,hard,early_anchor_long_tail,0.0,tmh_fidelity_paged_kv,1,248,236,248,True,0
32,47,1,247,late_layer_payload,0,int8,int8,warm,35,65,50,hard,early_anchor_long_tail,0.0,tmh_fidelity_paged_kv,2,248,236,248,True,0
0,47,0,0,prompt_anchor,1,raw,raw,pinned,100,0,0,hard,middle_anchor_detour,0.0,tmh_fidelity_paged_kv,0,199,183,199,True,0
0,31,1,198,prefill_payload,0,int8,int4,warm,25,75,50,hard,middle_anchor_detour,0.0,tmh_fidelity_paged_kv,1,199,183,199,True,0
32,47,1,198,late_layer_payload,0,int8,int8,warm,35,65,50,hard,middle_anchor_detour,0.0,tmh_fidelity_paged_kv,2,199,183,199,True,0
0,47,0,0,prompt_anchor,1,raw,raw,pinned,100,0,0,hard,late_anchor_control,0.0,tmh_fidelity_paged_kv,0,131,119,131,True,0
0,31,1,130,prefill_payload,0,int8,int4,warm,25,75,50,hard,late_anchor_control,0.0,tmh_fidelity_paged_kv,1,131,119,131,True,0
32,47,1,130,late_layer_payload,0,int8,int8,warm,35,65,50,hard,late_anchor_control,0.0,tmh_fidelity_paged_kv,2,131,119,131,True,0
0,47,0,0,prompt_anchor,1,raw,raw,pinned,100,0,0,hard,decoy_collision,0.0,tmh_fidelity_paged_kv,0,143,127,143,True,0
0,31,1,142,prefill_payload,0,int8,int4,warm,25,75,50,hard,decoy_collision,0.0,tmh_fidelity_paged_kv,1,143,127,143,True,0
32,47,1,142,late_layer_payload,0,int8,int8,warm,35,65,50,hard,decoy_collision,0.0,tmh_fidelity_paged_kv,2,143,127,143,True,0
0,47,0,0,prompt_anchor,1,raw,raw,pinned,100,0,0,hard,routing_table,0.0,tmh_fidelity_paged_kv,0,140,124,140,True,0
0,31,1,139,prefill_payload,0,int8,int4,warm,25,75,50,hard,routing_table,0.0,tmh_fidelity_paged_kv,1,140,124,140,True,0
32,47,1,139,late_layer_payload,0,int8,int8,warm,35,65,50,hard,routing_table,0.0,tmh_fidelity_paged_kv,2,140,124,140,True,0
0,47,0,0,prompt_anchor,1,raw,raw,pinned,100,0,0,hard,structured_records,0.0,tmh_fidelity_paged_kv,0,145,125,145,True,0
0,31,1,144,prefill_payload,0,int8,int4,warm,25,75,50,hard,structured_records,0.0,tmh_fidelity_paged_kv,1,145,125,145,True,0
32,47,1,144,late_layer_payload,0,int8,int8,warm,35,65,50,hard,structured_records,0.0,tmh_fidelity_paged_kv,2,145,125,145,True,0
0,47,0,0,prompt_anchor,1,raw,raw,pinned,100,0,0,hard,instruction_persistence,0.0,tmh_fidelity_paged_kv,0,253,237,253,True,0
0,31,1,252,prefill_payload,0,int8,int4,warm,25,75,50,hard,instruction_persistence,0.0,tmh_fidelity_paged_kv,1,253,237,253,True,0
32,47,1,252,late_layer_payload,0,int8,int8,warm,35,65,50,hard,instruction_persistence,0.0,tmh_fidelity_paged_kv,2,253,237,253,True,0
0,47,0,0,prompt_anchor,1,raw,raw,pinned,100,0,0,hard,multi_hop_bridge,0.0,tmh_fidelity_paged_kv,0,141,121,141,True,0
0,31,1,140,prefill_payload,0,int8,int4,warm,25,75,50,hard,multi_hop_bridge,0.0,tmh_fidelity_paged_kv,1,141,121,141,True,0
32,47,1,140,late_layer_payload,0,int8,int8,warm,35,65,50,hard,multi_hop_bridge,0.0,tmh_fidelity_paged_kv,2,141,121,141,True,0
0,47,0,0,prompt_anchor,1,raw,raw,pinned,100,0,0,hard,payload_dense,0.0,tmh_fidelity_paged_kv,0,256,236,256,True,0
0,31,1,255,prefill_payload,0,int8,int4,warm,25,75,50,hard,payload_dense,0.0,tmh_fidelity_paged_kv,1,256,236,256,True,0
32,47,1,255,late_layer_payload,0,int8,int8,warm,35,65,50,hard,payload_dense,0.0,tmh_fidelity_paged_kv,2,256,236,256,True,0
0,47,0,0,prompt_anchor,1,raw,raw,pinned,100,0,0,hard,long_generation_systems,0.0,tmh_fidelity_paged_kv,0,114,66,114,True,0
0,31,1,113,prefill_payload,0,int8,int4,warm,25,75,50,hard,long_generation_systems,0.0,tmh_fidelity_paged_kv,1,114,66,114,True,0
32,47,1,113,late_layer_payload,0,int8,int8,warm,35,65,50,hard,long_generation_systems,0.0,tmh_fidelity_paged_kv,2,114,66,114,True,0
0,47,0,0,prompt_anchor,1,raw,raw,pinned,100,0,0,hard,early_anchor_long_tail,75.0,tmh_fidelity_paged_kv,0,124,118,31,True,0
0,47,31,123,recent_tail,0,raw,raw,hot,100,0,0,hard,early_anchor_long_tail,75.0,tmh_fidelity_paged_kv,1,124,118,31,True,0
0,31,1,30,prefill_payload,0,int8,int4,warm,25,75,50,hard,early_anchor_long_tail,75.0,tmh_fidelity_paged_kv,2,124,118,31,True,0
32,47,1,30,late_layer_payload,0,int8,int8,warm,35,65,50,hard,early_anchor_long_tail,75.0,tmh_fidelity_paged_kv,3,124,118,31,True,0
0,47,0,0,prompt_anchor,1,raw,raw,pinned,100,0,0,hard,middle_anchor_detour,75.0,tmh_fidelity_paged_kv,0,100,92,25,True,0
0,47,25,99,recent_tail,0,raw,raw,hot,100,0,0,hard,middle_anchor_detour,75.0,tmh_fidelity_paged_kv,1,100,92,25,True,0
0,31,1,24,prefill_payload,0,int8,int4,warm,25,75,50,hard,middle_anchor_detour,75.0,tmh_fidelity_paged_kv,2,100,92,25,True,0
32,47,1,24,late_layer_payload,0,int8,int8,warm,35,65,50,hard,middle_anchor_detour,75.0,tmh_fidelity_paged_kv,3,100,92,25,True,0
0,47,0,0,prompt_anchor,1,raw,raw,pinned,100,0,0,hard,late_anchor_control,75.0,tmh_fidelity_paged_kv,0,66,60,16,True,0
0,47,16,65,recent_tail,0,raw,raw,hot,100,0,0,hard,late_anchor_control,75.0,tmh_fidelity_paged_kv,1,66,60,16,True,0
0,31,1,15,prefill_payload,0,int8,int4,warm,25,75,50,hard,late_anchor_control,75.0,tmh_fidelity_paged_kv,2,66,60,16,True,0
32,47,1,15,late_layer_payload,0,int8,int8,warm,35,65,50,hard,late_anchor_control,75.0,tmh_fidelity_paged_kv,3,66,60,16,True,0
0,47,0,0,prompt_anchor,1,raw,raw,pinned,100,0,0,hard,decoy_collision,75.0,tmh_fidelity_paged_kv,0,72,64,18,True,0
0,47,18,71,recent_tail,0,raw,raw,hot,100,0,0,hard,decoy_collision,75.0,tmh_fidelity_paged_kv,1,72,64,18,True,0
0,31,1,17,prefill_payload,0,int8,int4,warm,25,75,50,hard,decoy_collision,75.0,tmh_fidelity_paged_kv,2,72,64,18,True,0
32,47,1,17,late_layer_payload,0,int8,int8,warm,35,65,50,hard,decoy_collision,75.0,tmh_fidelity_paged_kv,3,72,64,18,True,0
0,47,0,0,prompt_anchor,1,raw,raw,pinned,100,0,0,hard,routing_table,75.0,tmh_fidelity_paged_kv,0,70,62,17,True,0
0,47,17,69,recent_tail,0,raw,raw,hot,100,0,0,hard,routing_table,75.0,tmh_fidelity_paged_kv,1,70,62,17,True,0
0,31,1,16,prefill_payload,0,int8,int4,warm,25,75,50,hard,routing_table,75.0,tmh_fidelity_paged_kv,2,70,62,17,True,0
32,47,1,16,late_layer_payload,0,int8,int8,warm,35,65,50,hard,routing_table,75.0,tmh_fidelity_paged_kv,3,70,62,17,True,0
0,47,0,0,prompt_anchor,1,raw,raw,pinned,100,0,0,hard,structured_records,75.0,tmh_fidelity_paged_kv,0,73,63,18,True,0
0,47,18,72,recent_tail,0,raw,raw,hot,100,0,0,hard,structured_records,75.0,tmh_fidelity_paged_kv,1,73,63,18,True,0
0,31,1,17,prefill_payload,0,int8,int4,warm,25,75,50,hard,structured_records,75.0,tmh_fidelity_paged_kv,2,73,63,18,True,0
32,47,1,17,late_layer_payload,0,int8,int8,warm,35,65,50,hard,structured_records,75.0,tmh_fidelity_paged_kv,3,73,63,18,True,0
0,47,0,0,prompt_anchor,1,raw,raw,pinned,100,0,0,hard,instruction_persistence,75.0,tmh_fidelity_paged_kv,0,127,119,31,True,0
0,47,31,126,recent_tail,0,raw,raw,hot,100,0,0,hard,instruction_persistence,75.0,tmh_fidelity_paged_kv,1,127,119,31,True,0
0,31,1,30,prefill_payload,0,int8,int4,warm,25,75,50,hard,instruction_persistence,75.0,tmh_fidelity_paged_kv,2,127,119,31,True,0
32,47,1,30,late_layer_payload,0,int8,int8,warm,35,65,50,hard,instruction_persistence,75.0,tmh_fidelity_paged_kv,3,127,119,31,True,0
0,47,0,0,prompt_anchor,1,raw,raw,pinned,100,0,0,hard,multi_hop_bridge,75.0,tmh_fidelity_paged_kv,0,71,61,17,True,0
0,47,17,70,recent_tail,0,raw,raw,hot,100,0,0,hard,multi_hop_bridge,75.0,tmh_fidelity_paged_kv,1,71,61,17,True,0
0,31,1,16,prefill_payload,0,int8,int4,warm,25,75,50,hard,multi_hop_bridge,75.0,tmh_fidelity_paged_kv,2,71,61,17,True,0
32,47,1,16,late_layer_payload,0,int8,int8,warm,35,65,50,hard,multi_hop_bridge,75.0,tmh_fidelity_paged_kv,3,71,61,17,True,0
0,47,0,0,prompt_anchor,1,raw,raw,pinned,100,0,0,hard,payload_dense,75.0,tmh_fidelity_paged_kv,0,128,118,32,True,0
0,47,32,127,recent_tail,0,raw,raw,hot,100,0,0,hard,payload_dense,75.0,tmh_fidelity_paged_kv,1,128,118,32,True,0
0,31,1,31,prefill_payload,0,int8,int4,warm,25,75,50,hard,payload_dense,75.0,tmh_fidelity_paged_kv,2,128,118,32,True,0
32,47,1,31,late_layer_payload,0,int8,int8,warm,35,65,50,hard,payload_dense,75.0,tmh_fidelity_paged_kv,3,128,118,32,True,0
0,47,0,0,prompt_anchor,1,raw,raw,pinned,100,0,0,hard,long_generation_systems,75.0,tmh_fidelity_paged_kv,0,57,33,14,True,0
0,47,14,56,recent_tail,0,raw,raw,hot,100,0,0,hard,long_generation_systems,75.0,tmh_fidelity_paged_kv,1,57,33,14,True,0
0,31,1,13,prefill_payload,0,int8,int4,warm,25,75,50,hard,long_generation_systems,75.0,tmh_fidelity_paged_kv,2,57,33,14,True,0
32,47,1,13,late_layer_payload,0,int8,int8,warm,35,65,50,hard,long_generation_systems,75.0,tmh_fidelity_paged_kv,3,57,33,14,True,0
0,47,0,0,prompt_anchor,1,raw,raw,pinned,100,0,0,hard,early_anchor_long_tail,50.0,tmh_fidelity_paged_kv,0,124,118,62,True,0
0,47,62,123,recent_tail,0,raw,raw,hot,100,0,0,hard,early_anchor_long_tail,50.0,tmh_fidelity_paged_kv,1,124,118,62,True,0
0,31,1,61,prefill_payload,0,int8,int4,warm,25,75,50,hard,early_anchor_long_tail,50.0,tmh_fidelity_paged_kv,2,124,118,62,True,0
32,47,1,61,late_layer_payload,0,int8,int8,warm,35,65,50,hard,early_anchor_long_tail,50.0,tmh_fidelity_paged_kv,3,124,118,62,True,0
0,47,0,0,prompt_anchor,1,raw,raw,pinned,100,0,0,hard,middle_anchor_detour,50.0,tmh_fidelity_paged_kv,0,100,92,50,True,0
0,47,50,99,recent_tail,0,raw,raw,hot,100,0,0,hard,middle_anchor_detour,50.0,tmh_fidelity_paged_kv,1,100,92,50,True,0
0,31,1,49,prefill_payload,0,int8,int4,warm,25,75,50,hard,middle_anchor_detour,50.0,tmh_fidelity_paged_kv,2,100,92,50,True,0
32,47,1,49,late_layer_payload,0,int8,int8,warm,35,65,50,hard,middle_anchor_detour,50.0,tmh_fidelity_paged_kv,3,100,92,50,True,0
0,47,0,0,prompt_anchor,1,raw,raw,pinned,100,0,0,hard,late_anchor_control,50.0,tmh_fidelity_paged_kv,0,66,60,33,True,0
0,47,33,65,recent_tail,0,raw,raw,hot,100,0,0,hard,late_anchor_control,50.0,tmh_fidelity_paged_kv,1,66,60,33,True,0
0,31,1,32,prefill_payload,0,int8,int4,warm,25,75,50,hard,late_anchor_control,50.0,tmh_fidelity_paged_kv,2,66,60,33,True,0
32,47,1,32,late_layer_payload,0,int8,int8,warm,35,65,50,hard,late_anchor_control,50.0,tmh_fidelity_paged_kv,3,66,60,33,True,0
0,47,0,0,prompt_anchor,1,raw,raw,pinned,100,0,0,hard,decoy_collision,50.0,tmh_fidelity_paged_kv,0,72,64,36,True,0
0,47,36,71,recent_tail,0,raw,raw,hot,100,0,0,hard,decoy_collision,50.0,tmh_fidelity_paged_kv,1,72,64,36,True,0
0,31,1,35,prefill_payload,0,int8,int4,warm,25,75,50,hard,decoy_collision,50.0,tmh_fidelity_paged_kv,2,72,64,36,True,0
32,47,1,35,late_layer_payload,0,int8,int8,warm,35,65,50,hard,decoy_collision,50.0,tmh_fidelity_paged_kv,3,72,64,36,True,0
0,47,0,0,prompt_anchor,1,raw,raw,pinned,100,0,0,hard,routing_table,50.0,tmh_fidelity_paged_kv,0,70,62,35,True,0
0,47,35,69,recent_tail,0,raw,raw,hot,100,0,0,hard,routing_table,50.0,tmh_fidelity_paged_kv,1,70,62,35,True,0
0,31,1,34,prefill_payload,0,int8,int4,warm,25,75,50,hard,routing_table,50.0,tmh_fidelity_paged_kv,2,70,62,35,True,0
32,47,1,34,late_layer_payload,0,int8,int8,warm,35,65,50,hard,routing_table,50.0,tmh_fidelity_paged_kv,3,70,62,35,True,0
0,47,0,0,prompt_anchor,1,raw,raw,pinned,100,0,0,hard,structured_records,50.0,tmh_fidelity_paged_kv,0,73,63,36,True,0
0,47,36,72,recent_tail,0,raw,raw,hot,100,0,0,hard,structured_records,50.0,tmh_fidelity_paged_kv,1,73,63,36,True,0
0,31,1,35,prefill_payload,0,int8,int4,warm,25,75,50,hard,structured_records,50.0,tmh_fidelity_paged_kv,2,73,63,36,True,0
32,47,1,35,late_layer_payload,0,int8,int8,warm,35,65,50,hard,structured_records,50.0,tmh_fidelity_paged_kv,3,73,63,36,True,0
0,47,0,0,prompt_anchor,1,raw,raw,pinned,100,0,0,hard,instruction_persistence,50.0,tmh_fidelity_paged_kv,0,127,119,63,True,0
0,47,63,126,recent_tail,0,raw,raw,hot,100,0,0,hard,instruction_persistence,50.0,tmh_fidelity_paged_kv,1,127,119,63,True,0
0,31,1,62,prefill_payload,0,int8,int4,warm,25,75,50,hard,instruction_persistence,50.0,tmh_fidelity_paged_kv,2,127,119,63,True,0
32,47,1,62,late_layer_payload,0,int8,int8,warm,35,65,50,hard,instruction_persistence,50.0,tmh_fidelity_paged_kv,3,127,119,63,True,0
0,47,0,0,prompt_anchor,1,raw,raw,pinned,100,0,0,hard,multi_hop_bridge,50.0,tmh_fidelity_paged_kv,0,71,61,35,True,0
0,47,35,70,recent_tail,0,raw,raw,hot,100,0,0,hard,multi_hop_bridge,50.0,tmh_fidelity_paged_kv,1,71,61,35,True,0
0,31,1,34,prefill_payload,0,int8,int4,warm,25,75,50,hard,multi_hop_bridge,50.0,tmh_fidelity_paged_kv,2,71,61,35,True,0
32,47,1,34,late_layer_payload,0,int8,int8,warm,35,65,50,hard,multi_hop_bridge,50.0,tmh_fidelity_paged_kv,3,71,61,35,True,0
0,47,0,0,prompt_anchor,1,raw,raw,pinned,100,0,0,hard,payload_dense,50.0,tmh_fidelity_paged_kv,0,128,118,64,True,0
0,47,64,127,recent_tail,0,raw,raw,hot,100,0,0,hard,payload_dense,50.0,tmh_fidelity_paged_kv,1,128,118,64,True,0
0,31,1,63,prefill_payload,0,int8,int4,warm,25,75,50,hard,payload_dense,50.0,tmh_fidelity_paged_kv,2,128,118,64,True,0
32,47,1,63,late_layer_payload,0,int8,int8,warm,35,65,50,hard,payload_dense,50.0,tmh_fidelity_paged_kv,3,128,118,64,True,0
0,47,0,0,prompt_anchor,1,raw,raw,pinned,100,0,0,hard,long_generation_systems,50.0,tmh_fidelity_paged_kv,0,57,33,28,True,0
0,47,28,56,recent_tail,0,raw,raw,hot,100,0,0,hard,long_generation_systems,50.0,tmh_fidelity_paged_kv,1,57,33,28,True,0
0,31,1,27,prefill_payload,0,int8,int4,warm,25,75,50,hard,long_generation_systems,50.0,tmh_fidelity_paged_kv,2,57,33,28,True,0
32,47,1,27,late_layer_payload,0,int8,int8,warm,35,65,50,hard,long_generation_systems,50.0,tmh_fidelity_paged_kv,3,57,33,28,True,0
0,47,0,0,prompt_anchor,1,raw,raw,pinned,100,0,0,hard,early_anchor_long_tail,25.0,tmh_fidelity_paged_kv,0,124,118,93,True,0
0,47,93,123,recent_tail,0,raw,raw,hot,100,0,0,hard,early_anchor_long_tail,25.0,tmh_fidelity_paged_kv,1,124,118,93,True,0
0,31,1,92,prefill_payload,0,int8,int4,warm,25,75,50,hard,early_anchor_long_tail,25.0,tmh_fidelity_paged_kv,2,124,118,93,True,0
32,47,1,92,late_layer_payload,0,int8,int8,warm,35,65,50,hard,early_anchor_long_tail,25.0,tmh_fidelity_paged_kv,3,124,118,93,True,0
0,47,0,0,prompt_anchor,1,raw,raw,pinned,100,0,0,hard,middle_anchor_detour,25.0,tmh_fidelity_paged_kv,0,100,92,75,True,0
0,47,75,99,recent_tail,0,raw,raw,hot,100,0,0,hard,middle_anchor_detour,25.0,tmh_fidelity_paged_kv,1,100,92,75,True,0
0,31,1,74,prefill_payload,0,int8,int4,warm,25,75,50,hard,middle_anchor_detour,25.0,tmh_fidelity_paged_kv,2,100,92,75,True,0
32,47,1,74,late_layer_payload,0,int8,int8,warm,35,65,50,hard,middle_anchor_detour,25.0,tmh_fidelity_paged_kv,3,100,92,75,True,0
0,47,0,0,prompt_anchor,1,raw,raw,pinned,100,0,0,hard,late_anchor_control,25.0,tmh_fidelity_paged_kv,0,66,60,49,True,0
0,47,49,65,recent_tail,0,raw,raw,hot,100,0,0,hard,late_anchor_control,25.0,tmh_fidelity_paged_kv,1,66,60,49,True,0
0,31,1,48,prefill_payload,0,int8,int4,warm,25,75,50,hard,late_anchor_control,25.0,tmh_fidelity_paged_kv,2,66,60,49,True,0
32,47,1,48,late_layer_payload,0,int8,int8,warm,35,65,50,hard,late_anchor_control,25.0,tmh_fidelity_paged_kv,3,66,60,49,True,0
0,47,0,0,prompt_anchor,1,raw,raw,pinned,100,0,0,hard,decoy_collision,25.0,tmh_fidelity_paged_kv,0,72,64,54,True,0
0,47,54,71,recent_tail,0,raw,raw,hot,100,0,0,hard,decoy_collision,25.0,tmh_fidelity_paged_kv,1,72,64,54,True,0
0,31,1,53,prefill_payload,0,int8,int4,warm,25,75,50,hard,decoy_collision,25.0,tmh_fidelity_paged_kv,2,72,64,54,True,0
32,47,1,53,late_layer_payload,0,int8,int8,warm,35,65,50,hard,decoy_collision,25.0,tmh_fidelity_paged_kv,3,72,64,54,True,0
0,47,0,0,prompt_anchor,1,raw,raw,pinned,100,0,0,hard,routing_table,25.0,tmh_fidelity_paged_kv,0,70,62,52,True,0
0,47,52,69,recent_tail,0,raw,raw,hot,100,0,0,hard,routing_table,25.0,tmh_fidelity_paged_kv,1,70,62,52,True,0
0,31,1,51,prefill_payload,0,int8,int4,warm,25,75,50,hard,routing_table,25.0,tmh_fidelity_paged_kv,2,70,62,52,True,0
32,47,1,51,late_layer_payload,0,int8,int8,warm,35,65,50,hard,routing_table,25.0,tmh_fidelity_paged_kv,3,70,62,52,True,0
0,47,0,0,prompt_anchor,1,raw,raw,pinned,100,0,0,hard,structured_records,25.0,tmh_fidelity_paged_kv,0,73,63,54,True,0
0,47,54,72,recent_tail,0,raw,raw,hot,100,0,0,hard,structured_records,25.0,tmh_fidelity_paged_kv,1,73,63,54,True,0
0,31,1,53,prefill_payload,0,int8,int4,warm,25,75,50,hard,structured_records,25.0,tmh_fidelity_paged_kv,2,73,63,54,True,0
32,47,1,53,late_layer_payload,0,int8,int8,warm,35,65,50,hard,structured_records,25.0,tmh_fidelity_paged_kv,3,73,63,54,True,0
0,47,0,0,prompt_anchor,1,raw,raw,pinned,100,0,0,hard,instruction_persistence,25.0,tmh_fidelity_paged_kv,0,127,119,95,True,0
0,47,95,126,recent_tail,0,raw,raw,hot,100,0,0,hard,instruction_persistence,25.0,tmh_fidelity_paged_kv,1,127,119,95,True,0
0,31,1,94,prefill_payload,0,int8,int4,warm,25,75,50,hard,instruction_persistence,25.0,tmh_fidelity_paged_kv,2,127,119,95,True,0
32,47,1,94,late_layer_payload,0,int8,int8,warm,35,65,50,hard,instruction_persistence,25.0,tmh_fidelity_paged_kv,3,127,119,95,True,0
0,47,0,0,prompt_anchor,1,raw,raw,pinned,100,0,0,hard,multi_hop_bridge,25.0,tmh_fidelity_paged_kv,0,71,61,53,True,0
0,47,53,70,recent_tail,0,raw,raw,hot,100,0,0,hard,multi_hop_bridge,25.0,tmh_fidelity_paged_kv,1,71,61,53,True,0
0,31,1,52,prefill_payload,0,int8,int4,warm,25,75,50,hard,multi_hop_bridge,25.0,tmh_fidelity_paged_kv,2,71,61,53,True,0
32,47,1,52,late_layer_payload,0,int8,int8,warm,35,65,50,hard,multi_hop_bridge,25.0,tmh_fidelity_paged_kv,3,71,61,53,True,0
0,47,0,0,prompt_anchor,1,raw,raw,pinned,100,0,0,hard,payload_dense,25.0,tmh_fidelity_paged_kv,0,128,118,96,True,0
0,47,96,127,recent_tail,0,raw,raw,hot,100,0,0,hard,payload_dense,25.0,tmh_fidelity_paged_kv,1,128,118,96,True,0
0,31,1,95,prefill_payload,0,int8,int4,warm,25,75,50,hard,payload_dense,25.0,tmh_fidelity_paged_kv,2,128,118,96,True,0
32,47,1,95,late_layer_payload,0,int8,int8,warm,35,65,50,hard,payload_dense,25.0,tmh_fidelity_paged_kv,3,128,118,96,True,0
0,47,0,0,prompt_anchor,1,raw,raw,pinned,100,0,0,hard,long_generation_systems,25.0,tmh_fidelity_paged_kv,0,57,33,42,True,0
0,47,42,56,recent_tail,0,raw,raw,hot,100,0,0,hard,long_generation_systems,25.0,tmh_fidelity_paged_kv,1,57,33,42,True,0
0,31,1,41,prefill_payload,0,int8,int4,warm,25,75,50,hard,long_generation_systems,25.0,tmh_fidelity_paged_kv,2,57,33,42,True,0
32,47,1,41,late_layer_payload,0,int8,int8,warm,35,65,50,hard,long_generation_systems,25.0,tmh_fidelity_paged_kv,3,57,33,42,True,0
0,47,0,0,prompt_anchor,1,raw,raw,pinned,100,0,0,hard,early_anchor_long_tail,12.5,tmh_fidelity_paged_kv,0,124,118,108,True,0
0,47,108,123,recent_tail,0,raw,raw,hot,100,0,0,hard,early_anchor_long_tail,12.5,tmh_fidelity_paged_kv,1,124,118,108,True,0
0,31,1,107,prefill_payload,0,int8,int4,warm,25,75,50,hard,early_anchor_long_tail,12.5,tmh_fidelity_paged_kv,2,124,118,108,True,0
32,47,1,107,late_layer_payload,0,int8,int8,warm,35,65,50,hard,early_anchor_long_tail,12.5,tmh_fidelity_paged_kv,3,124,118,108,True,0
0,47,0,0,prompt_anchor,1,raw,raw,pinned,100,0,0,hard,middle_anchor_detour,12.5,tmh_fidelity_paged_kv,0,100,92,87,True,0
0,47,87,99,recent_tail,0,raw,raw,hot,100,0,0,hard,middle_anchor_detour,12.5,tmh_fidelity_paged_kv,1,100,92,87,True,0
0,31,1,86,prefill_payload,0,int8,int4,warm,25,75,50,hard,middle_anchor_detour,12.5,tmh_fidelity_paged_kv,2,100,92,87,True,0
32,47,1,86,late_layer_payload,0,int8,int8,warm,35,65,50,hard,middle_anchor_detour,12.5,tmh_fidelity_paged_kv,3,100,92,87,True,0
0,47,0,0,prompt_anchor,1,raw,raw,pinned,100,0,0,hard,late_anchor_control,12.5,tmh_fidelity_paged_kv,0,66,60,57,True,0
0,47,57,65,recent_tail,0,raw,raw,hot,100,0,0,hard,late_anchor_control,12.5,tmh_fidelity_paged_kv,1,66,60,57,True,0
0,31,1,56,prefill_payload,0,int8,int4,warm,25,75,50,hard,late_anchor_control,12.5,tmh_fidelity_paged_kv,2,66,60,57,True,0
32,47,1,56,late_layer_payload,0,int8,int8,warm,35,65,50,hard,late_anchor_control,12.5,tmh_fidelity_paged_kv,3,66,60,57,True,0
0,47,0,0,prompt_anchor,1,raw,raw,pinned,100,0,0,hard,decoy_collision,12.5,tmh_fidelity_paged_kv,0,72,64,63,True,0
0,47,63,71,recent_tail,0,raw,raw,hot,100,0,0,hard,decoy_collision,12.5,tmh_fidelity_paged_kv,1,72,64,63,True,0
0,31,1,62,prefill_payload,0,int8,int4,warm,25,75,50,hard,decoy_collision,12.5,tmh_fidelity_paged_kv,2,72,64,63,True,0
32,47,1,62,late_layer_payload,0,int8,int8,warm,35,65,50,hard,decoy_collision,12.5,tmh_fidelity_paged_kv,3,72,64,63,True,0
0,47,0,0,prompt_anchor,1,raw,raw,pinned,100,0,0,hard,routing_table,12.5,tmh_fidelity_paged_kv,0,70,62,61,True,0
0,47,61,69,recent_tail,0,raw,raw,hot,100,0,0,hard,routing_table,12.5,tmh_fidelity_paged_kv,1,70,62,61,True,0
0,31,1,60,prefill_payload,0,int8,int4,warm,25,75,50,hard,routing_table,12.5,tmh_fidelity_paged_kv,2,70,62,61,True,0
32,47,1,60,late_layer_payload,0,int8,int8,warm,35,65,50,hard,routing_table,12.5,tmh_fidelity_paged_kv,3,70,62,61,True,0
0,47,0,0,prompt_anchor,1,raw,raw,pinned,100,0,0,hard,structured_records,12.5,tmh_fidelity_paged_kv,0,73,63,63,True,0
0,47,63,72,recent_tail,0,raw,raw,hot,100,0,0,hard,structured_records,12.5,tmh_fidelity_paged_kv,1,73,63,63,True,0
0,31,1,62,prefill_payload,0,int8,int4,warm,25,75,50,hard,structured_records,12.5,tmh_fidelity_paged_kv,2,73,63,63,True,0
32,47,1,62,late_layer_payload,0,int8,int8,warm,35,65,50,hard,structured_records,12.5,tmh_fidelity_paged_kv,3,73,63,63,True,0
0,47,0,0,prompt_anchor,1,raw,raw,pinned,100,0,0,hard,instruction_persistence,12.5,tmh_fidelity_paged_kv,0,127,119,111,True,0
0,47,111,126,recent_tail,0,raw,raw,hot,100,0,0,hard,instruction_persistence,12.5,tmh_fidelity_paged_kv,1,127,119,111,True,0
0,31,1,110,prefill_payload,0,int8,int4,warm,25,75,50,hard,instruction_persistence,12.5,tmh_fidelity_paged_kv,2,127,119,111,True,0
32,47,1,110,late_layer_payload,0,int8,int8,warm,35,65,50,hard,instruction_persistence,12.5,tmh_fidelity_paged_kv,3,127,119,111,True,0
0,47,0,0,prompt_anchor,1,raw,raw,pinned,100,0,0,hard,multi_hop_bridge,12.5,tmh_fidelity_paged_kv,0,71,61,62,True,0
0,47,62,70,recent_tail,0,raw,raw,hot,100,0,0,hard,multi_hop_bridge,12.5,tmh_fidelity_paged_kv,1,71,61,62,True,0
0,31,1,61,prefill_payload,0,int8,int4,warm,25,75,50,hard,multi_hop_bridge,12.5,tmh_fidelity_paged_kv,2,71,61,62,True,0
32,47,1,61,late_layer_payload,0,int8,int8,warm,35,65,50,hard,multi_hop_bridge,12.5,tmh_fidelity_paged_kv,3,71,61,62,True,0
0,47,0,0,prompt_anchor,1,raw,raw,pinned,100,0,0,hard,payload_dense,12.5,tmh_fidelity_paged_kv,0,128,118,112,True,0
0,47,112,127,recent_tail,0,raw,raw,hot,100,0,0,hard,payload_dense,12.5,tmh_fidelity_paged_kv,1,128,118,112,True,0
0,31,1,111,prefill_payload,0,int8,int4,warm,25,75,50,hard,payload_dense,12.5,tmh_fidelity_paged_kv,2,128,118,112,True,0
32,47,1,111,late_layer_payload,0,int8,int8,warm,35,65,50,hard,payload_dense,12.5,tmh_fidelity_paged_kv,3,128,118,112,True,0
0,47,0,0,prompt_anchor,1,raw,raw,pinned,100,0,0,hard,long_generation_systems,12.5,tmh_fidelity_paged_kv,0,57,33,49,True,0
0,47,49,56,recent_tail,0,raw,raw,hot,100,0,0,hard,long_generation_systems,12.5,tmh_fidelity_paged_kv,1,57,33,49,True,0
0,31,1,48,prefill_payload,0,int8,int4,warm,25,75,50,hard,long_generation_systems,12.5,tmh_fidelity_paged_kv,2,57,33,49,True,0
32,47,1,48,late_layer_payload,0,int8,int8,warm,35,65,50,hard,long_generation_systems,12.5,tmh_fidelity_paged_kv,3,57,33,49,True,0
0,47,0,0,prompt_anchor,1,raw,raw,pinned,100,0,0,hard,early_anchor_long_tail,6.25,tmh_fidelity_paged_kv,0,124,118,116,True,0
0,47,116,123,recent_tail,0,raw,raw,hot,100,0,0,hard,early_anchor_long_tail,6.25,tmh_fidelity_paged_kv,1,124,118,116,True,0
0,31,1,115,prefill_payload,0,int8,int4,warm,25,75,50,hard,early_anchor_long_tail,6.25,tmh_fidelity_paged_kv,2,124,118,116,True,0
32,47,1,115,late_layer_payload,0,int8,int8,warm,35,65,50,hard,early_anchor_long_tail,6.25,tmh_fidelity_paged_kv,3,124,118,116,True,0
0,47,0,0,prompt_anchor,1,raw,raw,pinned,100,0,0,hard,middle_anchor_detour,6.25,tmh_fidelity_paged_kv,0,100,92,93,True,0
0,47,93,99,recent_tail,0,raw,raw,hot,100,0,0,hard,middle_anchor_detour,6.25,tmh_fidelity_paged_kv,1,100,92,93,True,0
0,31,1,92,prefill_payload,0,int8,int4,warm,25,75,50,hard,middle_anchor_detour,6.25,tmh_fidelity_paged_kv,2,100,92,93,True,0
32,47,1,92,late_layer_payload,0,int8,int8,warm,35,65,50,hard,middle_anchor_detour,6.25,tmh_fidelity_paged_kv,3,100,92,93,True,0
0,47,0,0,prompt_anchor,1,raw,raw,pinned,100,0,0,hard,late_anchor_control,6.25,tmh_fidelity_paged_kv,0,66,60,61,True,0
0,47,61,65,recent_tail,0,raw,raw,hot,100,0,0,hard,late_anchor_control,6.25,tmh_fidelity_paged_kv,1,66,60,61,True,0
0,31,1,60,prefill_payload,0,int8,int4,warm,25,75,50,hard,late_anchor_control,6.25,tmh_fidelity_paged_kv,2,66,60,61,True,0
32,47,1,60,late_layer_payload,0,int8,int8,warm,35,65,50,hard,late_anchor_control,6.25,tmh_fidelity_paged_kv,3,66,60,61,True,0
0,47,0,0,prompt_anchor,1,raw,raw,pinned,100,0,0,hard,decoy_collision,6.25,tmh_fidelity_paged_kv,0,72,64,67,True,0
0,47,67,71,recent_tail,0,raw,raw,hot,100,0,0,hard,decoy_collision,6.25,tmh_fidelity_paged_kv,1,72,64,67,True,0
0,31,1,66,prefill_payload,0,int8,int4,warm,25,75,50,hard,decoy_collision,6.25,tmh_fidelity_paged_kv,2,72,64,67,True,0
32,47,1,66,late_layer_payload,0,int8,int8,warm,35,65,50,hard,decoy_collision,6.25,tmh_fidelity_paged_kv,3,72,64,67,True,0
0,47,0,0,prompt_anchor,1,raw,raw,pinned,100,0,0,hard,routing_table,6.25,tmh_fidelity_paged_kv,0,70,62,65,True,0
0,47,65,69,recent_tail,0,raw,raw,hot,100,0,0,hard,routing_table,6.25,tmh_fidelity_paged_kv,1,70,62,65,True,0
0,31,1,64,prefill_payload,0,int8,int4,warm,25,75,50,hard,routing_table,6.25,tmh_fidelity_paged_kv,2,70,62,65,True,0
32,47,1,64,late_layer_payload,0,int8,int8,warm,35,65,50,hard,routing_table,6.25,tmh_fidelity_paged_kv,3,70,62,65,True,0
0,47,0,0,prompt_anchor,1,raw,raw,pinned,100,0,0,hard,structured_records,6.25,tmh_fidelity_paged_kv,0,73,63,68,True,0
0,47,68,72,recent_tail,0,raw,raw,hot,100,0,0,hard,structured_records,6.25,tmh_fidelity_paged_kv,1,73,63,68,True,0
0,31,1,67,prefill_payload,0,int8,int4,warm,25,75,50,hard,structured_records,6.25,tmh_fidelity_paged_kv,2,73,63,68,True,0
32,47,1,67,late_layer_payload,0,int8,int8,warm,35,65,50,hard,structured_records,6.25,tmh_fidelity_paged_kv,3,73,63,68,True,0
0,47,0,0,prompt_anchor,1,raw,raw,pinned,100,0,0,hard,instruction_persistence,6.25,tmh_fidelity_paged_kv,0,127,119,119,True,0
0,47,119,126,recent_tail,0,raw,raw,hot,100,0,0,hard,instruction_persistence,6.25,tmh_fidelity_paged_kv,1,127,119,119,True,0
0,31,1,118,prefill_payload,0,int8,int4,warm,25,75,50,hard,instruction_persistence,6.25,tmh_fidelity_paged_kv,2,127,119,119,True,0
32,47,1,118,late_layer_payload,0,int8,int8,warm,35,65,50,hard,instruction_persistence,6.25,tmh_fidelity_paged_kv,3,127,119,119,True,0
0,47,0,0,prompt_anchor,1,raw,raw,pinned,100,0,0,hard,multi_hop_bridge,6.25,tmh_fidelity_paged_kv,0,71,61,66,True,0
0,47,66,70,recent_tail,0,raw,raw,hot,100,0,0,hard,multi_hop_bridge,6.25,tmh_fidelity_paged_kv,1,71,61,66,True,0
0,31,1,65,prefill_payload,0,int8,int4,warm,25,75,50,hard,multi_hop_bridge,6.25,tmh_fidelity_paged_kv,2,71,61,66,True,0
32,47,1,65,late_layer_payload,0,int8,int8,warm,35,65,50,hard,multi_hop_bridge,6.25,tmh_fidelity_paged_kv,3,71,61,66,True,0
0,47,0,0,prompt_anchor,1,raw,raw,pinned,100,0,0,hard,payload_dense,6.25,tmh_fidelity_paged_kv,0,128,118,120,True,0
0,47,120,127,recent_tail,0,raw,raw,hot,100,0,0,hard,payload_dense,6.25,tmh_fidelity_paged_kv,1,128,118,120,True,0
0,31,1,119,prefill_payload,0,int8,int4,warm,25,75,50,hard,payload_dense,6.25,tmh_fidelity_paged_kv,2,128,118,120,True,0
32,47,1,119,late_layer_payload,0,int8,int8,warm,35,65,50,hard,payload_dense,6.25,tmh_fidelity_paged_kv,3,128,118,120,True,0
0,47,0,0,prompt_anchor,1,raw,raw,pinned,100,0,0,hard,long_generation_systems,6.25,tmh_fidelity_paged_kv,0,57,33,53,True,0
0,47,53,56,recent_tail,0,raw,raw,hot,100,0,0,hard,long_generation_systems,6.25,tmh_fidelity_paged_kv,1,57,33,53,True,0
0,31,1,52,prefill_payload,0,int8,int4,warm,25,75,50,hard,long_generation_systems,6.25,tmh_fidelity_paged_kv,2,57,33,53,True,0
32,47,1,52,late_layer_payload,0,int8,int8,warm,35,65,50,hard,long_generation_systems,6.25,tmh_fidelity_paged_kv,3,57,33,53,True,0
0,47,0,0,prompt_anchor,1,raw,raw,pinned,100,0,0,hard,early_anchor_long_tail,3.125,tmh_fidelity_paged_kv,0,124,118,120,True,0
0,47,120,123,recent_tail,0,raw,raw,hot,100,0,0,hard,early_anchor_long_tail,3.125,tmh_fidelity_paged_kv,1,124,118,120,True,0
0,31,1,119,prefill_payload,0,int8,int4,warm,25,75,50,hard,early_anchor_long_tail,3.125,tmh_fidelity_paged_kv,2,124,118,120,True,0
32,47,1,119,late_layer_payload,0,int8,int8,warm,35,65,50,hard,early_anchor_long_tail,3.125,tmh_fidelity_paged_kv,3,124,118,120,True,0
0,47,0,0,prompt_anchor,1,raw,raw,pinned,100,0,0,hard,middle_anchor_detour,3.125,tmh_fidelity_paged_kv,0,100,92,96,True,0
0,47,96,99,recent_tail,0,raw,raw,hot,100,0,0,hard,middle_anchor_detour,3.125,tmh_fidelity_paged_kv,1,100,92,96,True,0
0,31,1,95,prefill_payload,0,int8,int4,warm,25,75,50,hard,middle_anchor_detour,3.125,tmh_fidelity_paged_kv,2,100,92,96,True,0
32,47,1,95,late_layer_payload,0,int8,int8,warm,35,65,50,hard,middle_anchor_detour,3.125,tmh_fidelity_paged_kv,3,100,92,96,True,0
0,47,0,0,prompt_anchor,1,raw,raw,pinned,100,0,0,hard,late_anchor_control,3.125,tmh_fidelity_paged_kv,0,66,60,63,True,0
0,47,63,65,recent_tail,0,raw,raw,hot,100,0,0,hard,late_anchor_control,3.125,tmh_fidelity_paged_kv,1,66,60,63,True,0
0,31,1,62,prefill_payload,0,int8,int4,warm,25,75,50,hard,late_anchor_control,3.125,tmh_fidelity_paged_kv,2,66,60,63,True,0
32,47,1,62,late_layer_payload,0,int8,int8,warm,35,65,50,hard,late_anchor_control,3.125,tmh_fidelity_paged_kv,3,66,60,63,True,0
0,47,0,0,prompt_anchor,1,raw,raw,pinned,100,0,0,hard,decoy_collision,3.125,tmh_fidelity_paged_kv,0,72,64,69,True,0
0,47,69,71,recent_tail,0,raw,raw,hot,100,0,0,hard,decoy_collision,3.125,tmh_fidelity_paged_kv,1,72,64,69,True,0
0,31,1,68,prefill_payload,0,int8,int4,warm,25,75,50,hard,decoy_collision,3.125,tmh_fidelity_paged_kv,2,72,64,69,True,0
32,47,1,68,late_layer_payload,0,int8,int8,warm,35,65,50,hard,decoy_collision,3.125,tmh_fidelity_paged_kv,3,72,64,69,True,0
0,47,0,0,prompt_anchor,1,raw,raw,pinned,100,0,0,hard,routing_table,3.125,tmh_fidelity_paged_kv,0,70,62,67,True,0
0,47,67,69,recent_tail,0,raw,raw,hot,100,0,0,hard,routing_table,3.125,tmh_fidelity_paged_kv,1,70,62,67,True,0
0,31,1,66,prefill_payload,0,int8,int4,warm,25,75,50,hard,routing_table,3.125,tmh_fidelity_paged_kv,2,70,62,67,True,0
32,47,1,66,late_layer_payload,0,int8,int8,warm,35,65,50,hard,routing_table,3.125,tmh_fidelity_paged_kv,3,70,62,67,True,0
0,47,0,0,prompt_anchor,1,raw,raw,pinned,100,0,0,hard,structured_records,3.125,tmh_fidelity_paged_kv,0,73,63,70,True,0
0,47,70,72,recent_tail,0,raw,raw,hot,100,0,0,hard,structured_records,3.125,tmh_fidelity_paged_kv,1,73,63,70,True,0
0,31,1,69,prefill_payload,0,int8,int4,warm,25,75,50,hard,structured_records,3.125,tmh_fidelity_paged_kv,2,73,63,70,True,0
32,47,1,69,late_layer_payload,0,int8,int8,warm,35,65,50,hard,structured_records,3.125,tmh_fidelity_paged_kv,3,73,63,70,True,0
0,47,0,0,prompt_anchor,1,raw,raw,pinned,100,0,0,hard,instruction_persistence,3.125,tmh_fidelity_paged_kv,0,127,119,123,True,0
0,47,123,126,recent_tail,0,raw,raw,hot,100,0,0,hard,instruction_persistence,3.125,tmh_fidelity_paged_kv,1,127,119,123,True,0
0,31,1,122,prefill_payload,0,int8,int4,warm,25,75,50,hard,instruction_persistence,3.125,tmh_fidelity_paged_kv,2,127,119,123,True,0
32,47,1,122,late_layer_payload,0,int8,int8,warm,35,65,50,hard,instruction_persistence,3.125,tmh_fidelity_paged_kv,3,127,119,123,True,0
0,47,0,0,prompt_anchor,1,raw,raw,pinned,100,0,0,hard,multi_hop_bridge,3.125,tmh_fidelity_paged_kv,0,71,61,68,True,0
0,47,68,70,recent_tail,0,raw,raw,hot,100,0,0,hard,multi_hop_bridge,3.125,tmh_fidelity_paged_kv,1,71,61,68,True,0
0,31,1,67,prefill_payload,0,int8,int4,warm,25,75,50,hard,multi_hop_bridge,3.125,tmh_fidelity_paged_kv,2,71,61,68,True,0
32,47,1,67,late_layer_payload,0,int8,int8,warm,35,65,50,hard,multi_hop_bridge,3.125,tmh_fidelity_paged_kv,3,71,61,68,True,0
0,47,0,0,prompt_anchor,1,raw,raw,pinned,100,0,0,hard,payload_dense,3.125,tmh_fidelity_paged_kv,0,128,118,124,True,0
0,47,124,127,recent_tail,0,raw,raw,hot,100,0,0,hard,payload_dense,3.125,tmh_fidelity_paged_kv,1,128,118,124,True,0
0,31,1,123,prefill_payload,0,int8,int4,warm,25,75,50,hard,payload_dense,3.125,tmh_fidelity_paged_kv,2,128,118,124,True,0
32,47,1,123,late_layer_payload,0,int8,int8,warm,35,65,50,hard,payload_dense,3.125,tmh_fidelity_paged_kv,3,128,118,124,True,0
0,47,0,0,prompt_anchor,1,raw,raw,pinned,100,0,0,hard,long_generation_systems,3.125,tmh_fidelity_paged_kv,0,57,33,55,True,0
0,47,55,56,recent_tail,0,raw,raw,hot,100,0,0,hard,long_generation_systems,3.125,tmh_fidelity_paged_kv,1,57,33,55,True,0
0,31,1,54,prefill_payload,0,int8,int4,warm,25,75,50,hard,long_generation_systems,3.125,tmh_fidelity_paged_kv,2,57,33,55,True,0
32,47,1,54,late_layer_payload,0,int8,int8,warm,35,65,50,hard,long_generation_systems,3.125,tmh_fidelity_paged_kv,3,57,33,55,True,0
0,47,0,0,prompt_anchor,1,raw,raw,pinned,100,0,0,hard,early_anchor_long_tail,0.0,tmh_fidelity_paged_kv,0,124,118,124,True,0
0,31,1,123,prefill_payload,0,int8,int4,warm,25,75,50,hard,early_anchor_long_tail,0.0,tmh_fidelity_paged_kv,1,124,118,124,True,0
32,47,1,123,late_layer_payload,0,int8,int8,warm,35,65,50,hard,early_anchor_long_tail,0.0,tmh_fidelity_paged_kv,2,124,118,124,True,0
0,47,0,0,prompt_anchor,1,raw,raw,pinned,100,0,0,hard,middle_anchor_detour,0.0,tmh_fidelity_paged_kv,0,100,92,100,True,0
0,31,1,99,prefill_payload,0,int8,int4,warm,25,75,50,hard,middle_anchor_detour,0.0,tmh_fidelity_paged_kv,1,100,92,100,True,0
32,47,1,99,late_layer_payload,0,int8,int8,warm,35,65,50,hard,middle_anchor_detour,0.0,tmh_fidelity_paged_kv,2,100,92,100,True,0
0,47,0,0,prompt_anchor,1,raw,raw,pinned,100,0,0,hard,late_anchor_control,0.0,tmh_fidelity_paged_kv,0,66,60,66,True,0
0,31,1,65,prefill_payload,0,int8,int4,warm,25,75,50,hard,late_anchor_control,0.0,tmh_fidelity_paged_kv,1,66,60,66,True,0
32,47,1,65,late_layer_payload,0,int8,int8,warm,35,65,50,hard,late_anchor_control,0.0,tmh_fidelity_paged_kv,2,66,60,66,True,0
0,47,0,0,prompt_anchor,1,raw,raw,pinned,100,0,0,hard,decoy_collision,0.0,tmh_fidelity_paged_kv,0,72,64,72,True,0
0,31,1,71,prefill_payload,0,int8,int4,warm,25,75,50,hard,decoy_collision,0.0,tmh_fidelity_paged_kv,1,72,64,72,True,0
32,47,1,71,late_layer_payload,0,int8,int8,warm,35,65,50,hard,decoy_collision,0.0,tmh_fidelity_paged_kv,2,72,64,72,True,0
0,47,0,0,prompt_anchor,1,raw,raw,pinned,100,0,0,hard,routing_table,0.0,tmh_fidelity_paged_kv,0,70,62,70,True,0
0,31,1,69,prefill_payload,0,int8,int4,warm,25,75,50,hard,routing_table,0.0,tmh_fidelity_paged_kv,1,70,62,70,True,0
32,47,1,69,late_layer_payload,0,int8,int8,warm,35,65,50,hard,routing_table,0.0,tmh_fidelity_paged_kv,2,70,62,70,True,0
0,47,0,0,prompt_anchor,1,raw,raw,pinned,100,0,0,hard,structured_records,0.0,tmh_fidelity_paged_kv,0,73,63,73,True,0
0,31,1,72,prefill_payload,0,int8,int4,warm,25,75,50,hard,structured_records,0.0,tmh_fidelity_paged_kv,1,73,63,73,True,0
32,47,1,72,late_layer_payload,0,int8,int8,warm,35,65,50,hard,structured_records,0.0,tmh_fidelity_paged_kv,2,73,63,73,True,0
0,47,0,0,prompt_anchor,1,raw,raw,pinned,100,0,0,hard,instruction_persistence,0.0,tmh_fidelity_paged_kv,0,127,119,127,True,0
0,31,1,126,prefill_payload,0,int8,int4,warm,25,75,50,hard,instruction_persistence,0.0,tmh_fidelity_paged_kv,1,127,119,127,True,0
32,47,1,126,late_layer_payload,0,int8,int8,warm,35,65,50,hard,instruction_persistence,0.0,tmh_fidelity_paged_kv,2,127,119,127,True,0
0,47,0,0,prompt_anchor,1,raw,raw,pinned,100,0,0,hard,multi_hop_bridge,0.0,tmh_fidelity_paged_kv,0,71,61,71,True,0
0,31,1,70,prefill_payload,0,int8,int4,warm,25,75,50,hard,multi_hop_bridge,0.0,tmh_fidelity_paged_kv,1,71,61,71,True,0
32,47,1,70,late_layer_payload,0,int8,int8,warm,35,65,50,hard,multi_hop_bridge,0.0,tmh_fidelity_paged_kv,2,71,61,71,True,0
0,47,0,0,prompt_anchor,1,raw,raw,pinned,100,0,0,hard,payload_dense,0.0,tmh_fidelity_paged_kv,0,128,118,128,True,0
0,31,1,127,prefill_payload,0,int8,int4,warm,25,75,50,hard,payload_dense,0.0,tmh_fidelity_paged_kv,1,128,118,128,True,0
32,47,1,127,late_layer_payload,0,int8,int8,warm,35,65,50,hard,payload_dense,0.0,tmh_fidelity_paged_kv,2,128,118,128,True,0
0,47,0,0,prompt_anchor,1,raw,raw,pinned,100,0,0,hard,long_generation_systems,0.0,tmh_fidelity_paged_kv,0,57,33,57,True,0
0,31,1,56,prefill_payload,0,int8,int4,warm,25,75,50,hard,long_generation_systems,0.0,tmh_fidelity_paged_kv,1,57,33,57,True,0
32,47,1,56,late_layer_payload,0,int8,int8,warm,35,65,50,hard,long_generation_systems,0.0,tmh_fidelity_paged_kv,2,57,33,57,True,0
0,47,0,0,prompt_anchor,1,raw,raw,pinned,100,0,0,hard,early_anchor_long_tail,75.0,tmh_fidelity_paged_kv,0,62,59,15,True,0
0,47,15,61,recent_tail,0,raw,raw,hot,100,0,0,hard,early_anchor_long_tail,75.0,tmh_fidelity_paged_kv,1,62,59,15,True,0
0,31,1,14,prefill_payload,0,int8,int4,warm,25,75,50,hard,early_anchor_long_tail,75.0,tmh_fidelity_paged_kv,2,62,59,15,True,0
32,47,1,14,late_layer_payload,0,int8,int8,warm,35,65,50,hard,early_anchor_long_tail,75.0,tmh_fidelity_paged_kv,3,62,59,15,True,0
0,47,0,0,prompt_anchor,1,raw,raw,pinned,100,0,0,hard,middle_anchor_detour,75.0,tmh_fidelity_paged_kv,0,50,46,12,True,0
0,47,12,49,recent_tail,0,raw,raw,hot,100,0,0,hard,middle_anchor_detour,75.0,tmh_fidelity_paged_kv,1,50,46,12,True,0
0,31,1,11,prefill_payload,0,int8,int4,warm,25,75,50,hard,middle_anchor_detour,75.0,tmh_fidelity_paged_kv,2,50,46,12,True,0
32,47,1,11,late_layer_payload,0,int8,int8,warm,35,65,50,hard,middle_anchor_detour,75.0,tmh_fidelity_paged_kv,3,50,46,12,True,0
0,47,0,0,prompt_anchor,1,raw,raw,pinned,100,0,0,hard,late_anchor_control,75.0,tmh_fidelity_paged_kv,0,33,30,8,True,0
0,47,8,32,recent_tail,0,raw,raw,hot,100,0,0,hard,late_anchor_control,75.0,tmh_fidelity_paged_kv,1,33,30,8,True,0
0,31,1,7,prefill_payload,0,int8,int4,warm,25,75,50,hard,late_anchor_control,75.0,tmh_fidelity_paged_kv,2,33,30,8,True,0
32,47,1,7,late_layer_payload,0,int8,int8,warm,35,65,50,hard,late_anchor_control,75.0,tmh_fidelity_paged_kv,3,33,30,8,True,0
0,47,0,0,prompt_anchor,1,raw,raw,pinned,100,0,0,hard,decoy_collision,75.0,tmh_fidelity_paged_kv,0,36,32,9,True,0
0,47,9,35,recent_tail,0,raw,raw,hot,100,0,0,hard,decoy_collision,75.0,tmh_fidelity_paged_kv,1,36,32,9,True,0
0,31,1,8,prefill_payload,0,int8,int4,warm,25,75,50,hard,decoy_collision,75.0,tmh_fidelity_paged_kv,2,36,32,9,True,0
32,47,1,8,late_layer_payload,0,int8,int8,warm,35,65,50,hard,decoy_collision,75.0,tmh_fidelity_paged_kv,3,36,32,9,True,0
0,47,0,0,prompt_anchor,1,raw,raw,pinned,100,0,0,hard,routing_table,75.0,tmh_fidelity_paged_kv,0,35,31,8,True,0
0,47,8,34,recent_tail,0,raw,raw,hot,100,0,0,hard,routing_table,75.0,tmh_fidelity_paged_kv,1,35,31,8,True,0
0,31,1,7,prefill_payload,0,int8,int4,warm,25,75,50,hard,routing_table,75.0,tmh_fidelity_paged_kv,2,35,31,8,True,0
32,47,1,7,late_layer_payload,0,int8,int8,warm,35,65,50,hard,routing_table,75.0,tmh_fidelity_paged_kv,3,35,31,8,True,0
0,47,0,0,prompt_anchor,1,raw,raw,pinned,100,0,0,hard,structured_records,75.0,tmh_fidelity_paged_kv,0,37,32,9,True,0
0,47,9,36,recent_tail,0,raw,raw,hot,100,0,0,hard,structured_records,75.0,tmh_fidelity_paged_kv,1,37,32,9,True,0
0,31,1,8,prefill_payload,0,int8,int4,warm,25,75,50,hard,structured_records,75.0,tmh_fidelity_paged_kv,2,37,32,9,True,0
32,47,1,8,late_layer_payload,0,int8,int8,warm,35,65,50,hard,structured_records,75.0,tmh_fidelity_paged_kv,3,37,32,9,True,0
0,47,0,0,prompt_anchor,1,raw,raw,pinned,100,0,0,hard,instruction_persistence,75.0,tmh_fidelity_paged_kv,0,64,60,16,True,0
0,47,16,63,recent_tail,0,raw,raw,hot,100,0,0,hard,instruction_persistence,75.0,tmh_fidelity_paged_kv,1,64,60,16,True,0
0,31,1,15,prefill_payload,0,int8,int4,warm,25,75,50,hard,instruction_persistence,75.0,tmh_fidelity_paged_kv,2,64,60,16,True,0
32,47,1,15,late_layer_payload,0,int8,int8,warm,35,65,50,hard,instruction_persistence,75.0,tmh_fidelity_paged_kv,3,64,60,16,True,0
0,47,0,0,prompt_anchor,1,raw,raw,pinned,100,0,0,hard,multi_hop_bridge,75.0,tmh_fidelity_paged_kv,0,36,31,9,True,0
0,47,9,35,recent_tail,0,raw,raw,hot,100,0,0,hard,multi_hop_bridge,75.0,tmh_fidelity_paged_kv,1,36,31,9,True,0
0,31,1,8,prefill_payload,0,int8,int4,warm,25,75,50,hard,multi_hop_bridge,75.0,tmh_fidelity_paged_kv,2,36,31,9,True,0
32,47,1,8,late_layer_payload,0,int8,int8,warm,35,65,50,hard,multi_hop_bridge,75.0,tmh_fidelity_paged_kv,3,36,31,9,True,0
0,47,0,0,prompt_anchor,1,raw,raw,pinned,100,0,0,hard,payload_dense,75.0,tmh_fidelity_paged_kv,0,64,59,16,True,0
0,47,16,63,recent_tail,0,raw,raw,hot,100,0,0,hard,payload_dense,75.0,tmh_fidelity_paged_kv,1,64,59,16,True,0
0,31,1,15,prefill_payload,0,int8,int4,warm,25,75,50,hard,payload_dense,75.0,tmh_fidelity_paged_kv,2,64,59,16,True,0
32,47,1,15,late_layer_payload,0,int8,int8,warm,35,65,50,hard,payload_dense,75.0,tmh_fidelity_paged_kv,3,64,59,16,True,0
0,47,0,0,prompt_anchor,1,raw,raw,pinned,100,0,0,hard,long_generation_systems,75.0,tmh_fidelity_paged_kv,0,29,17,7,True,0
0,47,7,28,recent_tail,0,raw,raw,hot,100,0,0,hard,long_generation_systems,75.0,tmh_fidelity_paged_kv,1,29,17,7,True,0
0,31,1,6,prefill_payload,0,int8,int4,warm,25,75,50,hard,long_generation_systems,75.0,tmh_fidelity_paged_kv,2,29,17,7,True,0
32,47,1,6,late_layer_payload,0,int8,int8,warm,35,65,50,hard,long_generation_systems,75.0,tmh_fidelity_paged_kv,3,29,17,7,True,0
0,47,0,0,prompt_anchor,1,raw,raw,pinned,100,0,0,hard,early_anchor_long_tail,50.0,tmh_fidelity_paged_kv,0,62,59,31,True,0
0,47,31,61,recent_tail,0,raw,raw,hot,100,0,0,hard,early_anchor_long_tail,50.0,tmh_fidelity_paged_kv,1,62,59,31,True,0
0,31,1,30,prefill_payload,0,int8,int4,warm,25,75,50,hard,early_anchor_long_tail,50.0,tmh_fidelity_paged_kv,2,62,59,31,True,0
32,47,1,30,late_layer_payload,0,int8,int8,warm,35,65,50,hard,early_anchor_long_tail,50.0,tmh_fidelity_paged_kv,3,62,59,31,True,0
0,47,0,0,prompt_anchor,1,raw,raw,pinned,100,0,0,hard,middle_anchor_detour,50.0,tmh_fidelity_paged_kv,0,50,46,25,True,0
0,47,25,49,recent_tail,0,raw,raw,hot,100,0,0,hard,middle_anchor_detour,50.0,tmh_fidelity_paged_kv,1,50,46,25,True,0
0,31,1,24,prefill_payload,0,int8,int4,warm,25,75,50,hard,middle_anchor_detour,50.0,tmh_fidelity_paged_kv,2,50,46,25,True,0
32,47,1,24,late_layer_payload,0,int8,int8,warm,35,65,50,hard,middle_anchor_detour,50.0,tmh_fidelity_paged_kv,3,50,46,25,True,0
0,47,0,0,prompt_anchor,1,raw,raw,pinned,100,0,0,hard,late_anchor_control,50.0,tmh_fidelity_paged_kv,0,33,30,16,True,0
0,47,16,32,recent_tail,0,raw,raw,hot,100,0,0,hard,late_anchor_control,50.0,tmh_fidelity_paged_kv,1,33,30,16,True,0
0,31,1,15,prefill_payload,0,int8,int4,warm,25,75,50,hard,late_anchor_control,50.0,tmh_fidelity_paged_kv,2,33,30,16,True,0
32,47,1,15,late_layer_payload,0,int8,int8,warm,35,65,50,hard,late_anchor_control,50.0,tmh_fidelity_paged_kv,3,33,30,16,True,0
0,47,0,0,prompt_anchor,1,raw,raw,pinned,100,0,0,hard,decoy_collision,50.0,tmh_fidelity_paged_kv,0,36,32,18,True,0
0,47,18,35,recent_tail,0,raw,raw,hot,100,0,0,hard,decoy_collision,50.0,tmh_fidelity_paged_kv,1,36,32,18,True,0
0,31,1,17,prefill_payload,0,int8,int4,warm,25,75,50,hard,decoy_collision,50.0,tmh_fidelity_paged_kv,2,36,32,18,True,0
32,47,1,17,late_layer_payload,0,int8,int8,warm,35,65,50,hard,decoy_collision,50.0,tmh_fidelity_paged_kv,3,36,32,18,True,0
0,47,0,0,prompt_anchor,1,raw,raw,pinned,100,0,0,hard,routing_table,50.0,tmh_fidelity_paged_kv,0,35,31,17,True,0
0,47,17,34,recent_tail,0,raw,raw,hot,100,0,0,hard,routing_table,50.0,tmh_fidelity_paged_kv,1,35,31,17,True,0
0,31,1,16,prefill_payload,0,int8,int4,warm,25,75,50,hard,routing_table,50.0,tmh_fidelity_paged_kv,2,35,31,17,True,0
32,47,1,16,late_layer_payload,0,int8,int8,warm,35,65,50,hard,routing_table,50.0,tmh_fidelity_paged_kv,3,35,31,17,True,0
0,47,0,0,prompt_anchor,1,raw,raw,pinned,100,0,0,hard,structured_records,50.0,tmh_fidelity_paged_kv,0,37,32,18,True,0
0,47,18,36,recent_tail,0,raw,raw,hot,100,0,0,hard,structured_records,50.0,tmh_fidelity_paged_kv,1,37,32,18,True,0
0,31,1,17,prefill_payload,0,int8,int4,warm,25,75,50,hard,structured_records,50.0,tmh_fidelity_paged_kv,2,37,32,18,True,0
32,47,1,17,late_layer_payload,0,int8,int8,warm,35,65,50,hard,structured_records,50.0,tmh_fidelity_paged_kv,3,37,32,18,True,0
0,47,0,0,prompt_anchor,1,raw,raw,pinned,100,0,0,hard,instruction_persistence,50.0,tmh_fidelity_paged_kv,0,64,60,32,True,0
0,47,32,63,recent_tail,0,raw,raw,hot,100,0,0,hard,instruction_persistence,50.0,tmh_fidelity_paged_kv,1,64,60,32,True,0
0,31,1,31,prefill_payload,0,int8,int4,warm,25,75,50,hard,instruction_persistence,50.0,tmh_fidelity_paged_kv,2,64,60,32,True,0
32,47,1,31,late_layer_payload,0,int8,int8,warm,35,65,50,hard,instruction_persistence,50.0,tmh_fidelity_paged_kv,3,64,60,32,True,0
0,47,0,0,prompt_anchor,1,raw,raw,pinned,100,0,0,hard,multi_hop_bridge,50.0,tmh_fidelity_paged_kv,0,36,31,18,True,0
0,47,18,35,recent_tail,0,raw,raw,hot,100,0,0,hard,multi_hop_bridge,50.0,tmh_fidelity_paged_kv,1,36,31,18,True,0
0,31,1,17,prefill_payload,0,int8,int4,warm,25,75,50,hard,multi_hop_bridge,50.0,tmh_fidelity_paged_kv,2,36,31,18,True,0
32,47,1,17,late_layer_payload,0,int8,int8,warm,35,65,50,hard,multi_hop_bridge,50.0,tmh_fidelity_paged_kv,3,36,31,18,True,0
0,47,0,0,prompt_anchor,1,raw,raw,pinned,100,0,0,hard,payload_dense,50.0,tmh_fidelity_paged_kv,0,64,59,32,True,0
0,47,32,63,recent_tail,0,raw,raw,hot,100,0,0,hard,payload_dense,50.0,tmh_fidelity_paged_kv,1,64,59,32,True,0
0,31,1,31,prefill_payload,0,int8,int4,warm,25,75,50,hard,payload_dense,50.0,tmh_fidelity_paged_kv,2,64,59,32,True,0
32,47,1,31,late_layer_payload,0,int8,int8,warm,35,65,50,hard,payload_dense,50.0,tmh_fidelity_paged_kv,3,64,59,32,True,0
0,47,0,0,prompt_anchor,1,raw,raw,pinned,100,0,0,hard,long_generation_systems,50.0,tmh_fidelity_paged_kv,0,29,17,14,True,0
0,47,14,28,recent_tail,0,raw,raw,hot,100,0,0,hard,long_generation_systems,50.0,tmh_fidelity_paged_kv,1,29,17,14,True,0
0,31,1,13,prefill_payload,0,int8,int4,warm,25,75,50,hard,long_generation_systems,50.0,tmh_fidelity_paged_kv,2,29,17,14,True,0
32,47,1,13,late_layer_payload,0,int8,int8,warm,35,65,50,hard,long_generation_systems,50.0,tmh_fidelity_paged_kv,3,29,17,14,True,0
0,47,0,0,prompt_anchor,1,raw,raw,pinned,100,0,0,hard,early_anchor_long_tail,25.0,tmh_fidelity_paged_kv,0,62,59,46,True,0
0,47,46,61,recent_tail,0,raw,raw,hot,100,0,0,hard,early_anchor_long_tail,25.0,tmh_fidelity_paged_kv,1,62,59,46,True,0
0,31,1,45,prefill_payload,0,int8,int4,warm,25,75,50,hard,early_anchor_long_tail,25.0,tmh_fidelity_paged_kv,2,62,59,46,True,0
32,47,1,45,late_layer_payload,0,int8,int8,warm,35,65,50,hard,early_anchor_long_tail,25.0,tmh_fidelity_paged_kv,3,62,59,46,True,0
0,47,0,0,prompt_anchor,1,raw,raw,pinned,100,0,0,hard,middle_anchor_detour,25.0,tmh_fidelity_paged_kv,0,50,46,37,True,0
0,47,37,49,recent_tail,0,raw,raw,hot,100,0,0,hard,middle_anchor_detour,25.0,tmh_fidelity_paged_kv,1,50,46,37,True,0
0,31,1,36,prefill_payload,0,int8,int4,warm,25,75,50,hard,middle_anchor_detour,25.0,tmh_fidelity_paged_kv,2,50,46,37,True,0
32,47,1,36,late_layer_payload,0,int8,int8,warm,35,65,50,hard,middle_anchor_detour,25.0,tmh_fidelity_paged_kv,3,50,46,37,True,0
0,47,0,0,prompt_anchor,1,raw,raw,pinned,100,0,0,hard,late_anchor_control,25.0,tmh_fidelity_paged_kv,0,33,30,24,True,0
0,47,24,32,recent_tail,0,raw,raw,hot,100,0,0,hard,late_anchor_control,25.0,tmh_fidelity_paged_kv,1,33,30,24,True,0
0,31,1,23,prefill_payload,0,int8,int4,warm,25,75,50,hard,late_anchor_control,25.0,tmh_fidelity_paged_kv,2,33,30,24,True,0
32,47,1,23,late_layer_payload,0,int8,int8,warm,35,65,50,hard,late_anchor_control,25.0,tmh_fidelity_paged_kv,3,33,30,24,True,0
0,47,0,0,prompt_anchor,1,raw,raw,pinned,100,0,0,hard,decoy_collision,25.0,tmh_fidelity_paged_kv,0,36,32,27,True,0
0,47,27,35,recent_tail,0,raw,raw,hot,100,0,0,hard,decoy_collision,25.0,tmh_fidelity_paged_kv,1,36,32,27,True,0
0,31,1,26,prefill_payload,0,int8,int4,warm,25,75,50,hard,decoy_collision,25.0,tmh_fidelity_paged_kv,2,36,32,27,True,0
32,47,1,26,late_layer_payload,0,int8,int8,warm,35,65,50,hard,decoy_collision,25.0,tmh_fidelity_paged_kv,3,36,32,27,True,0
0,47,0,0,prompt_anchor,1,raw,raw,pinned,100,0,0,hard,routing_table,25.0,tmh_fidelity_paged_kv,0,35,31,26,True,0
0,47,26,34,recent_tail,0,raw,raw,hot,100,0,0,hard,routing_table,25.0,tmh_fidelity_paged_kv,1,35,31,26,True,0
0,31,1,25,prefill_payload,0,int8,int4,warm,25,75,50,hard,routing_table,25.0,tmh_fidelity_paged_kv,2,35,31,26,True,0
32,47,1,25,late_layer_payload,0,int8,int8,warm,35,65,50,hard,routing_table,25.0,tmh_fidelity_paged_kv,3,35,31,26,True,0
0,47,0,0,prompt_anchor,1,raw,raw,pinned,100,0,0,hard,structured_records,25.0,tmh_fidelity_paged_kv,0,37,32,27,True,0
0,47,27,36,recent_tail,0,raw,raw,hot,100,0,0,hard,structured_records,25.0,tmh_fidelity_paged_kv,1,37,32,27,True,0
0,31,1,26,prefill_payload,0,int8,int4,warm,25,75,50,hard,structured_records,25.0,tmh_fidelity_paged_kv,2,37,32,27,True,0
32,47,1,26,late_layer_payload,0,int8,int8,warm,35,65,50,hard,structured_records,25.0,tmh_fidelity_paged_kv,3,37,32,27,True,0
0,47,0,0,prompt_anchor,1,raw,raw,pinned,100,0,0,hard,instruction_persistence,25.0,tmh_fidelity_paged_kv,0,64,60,48,True,0
0,47,48,63,recent_tail,0,raw,raw,hot,100,0,0,hard,instruction_persistence,25.0,tmh_fidelity_paged_kv,1,64,60,48,True,0
0,31,1,47,prefill_payload,0,int8,int4,warm,25,75,50,hard,instruction_persistence,25.0,tmh_fidelity_paged_kv,2,64,60,48,True,0
32,47,1,47,late_layer_payload,0,int8,int8,warm,35,65,50,hard,instruction_persistence,25.0,tmh_fidelity_paged_kv,3,64,60,48,True,0
0,47,0,0,prompt_anchor,1,raw,raw,pinned,100,0,0,hard,multi_hop_bridge,25.0,tmh_fidelity_paged_kv,0,36,31,27,True,0
0,47,27,35,recent_tail,0,raw,raw,hot,100,0,0,hard,multi_hop_bridge,25.0,tmh_fidelity_paged_kv,1,36,31,27,True,0
0,31,1,26,prefill_payload,0,int8,int4,warm,25,75,50,hard,multi_hop_bridge,25.0,tmh_fidelity_paged_kv,2,36,31,27,True,0
32,47,1,26,late_layer_payload,0,int8,int8,warm,35,65,50,hard,multi_hop_bridge,25.0,tmh_fidelity_paged_kv,3,36,31,27,True,0
0,47,0,0,prompt_anchor,1,raw,raw,pinned,100,0,0,hard,payload_dense,25.0,tmh_fidelity_paged_kv,0,64,59,48,True,0
0,47,48,63,recent_tail,0,raw,raw,hot,100,0,0,hard,payload_dense,25.0,tmh_fidelity_paged_kv,1,64,59,48,True,0
0,31,1,47,prefill_payload,0,int8,int4,warm,25,75,50,hard,payload_dense,25.0,tmh_fidelity_paged_kv,2,64,59,48,True,0
32,47,1,47,late_layer_payload,0,int8,int8,warm,35,65,50,hard,payload_dense,25.0,tmh_fidelity_paged_kv,3,64,59,48,True,0
0,47,0,0,prompt_anchor,1,raw,raw,pinned,100,0,0,hard,long_generation_systems,25.0,tmh_fidelity_paged_kv,0,29,17,21,True,0
0,47,21,28,recent_tail,0,raw,raw,hot,100,0,0,hard,long_generation_systems,25.0,tmh_fidelity_paged_kv,1,29,17,21,True,0
0,31,1,20,prefill_payload,0,int8,int4,warm,25,75,50,hard,long_generation_systems,25.0,tmh_fidelity_paged_kv,2,29,17,21,True,0
32,47,1,20,late_layer_payload,0,int8,int8,warm,35,65,50,hard,long_generation_systems,25.0,tmh_fidelity_paged_kv,3,29,17,21,True,0
0,47,0,0,prompt_anchor,1,raw,raw,pinned,100,0,0,hard,early_anchor_long_tail,12.5,tmh_fidelity_paged_kv,0,62,59,54,True,0
0,47,54,61,recent_tail,0,raw,raw,hot,100,0,0,hard,early_anchor_long_tail,12.5,tmh_fidelity_paged_kv,1,62,59,54,True,0
0,31,1,53,prefill_payload,0,int8,int4,warm,25,75,50,hard,early_anchor_long_tail,12.5,tmh_fidelity_paged_kv,2,62,59,54,True,0
32,47,1,53,late_layer_payload,0,int8,int8,warm,35,65,50,hard,early_anchor_long_tail,12.5,tmh_fidelity_paged_kv,3,62,59,54,True,0
0,47,0,0,prompt_anchor,1,raw,raw,pinned,100,0,0,hard,middle_anchor_detour,12.5,tmh_fidelity_paged_kv,0,50,46,43,True,0
0,47,43,49,recent_tail,0,raw,raw,hot,100,0,0,hard,middle_anchor_detour,12.5,tmh_fidelity_paged_kv,1,50,46,43,True,0
0,31,1,42,prefill_payload,0,int8,int4,warm,25,75,50,hard,middle_anchor_detour,12.5,tmh_fidelity_paged_kv,2,50,46,43,True,0
32,47,1,42,late_layer_payload,0,int8,int8,warm,35,65,50,hard,middle_anchor_detour,12.5,tmh_fidelity_paged_kv,3,50,46,43,True,0
0,47,0,0,prompt_anchor,1,raw,raw,pinned,100,0,0,hard,late_anchor_control,12.5,tmh_fidelity_paged_kv,0,33,30,28,True,0
0,47,28,32,recent_tail,0,raw,raw,hot,100,0,0,hard,late_anchor_control,12.5,tmh_fidelity_paged_kv,1,33,30,28,True,0
0,31,1,27,prefill_payload,0,int8,int4,warm,25,75,50,hard,late_anchor_control,12.5,tmh_fidelity_paged_kv,2,33,30,28,True,0
32,47,1,27,late_layer_payload,0,int8,int8,warm,35,65,50,hard,late_anchor_control,12.5,tmh_fidelity_paged_kv,3,33,30,28,True,0
0,47,0,0,prompt_anchor,1,raw,raw,pinned,100,0,0,hard,decoy_collision,12.5,tmh_fidelity_paged_kv,0,36,32,31,True,0
0,47,31,35,recent_tail,0,raw,raw,hot,100,0,0,hard,decoy_collision,12.5,tmh_fidelity_paged_kv,1,36,32,31,True,0
0,31,1,30,prefill_payload,0,int8,int4,warm,25,75,50,hard,decoy_collision,12.5,tmh_fidelity_paged_kv,2,36,32,31,True,0
32,47,1,30,late_layer_payload,0,int8,int8,warm,35,65,50,hard,decoy_collision,12.5,tmh_fidelity_paged_kv,3,36,32,31,True,0
0,47,0,0,prompt_anchor,1,raw,raw,pinned,100,0,0,hard,routing_table,12.5,tmh_fidelity_paged_kv,0,35,31,30,True,0
0,47,30,34,recent_tail,0,raw,raw,hot,100,0,0,hard,routing_table,12.5,tmh_fidelity_paged_kv,1,35,31,30,True,0
0,31,1,29,prefill_payload,0,int8,int4,warm,25,75,50,hard,routing_table,12.5,tmh_fidelity_paged_kv,2,35,31,30,True,0
32,47,1,29,late_layer_payload,0,int8,int8,warm,35,65,50,hard,routing_table,12.5,tmh_fidelity_paged_kv,3,35,31,30,True,0
0,47,0,0,prompt_anchor,1,raw,raw,pinned,100,0,0,hard,structured_records,12.5,tmh_fidelity_paged_kv,0,37,32,32,True,0
0,47,32,36,recent_tail,0,raw,raw,hot,100,0,0,hard,structured_records,12.5,tmh_fidelity_paged_kv,1,37,32,32,True,0
0,31,1,31,prefill_payload,0,int8,int4,warm,25,75,50,hard,structured_records,12.5,tmh_fidelity_paged_kv,2,37,32,32,True,0
32,47,1,31,late_layer_payload,0,int8,int8,warm,35,65,50,hard,structured_records,12.5,tmh_fidelity_paged_kv,3,37,32,32,True,0
0,47,0,0,prompt_anchor,1,raw,raw,pinned,100,0,0,hard,instruction_persistence,12.5,tmh_fidelity_paged_kv,0,64,60,56,True,0
0,47,56,63,recent_tail,0,raw,raw,hot,100,0,0,hard,instruction_persistence,12.5,tmh_fidelity_paged_kv,1,64,60,56,True,0
0,31,1,55,prefill_payload,0,int8,int4,warm,25,75,50,hard,instruction_persistence,12.5,tmh_fidelity_paged_kv,2,64,60,56,True,0
32,47,1,55,late_layer_payload,0,int8,int8,warm,35,65,50,hard,instruction_persistence,12.5,tmh_fidelity_paged_kv,3,64,60,56,True,0
0,47,0,0,prompt_anchor,1,raw,raw,pinned,100,0,0,hard,multi_hop_bridge,12.5,tmh_fidelity_paged_kv,0,36,31,31,True,0
0,47,31,35,recent_tail,0,raw,raw,hot,100,0,0,hard,multi_hop_bridge,12.5,tmh_fidelity_paged_kv,1,36,31,31,True,0
0,31,1,30,prefill_payload,0,int8,int4,warm,25,75,50,hard,multi_hop_bridge,12.5,tmh_fidelity_paged_kv,2,36,31,31,True,0
32,47,1,30,late_layer_payload,0,int8,int8,warm,35,65,50,hard,multi_hop_bridge,12.5,tmh_fidelity_paged_kv,3,36,31,31,True,0
0,47,0,0,prompt_anchor,1,raw,raw,pinned,100,0,0,hard,payload_dense,12.5,tmh_fidelity_paged_kv,0,64,59,56,True,0
0,47,56,63,recent_tail,0,raw,raw,hot,100,0,0,hard,payload_dense,12.5,tmh_fidelity_paged_kv,1,64,59,56,True,0
0,31,1,55,prefill_payload,0,int8,int4,warm,25,75,50,hard,payload_dense,12.5,tmh_fidelity_paged_kv,2,64,59,56,True,0
32,47,1,55,late_layer_payload,0,int8,int8,warm,35,65,50,hard,payload_dense,12.5,tmh_fidelity_paged_kv,3,64,59,56,True,0
0,47,0,0,prompt_anchor,1,raw,raw,pinned,100,0,0,hard,long_generation_systems,12.5,tmh_fidelity_paged_kv,0,29,17,25,True,0
0,47,25,28,recent_tail,0,raw,raw,hot,100,0,0,hard,long_generation_systems,12.5,tmh_fidelity_paged_kv,1,29,17,25,True,0
0,31,1,24,prefill_payload,0,int8,int4,warm,25,75,50,hard,long_generation_systems,12.5,tmh_fidelity_paged_kv,2,29,17,25,True,0
32,47,1,24,late_layer_payload,0,int8,int8,warm,35,65,50,hard,long_generation_systems,12.5,tmh_fidelity_paged_kv,3,29,17,25,True,0
0,47,0,0,prompt_anchor,1,raw,raw,pinned,100,0,0,hard,early_anchor_long_tail,6.25,tmh_fidelity_paged_kv,0,62,59,58,True,0
0,47,58,61,recent_tail,0,raw,raw,hot,100,0,0,hard,early_anchor_long_tail,6.25,tmh_fidelity_paged_kv,1,62,59,58,True,0
0,31,1,57,prefill_payload,0,int8,int4,warm,25,75,50,hard,early_anchor_long_tail,6.25,tmh_fidelity_paged_kv,2,62,59,58,True,0
32,47,1,57,late_layer_payload,0,int8,int8,warm,35,65,50,hard,early_anchor_long_tail,6.25,tmh_fidelity_paged_kv,3,62,59,58,True,0
0,47,0,0,prompt_anchor,1,raw,raw,pinned,100,0,0,hard,middle_anchor_detour,6.25,tmh_fidelity_paged_kv,0,50,46,46,True,0
0,47,46,49,recent_tail,0,raw,raw,hot,100,0,0,hard,middle_anchor_detour,6.25,tmh_fidelity_paged_kv,1,50,46,46,True,0
0,31,1,45,prefill_payload,0,int8,int4,warm,25,75,50,hard,middle_anchor_detour,6.25,tmh_fidelity_paged_kv,2,50,46,46,True,0
32,47,1,45,late_layer_payload,0,int8,int8,warm,35,65,50,hard,middle_anchor_detour,6.25,tmh_fidelity_paged_kv,3,50,46,46,True,0
0,47,0,0,prompt_anchor,1,raw,raw,pinned,100,0,0,hard,late_anchor_control,6.25,tmh_fidelity_paged_kv,0,33,30,30,True,0
0,47,30,32,recent_tail,0,raw,raw,hot,100,0,0,hard,late_anchor_control,6.25,tmh_fidelity_paged_kv,1,33,30,30,True,0
0,31,1,29,prefill_payload,0,int8,int4,warm,25,75,50,hard,late_anchor_control,6.25,tmh_fidelity_paged_kv,2,33,30,30,True,0
32,47,1,29,late_layer_payload,0,int8,int8,warm,35,65,50,hard,late_anchor_control,6.25,tmh_fidelity_paged_kv,3,33,30,30,True,0
0,47,0,0,prompt_anchor,1,raw,raw,pinned,100,0,0,hard,decoy_collision,6.25,tmh_fidelity_paged_kv,0,36,32,33,True,0
0,47,33,35,recent_tail,0,raw,raw,hot,100,0,0,hard,decoy_collision,6.25,tmh_fidelity_paged_kv,1,36,32,33,True,0
0,31,1,32,prefill_payload,0,int8,int4,warm,25,75,50,hard,decoy_collision,6.25,tmh_fidelity_paged_kv,2,36,32,33,True,0
32,47,1,32,late_layer_payload,0,int8,int8,warm,35,65,50,hard,decoy_collision,6.25,tmh_fidelity_paged_kv,3,36,32,33,True,0
0,47,0,0,prompt_anchor,1,raw,raw,pinned,100,0,0,hard,routing_table,6.25,tmh_fidelity_paged_kv,0,35,31,32,True,0
0,47,32,34,recent_tail,0,raw,raw,hot,100,0,0,hard,routing_table,6.25,tmh_fidelity_paged_kv,1,35,31,32,True,0
0,31,1,31,prefill_payload,0,int8,int4,warm,25,75,50,hard,routing_table,6.25,tmh_fidelity_paged_kv,2,35,31,32,True,0
32,47,1,31,late_layer_payload,0,int8,int8,warm,35,65,50,hard,routing_table,6.25,tmh_fidelity_paged_kv,3,35,31,32,True,0
0,47,0,0,prompt_anchor,1,raw,raw,pinned,100,0,0,hard,structured_records,6.25,tmh_fidelity_paged_kv,0,37,32,34,True,0
0,47,34,36,recent_tail,0,raw,raw,hot,100,0,0,hard,structured_records,6.25,tmh_fidelity_paged_kv,1,37,32,34,True,0
0,31,1,33,prefill_payload,0,int8,int4,warm,25,75,50,hard,structured_records,6.25,tmh_fidelity_paged_kv,2,37,32,34,True,0
32,47,1,33,late_layer_payload,0,int8,int8,warm,35,65,50,hard,structured_records,6.25,tmh_fidelity_paged_kv,3,37,32,34,True,0
0,47,0,0,prompt_anchor,1,raw,raw,pinned,100,0,0,hard,instruction_persistence,6.25,tmh_fidelity_paged_kv,0,64,60,60,True,0
0,47,60,63,recent_tail,0,raw,raw,hot,100,0,0,hard,instruction_persistence,6.25,tmh_fidelity_paged_kv,1,64,60,60,True,0
0,31,1,59,prefill_payload,0,int8,int4,warm,25,75,50,hard,instruction_persistence,6.25,tmh_fidelity_paged_kv,2,64,60,60,True,0
32,47,1,59,late_layer_payload,0,int8,int8,warm,35,65,50,hard,instruction_persistence,6.25,tmh_fidelity_paged_kv,3,64,60,60,True,0
0,47,0,0,prompt_anchor,1,raw,raw,pinned,100,0,0,hard,multi_hop_bridge,6.25,tmh_fidelity_paged_kv,0,36,31,33,True,0
0,47,33,35,recent_tail,0,raw,raw,hot,100,0,0,hard,multi_hop_bridge,6.25,tmh_fidelity_paged_kv,1,36,31,33,True,0
0,31,1,32,prefill_payload,0,int8,int4,warm,25,75,50,hard,multi_hop_bridge,6.25,tmh_fidelity_paged_kv,2,36,31,33,True,0
32,47,1,32,late_layer_payload,0,int8,int8,warm,35,65,50,hard,multi_hop_bridge,6.25,tmh_fidelity_paged_kv,3,36,31,33,True,0
0,47,0,0,prompt_anchor,1,raw,raw,pinned,100,0,0,hard,payload_dense,6.25,tmh_fidelity_paged_kv,0,64,59,60,True,0
0,47,60,63,recent_tail,0,raw,raw,hot,100,0,0,hard,payload_dense,6.25,tmh_fidelity_paged_kv,1,64,59,60,True,0
0,31,1,59,prefill_payload,0,int8,int4,warm,25,75,50,hard,payload_dense,6.25,tmh_fidelity_paged_kv,2,64,59,60,True,0
32,47,1,59,late_layer_payload,0,int8,int8,warm,35,65,50,hard,payload_dense,6.25,tmh_fidelity_paged_kv,3,64,59,60,True,0
0,47,0,0,prompt_anchor,1,raw,raw,pinned,100,0,0,hard,long_generation_systems,6.25,tmh_fidelity_paged_kv,0,29,17,27,True,0
0,47,27,28,recent_tail,0,raw,raw,hot,100,0,0,hard,long_generation_systems,6.25,tmh_fidelity_paged_kv,1,29,17,27,True,0
0,31,1,26,prefill_payload,0,int8,int4,warm,25,75,50,hard,long_generation_systems,6.25,tmh_fidelity_paged_kv,2,29,17,27,True,0
32,47,1,26,late_layer_payload,0,int8,int8,warm,35,65,50,hard,long_generation_systems,6.25,tmh_fidelity_paged_kv,3,29,17,27,True,0
0,47,0,0,prompt_anchor,1,raw,raw,pinned,100,0,0,hard,early_anchor_long_tail,3.125,tmh_fidelity_paged_kv,0,62,59,60,True,0
0,47,60,61,recent_tail,0,raw,raw,hot,100,0,0,hard,early_anchor_long_tail,3.125,tmh_fidelity_paged_kv,1,62,59,60,True,0
0,31,1,59,prefill_payload,0,int8,int4,warm,25,75,50,hard,early_anchor_long_tail,3.125,tmh_fidelity_paged_kv,2,62,59,60,True,0
32,47,1,59,late_layer_payload,0,int8,int8,warm,35,65,50,hard,early_anchor_long_tail,3.125,tmh_fidelity_paged_kv,3,62,59,60,True,0
0,47,0,0,prompt_anchor,1,raw,raw,pinned,100,0,0,hard,middle_anchor_detour,3.125,tmh_fidelity_paged_kv,0,50,46,48,True,0
0,47,48,49,recent_tail,0,raw,raw,hot,100,0,0,hard,middle_anchor_detour,3.125,tmh_fidelity_paged_kv,1,50,46,48,True,0
0,31,1,47,prefill_payload,0,int8,int4,warm,25,75,50,hard,middle_anchor_detour,3.125,tmh_fidelity_paged_kv,2,50,46,48,True,0
32,47,1,47,late_layer_payload,0,int8,int8,warm,35,65,50,hard,middle_anchor_detour,3.125,tmh_fidelity_paged_kv,3,50,46,48,True,0
0,47,0,0,prompt_anchor,1,raw,raw,pinned,100,0,0,hard,late_anchor_control,3.125,tmh_fidelity_paged_kv,0,33,30,31,True,0
0,47,31,32,recent_tail,0,raw,raw,hot,100,0,0,hard,late_anchor_control,3.125,tmh_fidelity_paged_kv,1,33,30,31,True,0
0,31,1,30,prefill_payload,0,int8,int4,warm,25,75,50,hard,late_anchor_control,3.125,tmh_fidelity_paged_kv,2,33,30,31,True,0
32,47,1,30,late_layer_payload,0,int8,int8,warm,35,65,50,hard,late_anchor_control,3.125,tmh_fidelity_paged_kv,3,33,30,31,True,0
0,47,0,0,prompt_anchor,1,raw,raw,pinned,100,0,0,hard,decoy_collision,3.125,tmh_fidelity_paged_kv,0,36,32,34,True,0
0,47,34,35,recent_tail,0,raw,raw,hot,100,0,0,hard,decoy_collision,3.125,tmh_fidelity_paged_kv,1,36,32,34,True,0
0,31,1,33,prefill_payload,0,int8,int4,warm,25,75,50,hard,decoy_collision,3.125,tmh_fidelity_paged_kv,2,36,32,34,True,0
32,47,1,33,late_layer_payload,0,int8,int8,warm,35,65,50,hard,decoy_collision,3.125,tmh_fidelity_paged_kv,3,36,32,34,True,0
0,47,0,0,prompt_anchor,1,raw,raw,pinned,100,0,0,hard,routing_table,3.125,tmh_fidelity_paged_kv,0,35,31,33,True,0
0,47,33,34,recent_tail,0,raw,raw,hot,100,0,0,hard,routing_table,3.125,tmh_fidelity_paged_kv,1,35,31,33,True,0
0,31,1,32,prefill_payload,0,int8,int4,warm,25,75,50,hard,routing_table,3.125,tmh_fidelity_paged_kv,2,35,31,33,True,0
32,47,1,32,late_layer_payload,0,int8,int8,warm,35,65,50,hard,routing_table,3.125,tmh_fidelity_paged_kv,3,35,31,33,True,0
0,47,0,0,prompt_anchor,1,raw,raw,pinned,100,0,0,hard,structured_records,3.125,tmh_fidelity_paged_kv,0,37,32,35,True,0
0,47,35,36,recent_tail,0,raw,raw,hot,100,0,0,hard,structured_records,3.125,tmh_fidelity_paged_kv,1,37,32,35,True,0
0,31,1,34,prefill_payload,0,int8,int4,warm,25,75,50,hard,structured_records,3.125,tmh_fidelity_paged_kv,2,37,32,35,True,0
32,47,1,34,late_layer_payload,0,int8,int8,warm,35,65,50,hard,structured_records,3.125,tmh_fidelity_paged_kv,3,37,32,35,True,0
0,47,0,0,prompt_anchor,1,raw,raw,pinned,100,0,0,hard,instruction_persistence,3.125,tmh_fidelity_paged_kv,0,64,60,62,True,0
0,47,62,63,recent_tail,0,raw,raw,hot,100,0,0,hard,instruction_persistence,3.125,tmh_fidelity_paged_kv,1,64,60,62,True,0
0,31,1,61,prefill_payload,0,int8,int4,warm,25,75,50,hard,instruction_persistence,3.125,tmh_fidelity_paged_kv,2,64,60,62,True,0
32,47,1,61,late_layer_payload,0,int8,int8,warm,35,65,50,hard,instruction_persistence,3.125,tmh_fidelity_paged_kv,3,64,60,62,True,0
0,47,0,0,prompt_anchor,1,raw,raw,pinned,100,0,0,hard,multi_hop_bridge,3.125,tmh_fidelity_paged_kv,0,36,31,34,True,0
0,47,34,35,recent_tail,0,raw,raw,hot,100,0,0,hard,multi_hop_bridge,3.125,tmh_fidelity_paged_kv,1,36,31,34,True,0
0,31,1,33,prefill_payload,0,int8,int4,warm,25,75,50,hard,multi_hop_bridge,3.125,tmh_fidelity_paged_kv,2,36,31,34,True,0
32,47,1,33,late_layer_payload,0,int8,int8,warm,35,65,50,hard,multi_hop_bridge,3.125,tmh_fidelity_paged_kv,3,36,31,34,True,0
0,47,0,0,prompt_anchor,1,raw,raw,pinned,100,0,0,hard,payload_dense,3.125,tmh_fidelity_paged_kv,0,64,59,62,True,0
0,47,62,63,recent_tail,0,raw,raw,hot,100,0,0,hard,payload_dense,3.125,tmh_fidelity_paged_kv,1,64,59,62,True,0
0,31,1,61,prefill_payload,0,int8,int4,warm,25,75,50,hard,payload_dense,3.125,tmh_fidelity_paged_kv,2,64,59,62,True,0
32,47,1,61,late_layer_payload,0,int8,int8,warm,35,65,50,hard,payload_dense,3.125,tmh_fidelity_paged_kv,3,64,59,62,True,0
0,47,0,0,prompt_anchor,1,raw,raw,pinned,100,0,0,hard,long_generation_systems,3.125,tmh_fidelity_paged_kv,0,29,17,28,True,0
0,47,28,28,recent_tail,0,raw,raw,hot,100,0,0,hard,long_generation_systems,3.125,tmh_fidelity_paged_kv,1,29,17,28,True,0
0,31,1,27,prefill_payload,0,int8,int4,warm,25,75,50,hard,long_generation_systems,3.125,tmh_fidelity_paged_kv,2,29,17,28,True,0
32,47,1,27,late_layer_payload,0,int8,int8,warm,35,65,50,hard,long_generation_systems,3.125,tmh_fidelity_paged_kv,3,29,17,28,True,0
0,47,0,0,prompt_anchor,1,raw,raw,pinned,100,0,0,hard,early_anchor_long_tail,0.0,tmh_fidelity_paged_kv,0,62,59,62,True,0
0,31,1,61,prefill_payload,0,int8,int4,warm,25,75,50,hard,early_anchor_long_tail,0.0,tmh_fidelity_paged_kv,1,62,59,62,True,0
32,47,1,61,late_layer_payload,0,int8,int8,warm,35,65,50,hard,early_anchor_long_tail,0.0,tmh_fidelity_paged_kv,2,62,59,62,True,0
0,47,0,0,prompt_anchor,1,raw,raw,pinned,100,0,0,hard,middle_anchor_detour,0.0,tmh_fidelity_paged_kv,0,50,46,50,True,0
0,31,1,49,prefill_payload,0,int8,int4,warm,25,75,50,hard,middle_anchor_detour,0.0,tmh_fidelity_paged_kv,1,50,46,50,True,0
32,47,1,49,late_layer_payload,0,int8,int8,warm,35,65,50,hard,middle_anchor_detour,0.0,tmh_fidelity_paged_kv,2,50,46,50,True,0
0,47,0,0,prompt_anchor,1,raw,raw,pinned,100,0,0,hard,late_anchor_control,0.0,tmh_fidelity_paged_kv,0,33,30,33,True,0
0,31,1,32,prefill_payload,0,int8,int4,warm,25,75,50,hard,late_anchor_control,0.0,tmh_fidelity_paged_kv,1,33,30,33,True,0
32,47,1,32,late_layer_payload,0,int8,int8,warm,35,65,50,hard,late_anchor_control,0.0,tmh_fidelity_paged_kv,2,33,30,33,True,0
0,47,0,0,prompt_anchor,1,raw,raw,pinned,100,0,0,hard,decoy_collision,0.0,tmh_fidelity_paged_kv,0,36,32,36,True,0
0,31,1,35,prefill_payload,0,int8,int4,warm,25,75,50,hard,decoy_collision,0.0,tmh_fidelity_paged_kv,1,36,32,36,True,0
32,47,1,35,late_layer_payload,0,int8,int8,warm,35,65,50,hard,decoy_collision,0.0,tmh_fidelity_paged_kv,2,36,32,36,True,0
0,47,0,0,prompt_anchor,1,raw,raw,pinned,100,0,0,hard,routing_table,0.0,tmh_fidelity_paged_kv,0,35,31,35,True,0
0,31,1,34,prefill_payload,0,int8,int4,warm,25,75,50,hard,routing_table,0.0,tmh_fidelity_paged_kv,1,35,31,35,True,0
32,47,1,34,late_layer_payload,0,int8,int8,warm,35,65,50,hard,routing_table,0.0,tmh_fidelity_paged_kv,2,35,31,35,True,0
0,47,0,0,prompt_anchor,1,raw,raw,pinned,100,0,0,hard,structured_records,0.0,tmh_fidelity_paged_kv,0,37,32,37,True,0
0,31,1,36,prefill_payload,0,int8,int4,warm,25,75,50,hard,structured_records,0.0,tmh_fidelity_paged_kv,1,37,32,37,True,0
32,47,1,36,late_layer_payload,0,int8,int8,warm,35,65,50,hard,structured_records,0.0,tmh_fidelity_paged_kv,2,37,32,37,True,0
0,47,0,0,prompt_anchor,1,raw,raw,pinned,100,0,0,hard,instruction_persistence,0.0,tmh_fidelity_paged_kv,0,64,60,64,True,0
0,31,1,63,prefill_payload,0,int8,int4,warm,25,75,50,hard,instruction_persistence,0.0,tmh_fidelity_paged_kv,1,64,60,64,True,0
32,47,1,63,late_layer_payload,0,int8,int8,warm,35,65,50,hard,instruction_persistence,0.0,tmh_fidelity_paged_kv,2,64,60,64,True,0
0,47,0,0,prompt_anchor,1,raw,raw,pinned,100,0,0,hard,multi_hop_bridge,0.0,tmh_fidelity_paged_kv,0,36,31,36,True,0
0,31,1,35,prefill_payload,0,int8,int4,warm,25,75,50,hard,multi_hop_bridge,0.0,tmh_fidelity_paged_kv,1,36,31,36,True,0
32,47,1,35,late_layer_payload,0,int8,int8,warm,35,65,50,hard,multi_hop_bridge,0.0,tmh_fidelity_paged_kv,2,36,31,36,True,0
0,47,0,0,prompt_anchor,1,raw,raw,pinned,100,0,0,hard,payload_dense,0.0,tmh_fidelity_paged_kv,0,64,59,64,True,0
0,31,1,63,prefill_payload,0,int8,int4,warm,25,75,50,hard,payload_dense,0.0,tmh_fidelity_paged_kv,1,64,59,64,True,0
32,47,1,63,late_layer_payload,0,int8,int8,warm,35,65,50,hard,payload_dense,0.0,tmh_fidelity_paged_kv,2,64,59,64,True,0
0,47,0,0,prompt_anchor,1,raw,raw,pinned,100,0,0,hard,long_generation_systems,0.0,tmh_fidelity_paged_kv,0,29,17,29,True,0
0,31,1,28,prefill_payload,0,int8,int4,warm,25,75,50,hard,long_generation_systems,0.0,tmh_fidelity_paged_kv,1,29,17,29,True,0
32,47,1,28,late_layer_payload,0,int8,int8,warm,35,65,50,hard,long_generation_systems,0.0,tmh_fidelity_paged_kv,2,29,17,29,True,0
0,47,0,0,prompt_anchor,1,raw,raw,pinned,100,0,0,hard,early_anchor_long_tail,75.0,tmh_fidelity_paged_kv,0,31,30,7,True,0
0,47,7,30,recent_tail,0,raw,raw,hot,100,0,0,hard,early_anchor_long_tail,75.0,tmh_fidelity_paged_kv,1,31,30,7,True,0
0,31,1,6,prefill_payload,0,int8,int4,warm,25,75,50,hard,early_anchor_long_tail,75.0,tmh_fidelity_paged_kv,2,31,30,7,True,0
32,47,1,6,late_layer_payload,0,int8,int8,warm,35,65,50,hard,early_anchor_long_tail,75.0,tmh_fidelity_paged_kv,3,31,30,7,True,0
0,47,0,0,prompt_anchor,1,raw,raw,pinned,100,0,0,hard,middle_anchor_detour,75.0,tmh_fidelity_paged_kv,0,25,23,6,True,0
0,47,6,24,recent_tail,0,raw,raw,hot,100,0,0,hard,middle_anchor_detour,75.0,tmh_fidelity_paged_kv,1,25,23,6,True,0
0,31,1,5,prefill_payload,0,int8,int4,warm,25,75,50,hard,middle_anchor_detour,75.0,tmh_fidelity_paged_kv,2,25,23,6,True,0
32,47,1,5,late_layer_payload,0,int8,int8,warm,35,65,50,hard,middle_anchor_detour,75.0,tmh_fidelity_paged_kv,3,25,23,6,True,0
0,47,0,0,prompt_anchor,1,raw,raw,pinned,100,0,0,hard,late_anchor_control,75.0,tmh_fidelity_paged_kv,0,17,15,4,True,0
0,47,4,16,recent_tail,0,raw,raw,hot,100,0,0,hard,late_anchor_control,75.0,tmh_fidelity_paged_kv,1,17,15,4,True,0
0,31,1,3,prefill_payload,0,int8,int4,warm,25,75,50,hard,late_anchor_control,75.0,tmh_fidelity_paged_kv,2,17,15,4,True,0
32,47,1,3,late_layer_payload,0,int8,int8,warm,35,65,50,hard,late_anchor_control,75.0,tmh_fidelity_paged_kv,3,17,15,4,True,0
0,47,0,0,prompt_anchor,1,raw,raw,pinned,100,0,0,hard,decoy_collision,75.0,tmh_fidelity_paged_kv,0,18,16,4,True,0
0,47,4,17,recent_tail,0,raw,raw,hot,100,0,0,hard,decoy_collision,75.0,tmh_fidelity_paged_kv,1,18,16,4,True,0
0,31,1,3,prefill_payload,0,int8,int4,warm,25,75,50,hard,decoy_collision,75.0,tmh_fidelity_paged_kv,2,18,16,4,True,0
32,47,1,3,late_layer_payload,0,int8,int8,warm,35,65,50,hard,decoy_collision,75.0,tmh_fidelity_paged_kv,3,18,16,4,True,0
0,47,0,0,prompt_anchor,1,raw,raw,pinned,100,0,0,hard,routing_table,75.0,tmh_fidelity_paged_kv,0,18,16,4,True,0
0,47,4,17,recent_tail,0,raw,raw,hot,100,0,0,hard,routing_table,75.0,tmh_fidelity_paged_kv,1,18,16,4,True,0
0,31,1,3,prefill_payload,0,int8,int4,warm,25,75,50,hard,routing_table,75.0,tmh_fidelity_paged_kv,2,18,16,4,True,0
32,47,1,3,late_layer_payload,0,int8,int8,warm,35,65,50,hard,routing_table,75.0,tmh_fidelity_paged_kv,3,18,16,4,True,0
0,47,0,0,prompt_anchor,1,raw,raw,pinned,100,0,0,hard,structured_records,75.0,tmh_fidelity_paged_kv,0,19,16,4,True,0
0,47,4,18,recent_tail,0,raw,raw,hot,100,0,0,hard,structured_records,75.0,tmh_fidelity_paged_kv,1,19,16,4,True,0
0,31,1,3,prefill_payload,0,int8,int4,warm,25,75,50,hard,structured_records,75.0,tmh_fidelity_paged_kv,2,19,16,4,True,0
32,47,1,3,late_layer_payload,0,int8,int8,warm,35,65,50,hard,structured_records,75.0,tmh_fidelity_paged_kv,3,19,16,4,True,0
0,47,0,0,prompt_anchor,1,raw,raw,pinned,100,0,0,hard,instruction_persistence,75.0,tmh_fidelity_paged_kv,0,32,30,8,True,0
0,47,8,31,recent_tail,0,raw,raw,hot,100,0,0,hard,instruction_persistence,75.0,tmh_fidelity_paged_kv,1,32,30,8,True,0
0,31,1,7,prefill_payload,0,int8,int4,warm,25,75,50,hard,instruction_persistence,75.0,tmh_fidelity_paged_kv,2,32,30,8,True,0
32,47,1,7,late_layer_payload,0,int8,int8,warm,35,65,50,hard,instruction_persistence,75.0,tmh_fidelity_paged_kv,3,32,30,8,True,0
0,47,0,0,prompt_anchor,1,raw,raw,pinned,100,0,0,hard,multi_hop_bridge,75.0,tmh_fidelity_paged_kv,0,18,16,4,True,0
0,47,4,17,recent_tail,0,raw,raw,hot,100,0,0,hard,multi_hop_bridge,75.0,tmh_fidelity_paged_kv,1,18,16,4,True,0
0,31,1,3,prefill_payload,0,int8,int4,warm,25,75,50,hard,multi_hop_bridge,75.0,tmh_fidelity_paged_kv,2,18,16,4,True,0
32,47,1,3,late_layer_payload,0,int8,int8,warm,35,65,50,hard,multi_hop_bridge,75.0,tmh_fidelity_paged_kv,3,18,16,4,True,0
0,47,0,0,prompt_anchor,1,raw,raw,pinned,100,0,0,hard,payload_dense,75.0,tmh_fidelity_paged_kv,0,32,30,8,True,0
0,47,8,31,recent_tail,0,raw,raw,hot,100,0,0,hard,payload_dense,75.0,tmh_fidelity_paged_kv,1,32,30,8,True,0
0,31,1,7,prefill_payload,0,int8,int4,warm,25,75,50,hard,payload_dense,75.0,tmh_fidelity_paged_kv,2,32,30,8,True,0
32,47,1,7,late_layer_payload,0,int8,int8,warm,35,65,50,hard,payload_dense,75.0,tmh_fidelity_paged_kv,3,32,30,8,True,0
0,47,0,0,prompt_anchor,1,raw,raw,pinned,100,0,0,hard,long_generation_systems,75.0,tmh_fidelity_paged_kv,0,15,9,3,True,0
0,47,3,14,recent_tail,0,raw,raw,hot,100,0,0,hard,long_generation_systems,75.0,tmh_fidelity_paged_kv,1,15,9,3,True,0
0,31,1,2,prefill_payload,0,int8,int4,warm,25,75,50,hard,long_generation_systems,75.0,tmh_fidelity_paged_kv,2,15,9,3,True,0
32,47,1,2,late_layer_payload,0,int8,int8,warm,35,65,50,hard,long_generation_systems,75.0,tmh_fidelity_paged_kv,3,15,9,3,True,0
0,47,0,0,prompt_anchor,1,raw,raw,pinned,100,0,0,hard,early_anchor_long_tail,50.0,tmh_fidelity_paged_kv,0,31,30,15,True,0
0,47,15,30,recent_tail,0,raw,raw,hot,100,0,0,hard,early_anchor_long_tail,50.0,tmh_fidelity_paged_kv,1,31,30,15,True,0
0,31,1,14,prefill_payload,0,int8,int4,warm,25,75,50,hard,early_anchor_long_tail,50.0,tmh_fidelity_paged_kv,2,31,30,15,True,0
32,47,1,14,late_layer_payload,0,int8,int8,warm,35,65,50,hard,early_anchor_long_tail,50.0,tmh_fidelity_paged_kv,3,31,30,15,True,0
0,47,0,0,prompt_anchor,1,raw,raw,pinned,100,0,0,hard,middle_anchor_detour,50.0,tmh_fidelity_paged_kv,0,25,23,12,True,0
0,47,12,24,recent_tail,0,raw,raw,hot,100,0,0,hard,middle_anchor_detour,50.0,tmh_fidelity_paged_kv,1,25,23,12,True,0
0,31,1,11,prefill_payload,0,int8,int4,warm,25,75,50,hard,middle_anchor_detour,50.0,tmh_fidelity_paged_kv,2,25,23,12,True,0
32,47,1,11,late_layer_payload,0,int8,int8,warm,35,65,50,hard,middle_anchor_detour,50.0,tmh_fidelity_paged_kv,3,25,23,12,True,0
0,47,0,0,prompt_anchor,1,raw,raw,pinned,100,0,0,hard,late_anchor_control,50.0,tmh_fidelity_paged_kv,0,17,15,8,True,0
0,47,8,16,recent_tail,0,raw,raw,hot,100,0,0,hard,late_anchor_control,50.0,tmh_fidelity_paged_kv,1,17,15,8,True,0
0,31,1,7,prefill_payload,0,int8,int4,warm,25,75,50,hard,late_anchor_control,50.0,tmh_fidelity_paged_kv,2,17,15,8,True,0
32,47,1,7,late_layer_payload,0,int8,int8,warm,35,65,50,hard,late_anchor_control,50.0,tmh_fidelity_paged_kv,3,17,15,8,True,0
0,47,0,0,prompt_anchor,1,raw,raw,pinned,100,0,0,hard,decoy_collision,50.0,tmh_fidelity_paged_kv,0,18,16,9,True,0
0,47,9,17,recent_tail,0,raw,raw,hot,100,0,0,hard,decoy_collision,50.0,tmh_fidelity_paged_kv,1,18,16,9,True,0
0,31,1,8,prefill_payload,0,int8,int4,warm,25,75,50,hard,decoy_collision,50.0,tmh_fidelity_paged_kv,2,18,16,9,True,0
32,47,1,8,late_layer_payload,0,int8,int8,warm,35,65,50,hard,decoy_collision,50.0,tmh_fidelity_paged_kv,3,18,16,9,True,0
0,47,0,0,prompt_anchor,1,raw,raw,pinned,100,0,0,hard,routing_table,50.0,tmh_fidelity_paged_kv,0,18,16,9,True,0
0,47,9,17,recent_tail,0,raw,raw,hot,100,0,0,hard,routing_table,50.0,tmh_fidelity_paged_kv,1,18,16,9,True,0
0,31,1,8,prefill_payload,0,int8,int4,warm,25,75,50,hard,routing_table,50.0,tmh_fidelity_paged_kv,2,18,16,9,True,0
32,47,1,8,late_layer_payload,0,int8,int8,warm,35,65,50,hard,routing_table,50.0,tmh_fidelity_paged_kv,3,18,16,9,True,0
0,47,0,0,prompt_anchor,1,raw,raw,pinned,100,0,0,hard,structured_records,50.0,tmh_fidelity_paged_kv,0,19,16,9,True,0
0,47,9,18,recent_tail,0,raw,raw,hot,100,0,0,hard,structured_records,50.0,tmh_fidelity_paged_kv,1,19,16,9,True,0
0,31,1,8,prefill_payload,0,int8,int4,warm,25,75,50,hard,structured_records,50.0,tmh_fidelity_paged_kv,2,19,16,9,True,0
32,47,1,8,late_layer_payload,0,int8,int8,warm,35,65,50,hard,structured_records,50.0,tmh_fidelity_paged_kv,3,19,16,9,True,0
0,47,0,0,prompt_anchor,1,raw,raw,pinned,100,0,0,hard,instruction_persistence,50.0,tmh_fidelity_paged_kv,0,32,30,16,True,0
0,47,16,31,recent_tail,0,raw,raw,hot,100,0,0,hard,instruction_persistence,50.0,tmh_fidelity_paged_kv,1,32,30,16,True,0
0,31,1,15,prefill_payload,0,int8,int4,warm,25,75,50,hard,instruction_persistence,50.0,tmh_fidelity_paged_kv,2,32,30,16,True,0
32,47,1,15,late_layer_payload,0,int8,int8,warm,35,65,50,hard,instruction_persistence,50.0,tmh_fidelity_paged_kv,3,32,30,16,True,0
0,47,0,0,prompt_anchor,1,raw,raw,pinned,100,0,0,hard,multi_hop_bridge,50.0,tmh_fidelity_paged_kv,0,18,16,9,True,0
0,47,9,17,recent_tail,0,raw,raw,hot,100,0,0,hard,multi_hop_bridge,50.0,tmh_fidelity_paged_kv,1,18,16,9,True,0
0,31,1,8,prefill_payload,0,int8,int4,warm,25,75,50,hard,multi_hop_bridge,50.0,tmh_fidelity_paged_kv,2,18,16,9,True,0
32,47,1,8,late_layer_payload,0,int8,int8,warm,35,65,50,hard,multi_hop_bridge,50.0,tmh_fidelity_paged_kv,3,18,16,9,True,0
0,47,0,0,prompt_anchor,1,raw,raw,pinned,100,0,0,hard,payload_dense,50.0,tmh_fidelity_paged_kv,0,32,30,16,True,0
0,47,16,31,recent_tail,0,raw,raw,hot,100,0,0,hard,payload_dense,50.0,tmh_fidelity_paged_kv,1,32,30,16,True,0
0,31,1,15,prefill_payload,0,int8,int4,warm,25,75,50,hard,payload_dense,50.0,tmh_fidelity_paged_kv,2,32,30,16,True,0
32,47,1,15,late_layer_payload,0,int8,int8,warm,35,65,50,hard,payload_dense,50.0,tmh_fidelity_paged_kv,3,32,30,16,True,0
0,47,0,0,prompt_anchor,1,raw,raw,pinned,100,0,0,hard,long_generation_systems,50.0,tmh_fidelity_paged_kv,0,15,9,7,True,0
0,47,7,14,recent_tail,0,raw,raw,hot,100,0,0,hard,long_generation_systems,50.0,tmh_fidelity_paged_kv,1,15,9,7,True,0
0,31,1,6,prefill_payload,0,int8,int4,warm,25,75,50,hard,long_generation_systems,50.0,tmh_fidelity_paged_kv,2,15,9,7,True,0
32,47,1,6,late_layer_payload,0,int8,int8,warm,35,65,50,hard,long_generation_systems,50.0,tmh_fidelity_paged_kv,3,15,9,7,True,0
0,47,0,0,prompt_anchor,1,raw,raw,pinned,100,0,0,hard,early_anchor_long_tail,25.0,tmh_fidelity_paged_kv,0,31,30,23,True,0
0,47,23,30,recent_tail,0,raw,raw,hot,100,0,0,hard,early_anchor_long_tail,25.0,tmh_fidelity_paged_kv,1,31,30,23,True,0
0,31,1,22,prefill_payload,0,int8,int4,warm,25,75,50,hard,early_anchor_long_tail,25.0,tmh_fidelity_paged_kv,2,31,30,23,True,0
32,47,1,22,late_layer_payload,0,int8,int8,warm,35,65,50,hard,early_anchor_long_tail,25.0,tmh_fidelity_paged_kv,3,31,30,23,True,0
0,47,0,0,prompt_anchor,1,raw,raw,pinned,100,0,0,hard,middle_anchor_detour,25.0,tmh_fidelity_paged_kv,0,25,23,18,True,0
0,47,18,24,recent_tail,0,raw,raw,hot,100,0,0,hard,middle_anchor_detour,25.0,tmh_fidelity_paged_kv,1,25,23,18,True,0
0,31,1,17,prefill_payload,0,int8,int4,warm,25,75,50,hard,middle_anchor_detour,25.0,tmh_fidelity_paged_kv,2,25,23,18,True,0
32,47,1,17,late_layer_payload,0,int8,int8,warm,35,65,50,hard,middle_anchor_detour,25.0,tmh_fidelity_paged_kv,3,25,23,18,True,0
0,47,0,0,prompt_anchor,1,raw,raw,pinned,100,0,0,hard,late_anchor_control,25.0,tmh_fidelity_paged_kv,0,17,15,12,True,0
0,47,12,16,recent_tail,0,raw,raw,hot,100,0,0,hard,late_anchor_control,25.0,tmh_fidelity_paged_kv,1,17,15,12,True,0
0,31,1,11,prefill_payload,0,int8,int4,warm,25,75,50,hard,late_anchor_control,25.0,tmh_fidelity_paged_kv,2,17,15,12,True,0
32,47,1,11,late_layer_payload,0,int8,int8,warm,35,65,50,hard,late_anchor_control,25.0,tmh_fidelity_paged_kv,3,17,15,12,True,0
0,47,0,0,prompt_anchor,1,raw,raw,pinned,100,0,0,hard,decoy_collision,25.0,tmh_fidelity_paged_kv,0,18,16,13,True,0
0,47,13,17,recent_tail,0,raw,raw,hot,100,0,0,hard,decoy_collision,25.0,tmh_fidelity_paged_kv,1,18,16,13,True,0
0,31,1,12,prefill_payload,0,int8,int4,warm,25,75,50,hard,decoy_collision,25.0,tmh_fidelity_paged_kv,2,18,16,13,True,0
32,47,1,12,late_layer_payload,0,int8,int8,warm,35,65,50,hard,decoy_collision,25.0,tmh_fidelity_paged_kv,3,18,16,13,True,0
0,47,0,0,prompt_anchor,1,raw,raw,pinned,100,0,0,hard,routing_table,25.0,tmh_fidelity_paged_kv,0,18,16,13,True,0
0,47,13,17,recent_tail,0,raw,raw,hot,100,0,0,hard,routing_table,25.0,tmh_fidelity_paged_kv,1,18,16,13,True,0
0,31,1,12,prefill_payload,0,int8,int4,warm,25,75,50,hard,routing_table,25.0,tmh_fidelity_paged_kv,2,18,16,13,True,0
32,47,1,12,late_layer_payload,0,int8,int8,warm,35,65,50,hard,routing_table,25.0,tmh_fidelity_paged_kv,3,18,16,13,True,0
0,47,0,0,prompt_anchor,1,raw,raw,pinned,100,0,0,hard,structured_records,25.0,tmh_fidelity_paged_kv,0,19,16,14,True,0
0,47,14,18,recent_tail,0,raw,raw,hot,100,0,0,hard,structured_records,25.0,tmh_fidelity_paged_kv,1,19,16,14,True,0
0,31,1,13,prefill_payload,0,int8,int4,warm,25,75,50,hard,structured_records,25.0,tmh_fidelity_paged_kv,2,19,16,14,True,0
32,47,1,13,late_layer_payload,0,int8,int8,warm,35,65,50,hard,structured_records,25.0,tmh_fidelity_paged_kv,3,19,16,14,True,0
0,47,0,0,prompt_anchor,1,raw,raw,pinned,100,0,0,hard,instruction_persistence,25.0,tmh_fidelity_paged_kv,0,32,30,24,True,0
0,47,24,31,recent_tail,0,raw,raw,hot,100,0,0,hard,instruction_persistence,25.0,tmh_fidelity_paged_kv,1,32,30,24,True,0
0,31,1,23,prefill_payload,0,int8,int4,warm,25,75,50,hard,instruction_persistence,25.0,tmh_fidelity_paged_kv,2,32,30,24,True,0
32,47,1,23,late_layer_payload,0,int8,int8,warm,35,65,50,hard,instruction_persistence,25.0,tmh_fidelity_paged_kv,3,32,30,24,True,0
0,47,0,0,prompt_anchor,1,raw,raw,pinned,100,0,0,hard,multi_hop_bridge,25.0,tmh_fidelity_paged_kv,0,18,16,13,True,0
0,47,13,17,recent_tail,0,raw,raw,hot,100,0,0,hard,multi_hop_bridge,25.0,tmh_fidelity_paged_kv,1,18,16,13,True,0
0,31,1,12,prefill_payload,0,int8,int4,warm,25,75,50,hard,multi_hop_bridge,25.0,tmh_fidelity_paged_kv,2,18,16,13,True,0
32,47,1,12,late_layer_payload,0,int8,int8,warm,35,65,50,hard,multi_hop_bridge,25.0,tmh_fidelity_paged_kv,3,18,16,13,True,0
0,47,0,0,prompt_anchor,1,raw,raw,pinned,100,0,0,hard,payload_dense,25.0,tmh_fidelity_paged_kv,0,32,30,24,True,0
0,47,24,31,recent_tail,0,raw,raw,hot,100,0,0,hard,payload_dense,25.0,tmh_fidelity_paged_kv,1,32,30,24,True,0
0,31,1,23,prefill_payload,0,int8,int4,warm,25,75,50,hard,payload_dense,25.0,tmh_fidelity_paged_kv,2,32,30,24,True,0
32,47,1,23,late_layer_payload,0,int8,int8,warm,35,65,50,hard,payload_dense,25.0,tmh_fidelity_paged_kv,3,32,30,24,True,0
0,47,0,0,prompt_anchor,1,raw,raw,pinned,100,0,0,hard,long_generation_systems,25.0,tmh_fidelity_paged_kv,0,15,9,11,True,0
0,47,11,14,recent_tail,0,raw,raw,hot,100,0,0,hard,long_generation_systems,25.0,tmh_fidelity_paged_kv,1,15,9,11,True,0
0,31,1,10,prefill_payload,0,int8,int4,warm,25,75,50,hard,long_generation_systems,25.0,tmh_fidelity_paged_kv,2,15,9,11,True,0
32,47,1,10,late_layer_payload,0,int8,int8,warm,35,65,50,hard,long_generation_systems,25.0,tmh_fidelity_paged_kv,3,15,9,11,True,0
0,47,0,0,prompt_anchor,1,raw,raw,pinned,100,0,0,hard,early_anchor_long_tail,12.5,tmh_fidelity_paged_kv,0,31,30,27,True,0
0,47,27,30,recent_tail,0,raw,raw,hot,100,0,0,hard,early_anchor_long_tail,12.5,tmh_fidelity_paged_kv,1,31,30,27,True,0
0,31,1,26,prefill_payload,0,int8,int4,warm,25,75,50,hard,early_anchor_long_tail,12.5,tmh_fidelity_paged_kv,2,31,30,27,True,0
32,47,1,26,late_layer_payload,0,int8,int8,warm,35,65,50,hard,early_anchor_long_tail,12.5,tmh_fidelity_paged_kv,3,31,30,27,True,0
0,47,0,0,prompt_anchor,1,raw,raw,pinned,100,0,0,hard,middle_anchor_detour,12.5,tmh_fidelity_paged_kv,0,25,23,21,True,0
0,47,21,24,recent_tail,0,raw,raw,hot,100,0,0,hard,middle_anchor_detour,12.5,tmh_fidelity_paged_kv,1,25,23,21,True,0
0,31,1,20,prefill_payload,0,int8,int4,warm,25,75,50,hard,middle_anchor_detour,12.5,tmh_fidelity_paged_kv,2,25,23,21,True,0
32,47,1,20,late_layer_payload,0,int8,int8,warm,35,65,50,hard,middle_anchor_detour,12.5,tmh_fidelity_paged_kv,3,25,23,21,True,0
0,47,0,0,prompt_anchor,1,raw,raw,pinned,100,0,0,hard,late_anchor_control,12.5,tmh_fidelity_paged_kv,0,17,15,14,True,0
0,47,14,16,recent_tail,0,raw,raw,hot,100,0,0,hard,late_anchor_control,12.5,tmh_fidelity_paged_kv,1,17,15,14,True,0
0,31,1,13,prefill_payload,0,int8,int4,warm,25,75,50,hard,late_anchor_control,12.5,tmh_fidelity_paged_kv,2,17,15,14,True,0
32,47,1,13,late_layer_payload,0,int8,int8,warm,35,65,50,hard,late_anchor_control,12.5,tmh_fidelity_paged_kv,3,17,15,14,True,0
0,47,0,0,prompt_anchor,1,raw,raw,pinned,100,0,0,hard,decoy_collision,12.5,tmh_fidelity_paged_kv,0,18,16,15,True,0
0,47,15,17,recent_tail,0,raw,raw,hot,100,0,0,hard,decoy_collision,12.5,tmh_fidelity_paged_kv,1,18,16,15,True,0
0,31,1,14,prefill_payload,0,int8,int4,warm,25,75,50,hard,decoy_collision,12.5,tmh_fidelity_paged_kv,2,18,16,15,True,0
32,47,1,14,late_layer_payload,0,int8,int8,warm,35,65,50,hard,decoy_collision,12.5,tmh_fidelity_paged_kv,3,18,16,15,True,0
0,47,0,0,prompt_anchor,1,raw,raw,pinned,100,0,0,hard,routing_table,12.5,tmh_fidelity_paged_kv,0,18,16,15,True,0
0,47,15,17,recent_tail,0,raw,raw,hot,100,0,0,hard,routing_table,12.5,tmh_fidelity_paged_kv,1,18,16,15,True,0
0,31,1,14,prefill_payload,0,int8,int4,warm,25,75,50,hard,routing_table,12.5,tmh_fidelity_paged_kv,2,18,16,15,True,0
32,47,1,14,late_layer_payload,0,int8,int8,warm,35,65,50,hard,routing_table,12.5,tmh_fidelity_paged_kv,3,18,16,15,True,0
0,47,0,0,prompt_anchor,1,raw,raw,pinned,100,0,0,hard,structured_records,12.5,tmh_fidelity_paged_kv,0,19,16,16,True,0
0,47,16,18,recent_tail,0,raw,raw,hot,100,0,0,hard,structured_records,12.5,tmh_fidelity_paged_kv,1,19,16,16,True,0
0,31,1,15,prefill_payload,0,int8,int4,warm,25,75,50,hard,structured_records,12.5,tmh_fidelity_paged_kv,2,19,16,16,True,0
32,47,1,15,late_layer_payload,0,int8,int8,warm,35,65,50,hard,structured_records,12.5,tmh_fidelity_paged_kv,3,19,16,16,True,0
0,47,0,0,prompt_anchor,1,raw,raw,pinned,100,0,0,hard,instruction_persistence,12.5,tmh_fidelity_paged_kv,0,32,30,28,True,0
0,47,28,31,recent_tail,0,raw,raw,hot,100,0,0,hard,instruction_persistence,12.5,tmh_fidelity_paged_kv,1,32,30,28,True,0
0,31,1,27,prefill_payload,0,int8,int4,warm,25,75,50,hard,instruction_persistence,12.5,tmh_fidelity_paged_kv,2,32,30,28,True,0
32,47,1,27,late_layer_payload,0,int8,int8,warm,35,65,50,hard,instruction_persistence,12.5,tmh_fidelity_paged_kv,3,32,30,28,True,0
0,47,0,0,prompt_anchor,1,raw,raw,pinned,100,0,0,hard,multi_hop_bridge,12.5,tmh_fidelity_paged_kv,0,18,16,15,True,0
0,47,15,17,recent_tail,0,raw,raw,hot,100,0,0,hard,multi_hop_bridge,12.5,tmh_fidelity_paged_kv,1,18,16,15,True,0
0,31,1,14,prefill_payload,0,int8,int4,warm,25,75,50,hard,multi_hop_bridge,12.5,tmh_fidelity_paged_kv,2,18,16,15,True,0
32,47,1,14,late_layer_payload,0,int8,int8,warm,35,65,50,hard,multi_hop_bridge,12.5,tmh_fidelity_paged_kv,3,18,16,15,True,0
0,47,0,0,prompt_anchor,1,raw,raw,pinned,100,0,0,hard,payload_dense,12.5,tmh_fidelity_paged_kv,0,32,30,28,True,0
0,47,28,31,recent_tail,0,raw,raw,hot,100,0,0,hard,payload_dense,12.5,tmh_fidelity_paged_kv,1,32,30,28,True,0
0,31,1,27,prefill_payload,0,int8,int4,warm,25,75,50,hard,payload_dense,12.5,tmh_fidelity_paged_kv,2,32,30,28,True,0
32,47,1,27,late_layer_payload,0,int8,int8,warm,35,65,50,hard,payload_dense,12.5,tmh_fidelity_paged_kv,3,32,30,28,True,0
0,47,0,0,prompt_anchor,1,raw,raw,pinned,100,0,0,hard,long_generation_systems,12.5,tmh_fidelity_paged_kv,0,15,9,13,True,0
0,47,13,14,recent_tail,0,raw,raw,hot,100,0,0,hard,long_generation_systems,12.5,tmh_fidelity_paged_kv,1,15,9,13,True,0
0,31,1,12,prefill_payload,0,int8,int4,warm,25,75,50,hard,long_generation_systems,12.5,tmh_fidelity_paged_kv,2,15,9,13,True,0
32,47,1,12,late_layer_payload,0,int8,int8,warm,35,65,50,hard,long_generation_systems,12.5,tmh_fidelity_paged_kv,3,15,9,13,True,0
0,47,0,0,prompt_anchor,1,raw,raw,pinned,100,0,0,hard,early_anchor_long_tail,6.25,tmh_fidelity_paged_kv,0,31,30,29,True,0
0,47,29,30,recent_tail,0,raw,raw,hot,100,0,0,hard,early_anchor_long_tail,6.25,tmh_fidelity_paged_kv,1,31,30,29,True,0
0,31,1,28,prefill_payload,0,int8,int4,warm,25,75,50,hard,early_anchor_long_tail,6.25,tmh_fidelity_paged_kv,2,31,30,29,True,0
32,47,1,28,late_layer_payload,0,int8,int8,warm,35,65,50,hard,early_anchor_long_tail,6.25,tmh_fidelity_paged_kv,3,31,30,29,True,0
0,47,0,0,prompt_anchor,1,raw,raw,pinned,100,0,0,hard,middle_anchor_detour,6.25,tmh_fidelity_paged_kv,0,25,23,23,True,0
0,47,23,24,recent_tail,0,raw,raw,hot,100,0,0,hard,middle_anchor_detour,6.25,tmh_fidelity_paged_kv,1,25,23,23,True,0
0,31,1,22,prefill_payload,0,int8,int4,warm,25,75,50,hard,middle_anchor_detour,6.25,tmh_fidelity_paged_kv,2,25,23,23,True,0
32,47,1,22,late_layer_payload,0,int8,int8,warm,35,65,50,hard,middle_anchor_detour,6.25,tmh_fidelity_paged_kv,3,25,23,23,True,0
0,47,0,0,prompt_anchor,1,raw,raw,pinned,100,0,0,hard,late_anchor_control,6.25,tmh_fidelity_paged_kv,0,17,15,15,True,0
0,47,15,16,recent_tail,0,raw,raw,hot,100,0,0,hard,late_anchor_control,6.25,tmh_fidelity_paged_kv,1,17,15,15,True,0
0,31,1,14,prefill_payload,0,int8,int4,warm,25,75,50,hard,late_anchor_control,6.25,tmh_fidelity_paged_kv,2,17,15,15,True,0
32,47,1,14,late_layer_payload,0,int8,int8,warm,35,65,50,hard,late_anchor_control,6.25,tmh_fidelity_paged_kv,3,17,15,15,True,0
0,47,0,0,prompt_anchor,1,raw,raw,pinned,100,0,0,hard,decoy_collision,6.25,tmh_fidelity_paged_kv,0,18,16,16,True,0
0,47,16,17,recent_tail,0,raw,raw,hot,100,0,0,hard,decoy_collision,6.25,tmh_fidelity_paged_kv,1,18,16,16,True,0
0,31,1,15,prefill_payload,0,int8,int4,warm,25,75,50,hard,decoy_collision,6.25,tmh_fidelity_paged_kv,2,18,16,16,True,0
32,47,1,15,late_layer_payload,0,int8,int8,warm,35,65,50,hard,decoy_collision,6.25,tmh_fidelity_paged_kv,3,18,16,16,True,0
0,47,0,0,prompt_anchor,1,raw,raw,pinned,100,0,0,hard,routing_table,6.25,tmh_fidelity_paged_kv,0,18,16,16,True,0
0,47,16,17,recent_tail,0,raw,raw,hot,100,0,0,hard,routing_table,6.25,tmh_fidelity_paged_kv,1,18,16,16,True,0
0,31,1,15,prefill_payload,0,int8,int4,warm,25,75,50,hard,routing_table,6.25,tmh_fidelity_paged_kv,2,18,16,16,True,0
32,47,1,15,late_layer_payload,0,int8,int8,warm,35,65,50,hard,routing_table,6.25,tmh_fidelity_paged_kv,3,18,16,16,True,0
0,47,0,0,prompt_anchor,1,raw,raw,pinned,100,0,0,hard,structured_records,6.25,tmh_fidelity_paged_kv,0,19,16,17,True,0
0,47,17,18,recent_tail,0,raw,raw,hot,100,0,0,hard,structured_records,6.25,tmh_fidelity_paged_kv,1,19,16,17,True,0
0,31,1,16,prefill_payload,0,int8,int4,warm,25,75,50,hard,structured_records,6.25,tmh_fidelity_paged_kv,2,19,16,17,True,0
32,47,1,16,late_layer_payload,0,int8,int8,warm,35,65,50,hard,structured_records,6.25,tmh_fidelity_paged_kv,3,19,16,17,True,0
0,47,0,0,prompt_anchor,1,raw,raw,pinned,100,0,0,hard,instruction_persistence,6.25,tmh_fidelity_paged_kv,0,32,30,30,True,0
0,47,30,31,recent_tail,0,raw,raw,hot,100,0,0,hard,instruction_persistence,6.25,tmh_fidelity_paged_kv,1,32,30,30,True,0
0,31,1,29,prefill_payload,0,int8,int4,warm,25,75,50,hard,instruction_persistence,6.25,tmh_fidelity_paged_kv,2,32,30,30,True,0
32,47,1,29,late_layer_payload,0,int8,int8,warm,35,65,50,hard,instruction_persistence,6.25,tmh_fidelity_paged_kv,3,32,30,30,True,0
0,47,0,0,prompt_anchor,1,raw,raw,pinned,100,0,0,hard,multi_hop_bridge,6.25,tmh_fidelity_paged_kv,0,18,16,16,True,0
0,47,16,17,recent_tail,0,raw,raw,hot,100,0,0,hard,multi_hop_bridge,6.25,tmh_fidelity_paged_kv,1,18,16,16,True,0
0,31,1,15,prefill_payload,0,int8,int4,warm,25,75,50,hard,multi_hop_bridge,6.25,tmh_fidelity_paged_kv,2,18,16,16,True,0
32,47,1,15,late_layer_payload,0,int8,int8,warm,35,65,50,hard,multi_hop_bridge,6.25,tmh_fidelity_paged_kv,3,18,16,16,True,0
0,47,0,0,prompt_anchor,1,raw,raw,pinned,100,0,0,hard,payload_dense,6.25,tmh_fidelity_paged_kv,0,32,30,30,True,0
0,47,30,31,recent_tail,0,raw,raw,hot,100,0,0,hard,payload_dense,6.25,tmh_fidelity_paged_kv,1,32,30,30,True,0
0,31,1,29,prefill_payload,0,int8,int4,warm,25,75,50,hard,payload_dense,6.25,tmh_fidelity_paged_kv,2,32,30,30,True,0
32,47,1,29,late_layer_payload,0,int8,int8,warm,35,65,50,hard,payload_dense,6.25,tmh_fidelity_paged_kv,3,32,30,30,True,0
0,47,0,0,prompt_anchor,1,raw,raw,pinned,100,0,0,hard,long_generation_systems,6.25,tmh_fidelity_paged_kv,0,15,9,14,True,0
0,47,14,14,recent_tail,0,raw,raw,hot,100,0,0,hard,long_generation_systems,6.25,tmh_fidelity_paged_kv,1,15,9,14,True,0
0,31,1,13,prefill_payload,0,int8,int4,warm,25,75,50,hard,long_generation_systems,6.25,tmh_fidelity_paged_kv,2,15,9,14,True,0
32,47,1,13,late_layer_payload,0,int8,int8,warm,35,65,50,hard,long_generation_systems,6.25,tmh_fidelity_paged_kv,3,15,9,14,True,0
0,47,0,0,prompt_anchor,1,raw,raw,pinned,100,0,0,hard,early_anchor_long_tail,3.125,tmh_fidelity_paged_kv,0,31,30,30,True,0
0,47,30,30,recent_tail,0,raw,raw,hot,100,0,0,hard,early_anchor_long_tail,3.125,tmh_fidelity_paged_kv,1,31,30,30,True,0
0,31,1,29,prefill_payload,0,int8,int4,warm,25,75,50,hard,early_anchor_long_tail,3.125,tmh_fidelity_paged_kv,2,31,30,30,True,0
32,47,1,29,late_layer_payload,0,int8,int8,warm,35,65,50,hard,early_anchor_long_tail,3.125,tmh_fidelity_paged_kv,3,31,30,30,True,0
0,47,0,0,prompt_anchor,1,raw,raw,pinned,100,0,0,hard,middle_anchor_detour,3.125,tmh_fidelity_paged_kv,0,25,23,24,True,0
0,47,24,24,recent_tail,0,raw,raw,hot,100,0,0,hard,middle_anchor_detour,3.125,tmh_fidelity_paged_kv,1,25,23,24,True,0
0,31,1,23,prefill_payload,0,int8,int4,warm,25,75,50,hard,middle_anchor_detour,3.125,tmh_fidelity_paged_kv,2,25,23,24,True,0
32,47,1,23,late_layer_payload,0,int8,int8,warm,35,65,50,hard,middle_anchor_detour,3.125,tmh_fidelity_paged_kv,3,25,23,24,True,0
0,47,0,0,prompt_anchor,1,raw,raw,pinned,100,0,0,hard,late_anchor_control,3.125,tmh_fidelity_paged_kv,0,17,15,16,True,0
0,47,16,16,recent_tail,0,raw,raw,hot,100,0,0,hard,late_anchor_control,3.125,tmh_fidelity_paged_kv,1,17,15,16,True,0
0,31,1,15,prefill_payload,0,int8,int4,warm,25,75,50,hard,late_anchor_control,3.125,tmh_fidelity_paged_kv,2,17,15,16,True,0
32,47,1,15,late_layer_payload,0,int8,int8,warm,35,65,50,hard,late_anchor_control,3.125,tmh_fidelity_paged_kv,3,17,15,16,True,0
0,47,0,0,prompt_anchor,1,raw,raw,pinned,100,0,0,hard,decoy_collision,3.125,tmh_fidelity_paged_kv,0,18,16,17,True,0
0,47,17,17,recent_tail,0,raw,raw,hot,100,0,0,hard,decoy_collision,3.125,tmh_fidelity_paged_kv,1,18,16,17,True,0
0,31,1,16,prefill_payload,0,int8,int4,warm,25,75,50,hard,decoy_collision,3.125,tmh_fidelity_paged_kv,2,18,16,17,True,0
32,47,1,16,late_layer_payload,0,int8,int8,warm,35,65,50,hard,decoy_collision,3.125,tmh_fidelity_paged_kv,3,18,16,17,True,0
0,47,0,0,prompt_anchor,1,raw,raw,pinned,100,0,0,hard,routing_table,3.125,tmh_fidelity_paged_kv,0,18,16,17,True,0
0,47,17,17,recent_tail,0,raw,raw,hot,100,0,0,hard,routing_table,3.125,tmh_fidelity_paged_kv,1,18,16,17,True,0
0,31,1,16,prefill_payload,0,int8,int4,warm,25,75,50,hard,routing_table,3.125,tmh_fidelity_paged_kv,2,18,16,17,True,0
32,47,1,16,late_layer_payload,0,int8,int8,warm,35,65,50,hard,routing_table,3.125,tmh_fidelity_paged_kv,3,18,16,17,True,0
0,47,0,0,prompt_anchor,1,raw,raw,pinned,100,0,0,hard,structured_records,3.125,tmh_fidelity_paged_kv,0,19,16,18,True,0
0,47,18,18,recent_tail,0,raw,raw,hot,100,0,0,hard,structured_records,3.125,tmh_fidelity_paged_kv,1,19,16,18,True,0
0,31,1,17,prefill_payload,0,int8,int4,warm,25,75,50,hard,structured_records,3.125,tmh_fidelity_paged_kv,2,19,16,18,True,0
32,47,1,17,late_layer_payload,0,int8,int8,warm,35,65,50,hard,structured_records,3.125,tmh_fidelity_paged_kv,3,19,16,18,True,0
0,47,0,0,prompt_anchor,1,raw,raw,pinned,100,0,0,hard,instruction_persistence,3.125,tmh_fidelity_paged_kv,0,32,30,31,True,0
0,47,31,31,recent_tail,0,raw,raw,hot,100,0,0,hard,instruction_persistence,3.125,tmh_fidelity_paged_kv,1,32,30,31,True,0
0,31,1,30,prefill_payload,0,int8,int4,warm,25,75,50,hard,instruction_persistence,3.125,tmh_fidelity_paged_kv,2,32,30,31,True,0
32,47,1,30,late_layer_payload,0,int8,int8,warm,35,65,50,hard,instruction_persistence,3.125,tmh_fidelity_paged_kv,3,32,30,31,True,0
0,47,0,0,prompt_anchor,1,raw,raw,pinned,100,0,0,hard,multi_hop_bridge,3.125,tmh_fidelity_paged_kv,0,18,16,17,True,0
0,47,17,17,recent_tail,0,raw,raw,hot,100,0,0,hard,multi_hop_bridge,3.125,tmh_fidelity_paged_kv,1,18,16,17,True,0
0,31,1,16,prefill_payload,0,int8,int4,warm,25,75,50,hard,multi_hop_bridge,3.125,tmh_fidelity_paged_kv,2,18,16,17,True,0
32,47,1,16,late_layer_payload,0,int8,int8,warm,35,65,50,hard,multi_hop_bridge,3.125,tmh_fidelity_paged_kv,3,18,16,17,True,0
0,47,0,0,prompt_anchor,1,raw,raw,pinned,100,0,0,hard,payload_dense,3.125,tmh_fidelity_paged_kv,0,32,30,31,True,0
0,47,31,31,recent_tail,0,raw,raw,hot,100,0,0,hard,payload_dense,3.125,tmh_fidelity_paged_kv,1,32,30,31,True,0
0,31,1,30,prefill_payload,0,int8,int4,warm,25,75,50,hard,payload_dense,3.125,tmh_fidelity_paged_kv,2,32,30,31,True,0
32,47,1,30,late_layer_payload,0,int8,int8,warm,35,65,50,hard,payload_dense,3.125,tmh_fidelity_paged_kv,3,32,30,31,True,0
0,47,0,0,prompt_anchor,1,raw,raw,pinned,100,0,0,hard,long_generation_systems,3.125,tmh_fidelity_paged_kv,0,15,9,14,True,0
0,47,14,14,recent_tail,0,raw,raw,hot,100,0,0,hard,long_generation_systems,3.125,tmh_fidelity_paged_kv,1,15,9,14,True,0
0,31,1,13,prefill_payload,0,int8,int4,warm,25,75,50,hard,long_generation_systems,3.125,tmh_fidelity_paged_kv,2,15,9,14,True,0
32,47,1,13,late_layer_payload,0,int8,int8,warm,35,65,50,hard,long_generation_systems,3.125,tmh_fidelity_paged_kv,3,15,9,14,True,0
0,47,0,0,prompt_anchor,1,raw,raw,pinned,100,0,0,hard,early_anchor_long_tail,0.0,tmh_fidelity_paged_kv,0,31,30,31,True,0
0,31,1,30,prefill_payload,0,int8,int4,warm,25,75,50,hard,early_anchor_long_tail,0.0,tmh_fidelity_paged_kv,1,31,30,31,True,0
32,47,1,30,late_layer_payload,0,int8,int8,warm,35,65,50,hard,early_anchor_long_tail,0.0,tmh_fidelity_paged_kv,2,31,30,31,True,0
0,47,0,0,prompt_anchor,1,raw,raw,pinned,100,0,0,hard,middle_anchor_detour,0.0,tmh_fidelity_paged_kv,0,25,23,25,True,0
0,31,1,24,prefill_payload,0,int8,int4,warm,25,75,50,hard,middle_anchor_detour,0.0,tmh_fidelity_paged_kv,1,25,23,25,True,0
32,47,1,24,late_layer_payload,0,int8,int8,warm,35,65,50,hard,middle_anchor_detour,0.0,tmh_fidelity_paged_kv,2,25,23,25,True,0
0,47,0,0,prompt_anchor,1,raw,raw,pinned,100,0,0,hard,late_anchor_control,0.0,tmh_fidelity_paged_kv,0,17,15,17,True,0
0,31,1,16,prefill_payload,0,int8,int4,warm,25,75,50,hard,late_anchor_control,0.0,tmh_fidelity_paged_kv,1,17,15,17,True,0
32,47,1,16,late_layer_payload,0,int8,int8,warm,35,65,50,hard,late_anchor_control,0.0,tmh_fidelity_paged_kv,2,17,15,17,True,0
0,47,0,0,prompt_anchor,1,raw,raw,pinned,100,0,0,hard,decoy_collision,0.0,tmh_fidelity_paged_kv,0,18,16,18,True,0
0,31,1,17,prefill_payload,0,int8,int4,warm,25,75,50,hard,decoy_collision,0.0,tmh_fidelity_paged_kv,1,18,16,18,True,0
32,47,1,17,late_layer_payload,0,int8,int8,warm,35,65,50,hard,decoy_collision,0.0,tmh_fidelity_paged_kv,2,18,16,18,True,0
0,47,0,0,prompt_anchor,1,raw,raw,pinned,100,0,0,hard,routing_table,0.0,tmh_fidelity_paged_kv,0,18,16,18,True,0
0,31,1,17,prefill_payload,0,int8,int4,warm,25,75,50,hard,routing_table,0.0,tmh_fidelity_paged_kv,1,18,16,18,True,0
32,47,1,17,late_layer_payload,0,int8,int8,warm,35,65,50,hard,routing_table,0.0,tmh_fidelity_paged_kv,2,18,16,18,True,0
0,47,0,0,prompt_anchor,1,raw,raw,pinned,100,0,0,hard,structured_records,0.0,tmh_fidelity_paged_kv,0,19,16,19,True,0
0,31,1,18,prefill_payload,0,int8,int4,warm,25,75,50,hard,structured_records,0.0,tmh_fidelity_paged_kv,1,19,16,19,True,0
32,47,1,18,late_layer_payload,0,int8,int8,warm,35,65,50,hard,structured_records,0.0,tmh_fidelity_paged_kv,2,19,16,19,True,0
0,47,0,0,prompt_anchor,1,raw,raw,pinned,100,0,0,hard,instruction_persistence,0.0,tmh_fidelity_paged_kv,0,32,30,32,True,0
0,31,1,31,prefill_payload,0,int8,int4,warm,25,75,50,hard,instruction_persistence,0.0,tmh_fidelity_paged_kv,1,32,30,32,True,0
32,47,1,31,late_layer_payload,0,int8,int8,warm,35,65,50,hard,instruction_persistence,0.0,tmh_fidelity_paged_kv,2,32,30,32,True,0
0,47,0,0,prompt_anchor,1,raw,raw,pinned,100,0,0,hard,multi_hop_bridge,0.0,tmh_fidelity_paged_kv,0,18,16,18,True,0
0,31,1,17,prefill_payload,0,int8,int4,warm,25,75,50,hard,multi_hop_bridge,0.0,tmh_fidelity_paged_kv,1,18,16,18,True,0
32,47,1,17,late_layer_payload,0,int8,int8,warm,35,65,50,hard,multi_hop_bridge,0.0,tmh_fidelity_paged_kv,2,18,16,18,True,0
0,47,0,0,prompt_anchor,1,raw,raw,pinned,100,0,0,hard,payload_dense,0.0,tmh_fidelity_paged_kv,0,32,30,32,True,0
0,31,1,31,prefill_payload,0,int8,int4,warm,25,75,50,hard,payload_dense,0.0,tmh_fidelity_paged_kv,1,32,30,32,True,0
32,47,1,31,late_layer_payload,0,int8,int8,warm,35,65,50,hard,payload_dense,0.0,tmh_fidelity_paged_kv,2,32,30,32,True,0
0,47,0,0,prompt_anchor,1,raw,raw,pinned,100,0,0,hard,long_generation_systems,0.0,tmh_fidelity_paged_kv,0,15,9,15,True,0
0,31,1,14,prefill_payload,0,int8,int4,warm,25,75,50,hard,long_generation_systems,0.0,tmh_fidelity_paged_kv,1,15,9,15,True,0
32,47,1,14,late_layer_payload,0,int8,int8,warm,35,65,50,hard,long_generation_systems,0.0,tmh_fidelity_paged_kv,2,15,9,15,True,0
