run_index,model_id,case,page_tokens,budget_pct,old_tokens,warm_reduction_vs_uniform_int8_pct,total_reduction_vs_same_hot_uniform_int8_pct,compression_vs_raw_pct
0,JunHowie/Qwen3-32B-GPTQ-Int4,run00_endpoint_early_anchor_long_tail,8,75.0,2216,16.406,2.329,14.472
0,JunHowie/Qwen3-32B-GPTQ-Int4,run00_endpoint_early_anchor_long_tail,8,50.0,4448,16.406,5.456,29.049
0,JunHowie/Qwen3-32B-GPTQ-Int4,run00_endpoint_early_anchor_long_tail,8,25.0,6672,16.406,9.816,43.574
0,JunHowie/Qwen3-32B-GPTQ-Int4,run00_endpoint_early_anchor_long_tail,8,12.5,7784,16.406,12.72,50.836
0,JunHowie/Qwen3-32B-GPTQ-Int4,run00_endpoint_early_anchor_long_tail,8,6.25,8344,16.406,14.44,54.494
0,JunHowie/Qwen3-32B-GPTQ-Int4,run00_endpoint_early_anchor_long_tail,8,3.125,8624,16.406,15.379,56.322
0,JunHowie/Qwen3-32B-GPTQ-Int4,run00_endpoint_early_anchor_long_tail,8,1.0,8808,16.406,16.028,57.524
0,JunHowie/Qwen3-32B-GPTQ-Int4,run00_endpoint_early_anchor_long_tail,8,0.0,8904,16.406,16.377,58.151
0,JunHowie/Qwen3-32B-GPTQ-Int4,run00_endpoint_early_anchor_long_tail,16,75.0,2208,16.406,2.32,14.42
0,JunHowie/Qwen3-32B-GPTQ-Int4,run00_endpoint_early_anchor_long_tail,16,50.0,4432,16.406,5.43,28.945
0,JunHowie/Qwen3-32B-GPTQ-Int4,run00_endpoint_early_anchor_long_tail,16,25.0,6656,16.406,9.778,43.469
0,JunHowie/Qwen3-32B-GPTQ-Int4,run00_endpoint_early_anchor_long_tail,16,12.5,7776,16.406,12.697,50.784
0,JunHowie/Qwen3-32B-GPTQ-Int4,run00_endpoint_early_anchor_long_tail,16,6.25,8336,16.406,14.414,54.441
0,JunHowie/Qwen3-32B-GPTQ-Int4,run00_endpoint_early_anchor_long_tail,16,3.125,8608,16.406,15.324,56.218
0,JunHowie/Qwen3-32B-GPTQ-Int4,run00_endpoint_early_anchor_long_tail,16,1.0,8800,16.406,15.999,57.472
0,JunHowie/Qwen3-32B-GPTQ-Int4,run00_endpoint_early_anchor_long_tail,16,0.0,8896,16.406,16.347,58.099
0,JunHowie/Qwen3-32B-GPTQ-Int4,run00_endpoint_early_anchor_long_tail,32,75.0,2176,16.406,2.281,14.211
0,JunHowie/Qwen3-32B-GPTQ-Int4,run00_endpoint_early_anchor_long_tail,32,50.0,4416,16.406,5.403,28.84
0,JunHowie/Qwen3-32B-GPTQ-Int4,run00_endpoint_early_anchor_long_tail,32,25.0,6656,16.406,9.778,43.469
0,JunHowie/Qwen3-32B-GPTQ-Int4,run00_endpoint_early_anchor_long_tail,32,12.5,7776,16.406,12.697,50.784
0,JunHowie/Qwen3-32B-GPTQ-Int4,run00_endpoint_early_anchor_long_tail,32,6.25,8320,16.406,14.362,54.337
0,JunHowie/Qwen3-32B-GPTQ-Int4,run00_endpoint_early_anchor_long_tail,32,3.125,8608,16.406,15.324,56.218
0,JunHowie/Qwen3-32B-GPTQ-Int4,run00_endpoint_early_anchor_long_tail,32,1.0,8800,16.406,15.999,57.472
0,JunHowie/Qwen3-32B-GPTQ-Int4,run00_endpoint_early_anchor_long_tail,32,0.0,8880,16.406,16.289,57.994
0,JunHowie/Qwen3-32B-GPTQ-Int4,run00_endpoint_early_anchor_long_tail,64,75.0,2176,16.406,2.281,14.211
0,JunHowie/Qwen3-32B-GPTQ-Int4,run00_endpoint_early_anchor_long_tail,64,50.0,4416,16.406,5.403,28.84
0,JunHowie/Qwen3-32B-GPTQ-Int4,run00_endpoint_early_anchor_long_tail,64,25.0,6656,16.406,9.778,43.469
0,JunHowie/Qwen3-32B-GPTQ-Int4,run00_endpoint_early_anchor_long_tail,64,12.5,7744,16.406,12.604,50.575
0,JunHowie/Qwen3-32B-GPTQ-Int4,run00_endpoint_early_anchor_long_tail,64,6.25,8320,16.406,14.362,54.337
0,JunHowie/Qwen3-32B-GPTQ-Int4,run00_endpoint_early_anchor_long_tail,64,3.125,8576,16.406,15.214,56.009
0,JunHowie/Qwen3-32B-GPTQ-Int4,run00_endpoint_early_anchor_long_tail,64,1.0,8768,16.406,15.884,57.263
0,JunHowie/Qwen3-32B-GPTQ-Int4,run00_endpoint_early_anchor_long_tail,64,0.0,8848,16.406,16.172,57.785
0,JunHowie/Qwen3-32B-GPTQ-Int4,run00_endpoint_early_anchor_long_tail,128,75.0,2048,16.406,2.13,13.375
0,JunHowie/Qwen3-32B-GPTQ-Int4,run00_endpoint_early_anchor_long_tail,128,50.0,4352,16.406,5.3,28.422
0,JunHowie/Qwen3-32B-GPTQ-Int4,run00_endpoint_early_anchor_long_tail,128,25.0,6528,16.406,9.481,42.634
0,JunHowie/Qwen3-32B-GPTQ-Int4,run00_endpoint_early_anchor_long_tail,128,12.5,7680,16.406,12.421,50.157
0,JunHowie/Qwen3-32B-GPTQ-Int4,run00_endpoint_early_anchor_long_tail,128,6.25,8192,16.406,13.953,53.501
0,JunHowie/Qwen3-32B-GPTQ-Int4,run00_endpoint_early_anchor_long_tail,128,3.125,8448,16.406,14.782,55.173
0,JunHowie/Qwen3-32B-GPTQ-Int4,run00_endpoint_early_anchor_long_tail,128,1.0,8704,16.406,15.658,56.845
0,JunHowie/Qwen3-32B-GPTQ-Int4,run00_endpoint_early_anchor_long_tail,128,0.0,8784,16.406,15.942,57.367
0,JunHowie/Qwen3-32B-GPTQ-Int4,run00_endpoint_middle_anchor_detour,8,75.0,2296,16.406,2.328,14.463
0,JunHowie/Qwen3-32B-GPTQ-Int4,run00_endpoint_middle_anchor_detour,8,50.0,4608,16.406,5.45,29.026
0,JunHowie/Qwen3-32B-GPTQ-Int4,run00_endpoint_middle_anchor_detour,8,25.0,6920,16.406,9.821,43.589
0,JunHowie/Qwen3-32B-GPTQ-Int4,run00_endpoint_middle_anchor_detour,8,12.5,8072,16.406,12.724,50.846
0,JunHowie/Qwen3-32B-GPTQ-Int4,run00_endpoint_middle_anchor_detour,8,6.25,8648,16.406,14.431,54.474
0,JunHowie/Qwen3-32B-GPTQ-Int4,run00_endpoint_middle_anchor_detour,8,3.125,8936,16.406,15.361,56.288
0,JunHowie/Qwen3-32B-GPTQ-Int4,run00_endpoint_middle_anchor_detour,8,1.0,9136,16.406,16.041,57.548
0,JunHowie/Qwen3-32B-GPTQ-Int4,run00_endpoint_middle_anchor_detour,8,0.0,9232,16.406,16.378,58.153
0,JunHowie/Qwen3-32B-GPTQ-Int4,run00_endpoint_middle_anchor_detour,16,75.0,2288,16.406,2.318,14.412
0,JunHowie/Qwen3-32B-GPTQ-Int4,run00_endpoint_middle_anchor_detour,16,50.0,4608,16.406,5.45,29.026
0,JunHowie/Qwen3-32B-GPTQ-Int4,run00_endpoint_middle_anchor_detour,16,25.0,6912,16.406,9.803,43.539
0,JunHowie/Qwen3-32B-GPTQ-Int4,run00_endpoint_middle_anchor_detour,16,12.5,8064,16.406,12.702,50.795
0,JunHowie/Qwen3-32B-GPTQ-Int4,run00_endpoint_middle_anchor_detour,16,6.25,8640,16.406,14.405,54.424
0,JunHowie/Qwen3-32B-GPTQ-Int4,run00_endpoint_middle_anchor_detour,16,3.125,8928,16.406,15.334,56.238
0,JunHowie/Qwen3-32B-GPTQ-Int4,run00_endpoint_middle_anchor_detour,16,1.0,9136,16.406,16.041,57.548
0,JunHowie/Qwen3-32B-GPTQ-Int4,run00_endpoint_middle_anchor_detour,16,0.0,9224,16.406,16.35,58.102
0,JunHowie/Qwen3-32B-GPTQ-Int4,run00_endpoint_middle_anchor_detour,32,75.0,2272,16.406,2.3,14.311
0,JunHowie/Qwen3-32B-GPTQ-Int4,run00_endpoint_middle_anchor_detour,32,50.0,4576,16.406,5.4,28.824
0,JunHowie/Qwen3-32B-GPTQ-Int4,run00_endpoint_middle_anchor_detour,32,25.0,6880,16.406,9.731,43.337
0,JunHowie/Qwen3-32B-GPTQ-Int4,run00_endpoint_middle_anchor_detour,32,12.5,8032,16.406,12.612,50.594
0,JunHowie/Qwen3-32B-GPTQ-Int4,run00_endpoint_middle_anchor_detour,32,6.25,8608,16.406,14.306,54.222
0,JunHowie/Qwen3-32B-GPTQ-Int4,run00_endpoint_middle_anchor_detour,32,3.125,8896,16.406,15.229,56.036
0,JunHowie/Qwen3-32B-GPTQ-Int4,run00_endpoint_middle_anchor_detour,32,1.0,9120,16.406,15.986,57.447
0,JunHowie/Qwen3-32B-GPTQ-Int4,run00_endpoint_middle_anchor_detour,32,0.0,9208,16.406,16.293,58.002
0,JunHowie/Qwen3-32B-GPTQ-Int4,run00_endpoint_middle_anchor_detour,64,75.0,2240,16.406,2.263,14.11
0,JunHowie/Qwen3-32B-GPTQ-Int4,run00_endpoint_middle_anchor_detour,64,50.0,4544,16.406,5.349,28.623
0,JunHowie/Qwen3-32B-GPTQ-Int4,run00_endpoint_middle_anchor_detour,64,25.0,6848,16.406,9.659,43.136
0,JunHowie/Qwen3-32B-GPTQ-Int4,run00_endpoint_middle_anchor_detour,64,12.5,8000,16.406,12.524,50.392
0,JunHowie/Qwen3-32B-GPTQ-Int4,run00_endpoint_middle_anchor_detour,64,6.25,8576,16.406,14.206,54.021
0,JunHowie/Qwen3-32B-GPTQ-Int4,run00_endpoint_middle_anchor_detour,64,3.125,8896,16.406,15.229,56.036
0,JunHowie/Qwen3-32B-GPTQ-Int4,run00_endpoint_middle_anchor_detour,64,1.0,9088,16.406,15.875,57.246
0,JunHowie/Qwen3-32B-GPTQ-Int4,run00_endpoint_middle_anchor_detour,64,0.0,9176,16.406,16.181,57.8
0,JunHowie/Qwen3-32B-GPTQ-Int4,run00_endpoint_middle_anchor_detour,128,75.0,2176,16.406,2.19,13.707
0,JunHowie/Qwen3-32B-GPTQ-Int4,run00_endpoint_middle_anchor_detour,128,50.0,4480,16.406,5.25,28.22
0,JunHowie/Qwen3-32B-GPTQ-Int4,run00_endpoint_middle_anchor_detour,128,25.0,6784,16.406,9.516,42.733
0,JunHowie/Qwen3-32B-GPTQ-Int4,run00_endpoint_middle_anchor_detour,128,12.5,7936,16.406,12.348,49.989
0,JunHowie/Qwen3-32B-GPTQ-Int4,run00_endpoint_middle_anchor_detour,128,6.25,8576,16.406,14.206,54.021
0,JunHowie/Qwen3-32B-GPTQ-Int4,run00_endpoint_middle_anchor_detour,128,3.125,8832,16.406,15.019,55.633
0,JunHowie/Qwen3-32B-GPTQ-Int4,run00_endpoint_middle_anchor_detour,128,1.0,9088,16.406,15.875,57.246
0,JunHowie/Qwen3-32B-GPTQ-Int4,run00_endpoint_middle_anchor_detour,128,0.0,9112,16.406,15.958,57.397
0,JunHowie/Qwen3-32B-GPTQ-Int4,run00_endpoint_late_anchor_control,8,75.0,2320,16.406,2.33,14.477
0,JunHowie/Qwen3-32B-GPTQ-Int4,run00_endpoint_late_anchor_control,8,50.0,4656,16.406,5.457,29.055
0,JunHowie/Qwen3-32B-GPTQ-Int4,run00_endpoint_late_anchor_control,8,25.0,6984,16.406,9.818,43.582
0,JunHowie/Qwen3-32B-GPTQ-Int4,run00_endpoint_late_anchor_control,8,12.5,8152,16.406,12.735,50.871
0,JunHowie/Qwen3-32B-GPTQ-Int4,run00_endpoint_late_anchor_control,8,6.25,8736,16.406,14.451,54.515
0,JunHowie/Qwen3-32B-GPTQ-Int4,run00_endpoint_late_anchor_control,8,3.125,9024,16.406,15.374,56.312
0,JunHowie/Qwen3-32B-GPTQ-Int4,run00_endpoint_late_anchor_control,8,1.0,9224,16.406,16.048,57.56
0,JunHowie/Qwen3-32B-GPTQ-Int4,run00_endpoint_late_anchor_control,8,0.0,9319,16.406,16.378,58.153
0,JunHowie/Qwen3-32B-GPTQ-Int4,run00_endpoint_late_anchor_control,16,75.0,2304,16.406,2.312,14.378
0,JunHowie/Qwen3-32B-GPTQ-Int4,run00_endpoint_late_anchor_control,16,50.0,4640,16.406,5.432,28.955
0,JunHowie/Qwen3-32B-GPTQ-Int4,run00_endpoint_late_anchor_control,16,25.0,6976,16.406,9.8,43.532
0,JunHowie/Qwen3-32B-GPTQ-Int4,run00_endpoint_late_anchor_control,16,12.5,8144,16.406,12.713,50.821
0,JunHowie/Qwen3-32B-GPTQ-Int4,run00_endpoint_late_anchor_control,16,6.25,8720,16.406,14.401,54.415
0,JunHowie/Qwen3-32B-GPTQ-Int4,run00_endpoint_late_anchor_control,16,3.125,9008,16.406,15.321,56.212
0,JunHowie/Qwen3-32B-GPTQ-Int4,run00_endpoint_late_anchor_control,16,1.0,9216,16.406,16.02,57.51
0,JunHowie/Qwen3-32B-GPTQ-Int4,run00_endpoint_late_anchor_control,16,0.0,9311,16.406,16.35,58.103
0,JunHowie/Qwen3-32B-GPTQ-Int4,run00_endpoint_late_anchor_control,32,75.0,2304,16.406,2.312,14.378
0,JunHowie/Qwen3-32B-GPTQ-Int4,run00_endpoint_late_anchor_control,32,50.0,4640,16.406,5.432,28.955
0,JunHowie/Qwen3-32B-GPTQ-Int4,run00_endpoint_late_anchor_control,32,25.0,6976,16.406,9.8,43.532
0,JunHowie/Qwen3-32B-GPTQ-Int4,run00_endpoint_late_anchor_control,32,12.5,8128,16.406,12.669,50.721
0,JunHowie/Qwen3-32B-GPTQ-Int4,run00_endpoint_late_anchor_control,32,6.25,8704,16.406,14.352,54.315
0,JunHowie/Qwen3-32B-GPTQ-Int4,run00_endpoint_late_anchor_control,32,3.125,8992,16.406,15.269,56.113
0,JunHowie/Qwen3-32B-GPTQ-Int4,run00_endpoint_late_anchor_control,32,1.0,9216,16.406,16.02,57.51
0,JunHowie/Qwen3-32B-GPTQ-Int4,run00_endpoint_late_anchor_control,32,0.0,9295,16.406,16.294,58.003
0,JunHowie/Qwen3-32B-GPTQ-Int4,run00_endpoint_late_anchor_control,64,75.0,2240,16.406,2.239,13.978
0,JunHowie/Qwen3-32B-GPTQ-Int4,run00_endpoint_late_anchor_control,64,50.0,4608,16.406,5.382,28.755
0,JunHowie/Qwen3-32B-GPTQ-Int4,run00_endpoint_late_anchor_control,64,25.0,6912,16.406,9.658,43.133
0,JunHowie/Qwen3-32B-GPTQ-Int4,run00_endpoint_late_anchor_control,64,12.5,8064,16.406,12.493,50.322
0,JunHowie/Qwen3-32B-GPTQ-Int4,run00_endpoint_late_anchor_control,64,6.25,8640,16.406,14.155,53.916
0,JunHowie/Qwen3-32B-GPTQ-Int4,run00_endpoint_late_anchor_control,64,3.125,8960,16.406,15.164,55.913
0,JunHowie/Qwen3-32B-GPTQ-Int4,run00_endpoint_late_anchor_control,64,1.0,9152,16.406,15.802,57.111
0,JunHowie/Qwen3-32B-GPTQ-Int4,run00_endpoint_late_anchor_control,64,0.0,9263,16.406,16.183,57.804
0,JunHowie/Qwen3-32B-GPTQ-Int4,run00_endpoint_late_anchor_control,128,75.0,2176,16.406,2.167,13.579
0,JunHowie/Qwen3-32B-GPTQ-Int4,run00_endpoint_late_anchor_control,128,50.0,4480,16.406,5.186,27.956
0,JunHowie/Qwen3-32B-GPTQ-Int4,run00_endpoint_late_anchor_control,128,25.0,6784,16.406,9.377,42.334
0,JunHowie/Qwen3-32B-GPTQ-Int4,run00_endpoint_late_anchor_control,128,12.5,7936,16.406,12.148,49.523
0,JunHowie/Qwen3-32B-GPTQ-Int4,run00_endpoint_late_anchor_control,128,6.25,8576,16.406,13.961,53.517
0,JunHowie/Qwen3-32B-GPTQ-Int4,run00_endpoint_late_anchor_control,128,3.125,8832,16.406,14.753,55.114
0,JunHowie/Qwen3-32B-GPTQ-Int4,run00_endpoint_late_anchor_control,128,1.0,9088,16.406,15.586,56.712
0,JunHowie/Qwen3-32B-GPTQ-Int4,run00_endpoint_late_anchor_control,128,0.0,9199,16.406,15.962,57.404
0,JunHowie/Qwen3-32B-GPTQ-Int4,run00_endpoint_decoy_collision,8,75.0,2392,16.406,2.334,14.496
0,JunHowie/Qwen3-32B-GPTQ-Int4,run00_endpoint_decoy_collision,8,50.0,4792,16.406,5.454,29.041
0,JunHowie/Qwen3-32B-GPTQ-Int4,run00_endpoint_decoy_collision,8,25.0,7192,16.406,9.82,43.586
0,JunHowie/Qwen3-32B-GPTQ-Int4,run00_endpoint_decoy_collision,8,12.5,8392,16.406,12.729,50.858
0,JunHowie/Qwen3-32B-GPTQ-Int4,run00_endpoint_decoy_collision,8,6.25,8992,16.406,14.441,54.494
0,JunHowie/Qwen3-32B-GPTQ-Int4,run00_endpoint_decoy_collision,8,3.125,9296,16.406,15.387,56.337
0,JunHowie/Qwen3-32B-GPTQ-Int4,run00_endpoint_decoy_collision,8,1.0,9496,16.406,16.041,57.549
0,JunHowie/Qwen3-32B-GPTQ-Int4,run00_endpoint_decoy_collision,8,0.0,9596,16.406,16.379,58.155
0,JunHowie/Qwen3-32B-GPTQ-Int4,run00_endpoint_decoy_collision,16,75.0,2384,16.406,2.325,14.448
0,JunHowie/Qwen3-32B-GPTQ-Int4,run00_endpoint_decoy_collision,16,50.0,4784,16.406,5.441,28.992
0,JunHowie/Qwen3-32B-GPTQ-Int4,run00_endpoint_decoy_collision,16,25.0,7184,16.406,9.802,43.537
0,JunHowie/Qwen3-32B-GPTQ-Int4,run00_endpoint_decoy_collision,16,12.5,8384,16.406,12.708,50.81
0,JunHowie/Qwen3-32B-GPTQ-Int4,run00_endpoint_decoy_collision,16,6.25,8992,16.406,14.441,54.494
0,JunHowie/Qwen3-32B-GPTQ-Int4,run00_endpoint_decoy_collision,16,3.125,9296,16.406,15.387,56.337
0,JunHowie/Qwen3-32B-GPTQ-Int4,run00_endpoint_decoy_collision,16,1.0,9488,16.406,16.015,57.5
0,JunHowie/Qwen3-32B-GPTQ-Int4,run00_endpoint_decoy_collision,16,0.0,9588,16.406,16.352,58.106
0,JunHowie/Qwen3-32B-GPTQ-Int4,run00_endpoint_decoy_collision,32,75.0,2368,16.406,2.307,14.351
0,JunHowie/Qwen3-32B-GPTQ-Int4,run00_endpoint_decoy_collision,32,50.0,4768,16.406,5.417,28.896
0,JunHowie/Qwen3-32B-GPTQ-Int4,run00_endpoint_decoy_collision,32,25.0,7168,16.406,9.767,43.44
0,JunHowie/Qwen3-32B-GPTQ-Int4,run00_endpoint_decoy_collision,32,12.5,8384,16.406,12.708,50.81
0,JunHowie/Qwen3-32B-GPTQ-Int4,run00_endpoint_decoy_collision,32,6.25,8992,16.406,14.441,54.494
0,JunHowie/Qwen3-32B-GPTQ-Int4,run00_endpoint_decoy_collision,32,3.125,9280,16.406,15.335,56.24
0,JunHowie/Qwen3-32B-GPTQ-Int4,run00_endpoint_decoy_collision,32,1.0,9472,16.406,15.961,57.403
0,JunHowie/Qwen3-32B-GPTQ-Int4,run00_endpoint_decoy_collision,32,0.0,9572,16.406,16.297,58.009
0,JunHowie/Qwen3-32B-GPTQ-Int4,run00_endpoint_decoy_collision,64,75.0,2304,16.406,2.236,13.963
0,JunHowie/Qwen3-32B-GPTQ-Int4,run00_endpoint_decoy_collision,64,50.0,4736,16.406,5.369,28.702
0,JunHowie/Qwen3-32B-GPTQ-Int4,run00_endpoint_decoy_collision,64,25.0,7168,16.406,9.767,43.44
0,JunHowie/Qwen3-32B-GPTQ-Int4,run00_endpoint_decoy_collision,64,12.5,8384,16.406,12.708,50.81
0,JunHowie/Qwen3-32B-GPTQ-Int4,run00_endpoint_decoy_collision,64,6.25,8960,16.406,14.344,54.3
0,JunHowie/Qwen3-32B-GPTQ-Int4,run00_endpoint_decoy_collision,64,3.125,9280,16.406,15.335,56.24
0,JunHowie/Qwen3-32B-GPTQ-Int4,run00_endpoint_decoy_collision,64,1.0,9472,16.406,15.961,57.403
0,JunHowie/Qwen3-32B-GPTQ-Int4,run00_endpoint_decoy_collision,64,0.0,9540,16.406,16.189,57.815
0,JunHowie/Qwen3-32B-GPTQ-Int4,run00_endpoint_decoy_collision,128,75.0,2304,16.406,2.236,13.963
0,JunHowie/Qwen3-32B-GPTQ-Int4,run00_endpoint_decoy_collision,128,50.0,4736,16.406,5.369,28.702
0,JunHowie/Qwen3-32B-GPTQ-Int4,run00_endpoint_decoy_collision,128,25.0,7168,16.406,9.767,43.44
0,JunHowie/Qwen3-32B-GPTQ-Int4,run00_endpoint_decoy_collision,128,12.5,8320,16.406,12.537,50.422
0,JunHowie/Qwen3-32B-GPTQ-Int4,run00_endpoint_decoy_collision,128,6.25,8960,16.406,14.344,54.3
0,JunHowie/Qwen3-32B-GPTQ-Int4,run00_endpoint_decoy_collision,128,3.125,9216,16.406,15.132,55.852
0,JunHowie/Qwen3-32B-GPTQ-Int4,run00_endpoint_decoy_collision,128,1.0,9472,16.406,15.961,57.403
0,JunHowie/Qwen3-32B-GPTQ-Int4,run00_endpoint_decoy_collision,128,0.0,9476,16.406,15.975,57.427
0,JunHowie/Qwen3-32B-GPTQ-Int4,run00_endpoint_routing_table,8,75.0,2504,16.406,2.333,14.491
0,JunHowie/Qwen3-32B-GPTQ-Int4,run00_endpoint_routing_table,8,50.0,5024,16.406,5.462,29.076
0,JunHowie/Qwen3-32B-GPTQ-Int4,run00_endpoint_routing_table,8,25.0,7536,16.406,9.83,43.613
0,JunHowie/Qwen3-32B-GPTQ-Int4,run00_endpoint_routing_table,8,12.5,8792,16.406,12.74,50.882
0,JunHowie/Qwen3-32B-GPTQ-Int4,run00_endpoint_routing_table,8,6.25,9424,16.406,14.463,54.54
0,JunHowie/Qwen3-32B-GPTQ-Int4,run00_endpoint_routing_table,8,3.125,9736,16.406,15.391,56.345
0,JunHowie/Qwen3-32B-GPTQ-Int4,run00_endpoint_routing_table,8,1.0,9952,16.406,16.067,57.595
0,JunHowie/Qwen3-32B-GPTQ-Int4,run00_endpoint_routing_table,8,0.0,10049,16.406,16.38,58.157
0,JunHowie/Qwen3-32B-GPTQ-Int4,run00_endpoint_routing_table,16,75.0,2496,16.406,2.324,14.445
0,JunHowie/Qwen3-32B-GPTQ-Int4,run00_endpoint_routing_table,16,50.0,5008,16.406,5.439,28.983
0,JunHowie/Qwen3-32B-GPTQ-Int4,run00_endpoint_routing_table,16,25.0,7520,16.406,9.796,43.521
0,JunHowie/Qwen3-32B-GPTQ-Int4,run00_endpoint_routing_table,16,12.5,8784,16.406,12.72,50.836
0,JunHowie/Qwen3-32B-GPTQ-Int4,run00_endpoint_routing_table,16,6.25,9408,16.406,14.417,54.447
0,JunHowie/Qwen3-32B-GPTQ-Int4,run00_endpoint_routing_table,16,3.125,9728,16.406,15.367,56.299
0,JunHowie/Qwen3-32B-GPTQ-Int4,run00_endpoint_routing_table,16,1.0,9936,16.406,16.016,57.503
0,JunHowie/Qwen3-32B-GPTQ-Int4,run00_endpoint_routing_table,16,0.0,10041,16.406,16.354,58.111
0,JunHowie/Qwen3-32B-GPTQ-Int4,run00_endpoint_routing_table,32,75.0,2464,16.406,2.29,14.26
0,JunHowie/Qwen3-32B-GPTQ-Int4,run00_endpoint_routing_table,32,50.0,4992,16.406,5.416,28.89
0,JunHowie/Qwen3-32B-GPTQ-Int4,run00_endpoint_routing_table,32,25.0,7520,16.406,9.796,43.521
0,JunHowie/Qwen3-32B-GPTQ-Int4,run00_endpoint_routing_table,32,12.5,8768,16.406,12.678,50.743
0,JunHowie/Qwen3-32B-GPTQ-Int4,run00_endpoint_routing_table,32,6.25,9408,16.406,14.417,54.447
0,JunHowie/Qwen3-32B-GPTQ-Int4,run00_endpoint_routing_table,32,3.125,9728,16.406,15.367,56.299
0,JunHowie/Qwen3-32B-GPTQ-Int4,run00_endpoint_routing_table,32,1.0,9920,16.406,15.965,57.41
0,JunHowie/Qwen3-32B-GPTQ-Int4,run00_endpoint_routing_table,32,0.0,10025,16.406,16.302,58.018
0,JunHowie/Qwen3-32B-GPTQ-Int4,run00_endpoint_routing_table,64,75.0,2432,16.406,2.257,14.075
0,JunHowie/Qwen3-32B-GPTQ-Int4,run00_endpoint_routing_table,64,50.0,4992,16.406,5.416,28.89
0,JunHowie/Qwen3-32B-GPTQ-Int4,run00_endpoint_routing_table,64,25.0,7488,16.406,9.73,43.335
0,JunHowie/Qwen3-32B-GPTQ-Int4,run00_endpoint_routing_table,64,12.5,8768,16.406,12.678,50.743
0,JunHowie/Qwen3-32B-GPTQ-Int4,run00_endpoint_routing_table,64,6.25,9408,16.406,14.417,54.447
0,JunHowie/Qwen3-32B-GPTQ-Int4,run00_endpoint_routing_table,64,3.125,9728,16.406,15.367,56.299
0,JunHowie/Qwen3-32B-GPTQ-Int4,run00_endpoint_routing_table,64,1.0,9920,16.406,15.965,57.41
0,JunHowie/Qwen3-32B-GPTQ-Int4,run00_endpoint_routing_table,64,0.0,9993,16.406,16.199,57.833
0,JunHowie/Qwen3-32B-GPTQ-Int4,run00_endpoint_routing_table,128,75.0,2304,16.406,2.122,13.334
0,JunHowie/Qwen3-32B-GPTQ-Int4,run00_endpoint_routing_table,128,50.0,4864,16.406,5.233,28.15
0,JunHowie/Qwen3-32B-GPTQ-Int4,run00_endpoint_routing_table,128,25.0,7424,16.406,9.598,42.965
0,JunHowie/Qwen3-32B-GPTQ-Int4,run00_endpoint_routing_table,128,12.5,8704,16.406,12.515,50.373
0,JunHowie/Qwen3-32B-GPTQ-Int4,run00_endpoint_routing_table,128,6.25,9344,16.406,14.234,54.077
0,JunHowie/Qwen3-32B-GPTQ-Int4,run00_endpoint_routing_table,128,3.125,9600,16.406,14.98,55.558
0,JunHowie/Qwen3-32B-GPTQ-Int4,run00_endpoint_routing_table,128,1.0,9856,16.406,15.763,57.04
0,JunHowie/Qwen3-32B-GPTQ-Int4,run00_endpoint_routing_table,128,0.0,9929,16.406,15.994,57.462
0,JunHowie/Qwen3-32B-GPTQ-Int4,run00_endpoint_structured_records,8,75.0,2552,16.406,2.33,14.476
0,JunHowie/Qwen3-32B-GPTQ-Int4,run00_endpoint_structured_records,8,50.0,5120,16.406,5.454,29.042
0,JunHowie/Qwen3-32B-GPTQ-Int4,run00_endpoint_structured_records,8,25.0,7688,16.406,9.828,43.608
0,JunHowie/Qwen3-32B-GPTQ-Int4,run00_endpoint_structured_records,8,12.5,8968,16.406,12.734,50.869
0,JunHowie/Qwen3-32B-GPTQ-Int4,run00_endpoint_structured_records,8,6.25,9608,16.406,14.443,54.499
0,JunHowie/Qwen3-32B-GPTQ-Int4,run00_endpoint_structured_records,8,3.125,9928,16.406,15.375,56.314
0,JunHowie/Qwen3-32B-GPTQ-Int4,run00_endpoint_structured_records,8,1.0,10152,16.406,16.061,57.585
0,JunHowie/Qwen3-32B-GPTQ-Int4,run00_endpoint_structured_records,8,0.0,10253,16.406,16.381,58.158
0,JunHowie/Qwen3-32B-GPTQ-Int4,run00_endpoint_structured_records,16,75.0,2544,16.406,2.322,14.43
0,JunHowie/Qwen3-32B-GPTQ-Int4,run00_endpoint_structured_records,16,50.0,5120,16.406,5.454,29.042
0,JunHowie/Qwen3-32B-GPTQ-Int4,run00_endpoint_structured_records,16,25.0,7680,16.406,9.812,43.563
0,JunHowie/Qwen3-32B-GPTQ-Int4,run00_endpoint_structured_records,16,12.5,8960,16.406,12.714,50.824
0,JunHowie/Qwen3-32B-GPTQ-Int4,run00_endpoint_structured_records,16,6.25,9600,16.406,14.42,54.454
0,JunHowie/Qwen3-32B-GPTQ-Int4,run00_endpoint_structured_records,16,3.125,9920,16.406,15.351,56.269
0,JunHowie/Qwen3-32B-GPTQ-Int4,run00_endpoint_structured_records,16,1.0,10144,16.406,16.036,57.539
0,JunHowie/Qwen3-32B-GPTQ-Int4,run00_endpoint_structured_records,16,0.0,10245,16.406,16.355,58.112
0,JunHowie/Qwen3-32B-GPTQ-Int4,run00_endpoint_structured_records,32,75.0,2528,16.406,2.305,14.339
0,JunHowie/Qwen3-32B-GPTQ-Int4,run00_endpoint_structured_records,32,50.0,5088,16.406,5.409,28.86
0,JunHowie/Qwen3-32B-GPTQ-Int4,run00_endpoint_structured_records,32,25.0,7648,16.406,9.746,43.381
0,JunHowie/Qwen3-32B-GPTQ-Int4,run00_endpoint_structured_records,32,12.5,8928,16.406,12.634,50.642
0,JunHowie/Qwen3-32B-GPTQ-Int4,run00_endpoint_structured_records,32,6.25,9568,16.406,14.33,54.272
0,JunHowie/Qwen3-32B-GPTQ-Int4,run00_endpoint_structured_records,32,3.125,9888,16.406,15.255,56.087
0,JunHowie/Qwen3-32B-GPTQ-Int4,run00_endpoint_structured_records,32,1.0,10112,16.406,15.937,57.358
0,JunHowie/Qwen3-32B-GPTQ-Int4,run00_endpoint_structured_records,32,0.0,10229,16.406,16.304,58.022
0,JunHowie/Qwen3-32B-GPTQ-Int4,run00_endpoint_structured_records,64,75.0,2496,16.406,2.272,14.158
0,JunHowie/Qwen3-32B-GPTQ-Int4,run00_endpoint_structured_records,64,50.0,5056,16.406,5.363,28.679
0,JunHowie/Qwen3-32B-GPTQ-Int4,run00_endpoint_structured_records,64,25.0,7616,16.406,9.682,43.2
0,JunHowie/Qwen3-32B-GPTQ-Int4,run00_endpoint_structured_records,64,12.5,8896,16.406,12.554,50.46
0,JunHowie/Qwen3-32B-GPTQ-Int4,run00_endpoint_structured_records,64,6.25,9536,16.406,14.241,54.091
0,JunHowie/Qwen3-32B-GPTQ-Int4,run00_endpoint_structured_records,64,3.125,9856,16.406,15.16,55.906
0,JunHowie/Qwen3-32B-GPTQ-Int4,run00_endpoint_structured_records,64,1.0,10112,16.406,15.937,57.358
0,JunHowie/Qwen3-32B-GPTQ-Int4,run00_endpoint_structured_records,64,0.0,10197,16.406,16.203,57.84
0,JunHowie/Qwen3-32B-GPTQ-Int4,run00_endpoint_structured_records,128,75.0,2432,16.406,2.206,13.795
0,JunHowie/Qwen3-32B-GPTQ-Int4,run00_endpoint_structured_records,128,50.0,4992,16.406,5.274,28.316
0,JunHowie/Qwen3-32B-GPTQ-Int4,run00_endpoint_structured_records,128,25.0,7552,16.406,9.553,42.837
0,JunHowie/Qwen3-32B-GPTQ-Int4,run00_endpoint_structured_records,128,12.5,8832,16.406,12.395,50.097
0,JunHowie/Qwen3-32B-GPTQ-Int4,run00_endpoint_structured_records,128,6.25,9472,16.406,14.063,53.728
0,JunHowie/Qwen3-32B-GPTQ-Int4,run00_endpoint_structured_records,128,3.125,9856,16.406,15.16,55.906
0,JunHowie/Qwen3-32B-GPTQ-Int4,run00_endpoint_structured_records,128,1.0,10112,16.406,15.937,57.358
0,JunHowie/Qwen3-32B-GPTQ-Int4,run00_endpoint_structured_records,128,0.0,10133,16.406,16.002,57.477
0,JunHowie/Qwen3-32B-GPTQ-Int4,run00_endpoint_instruction_persistence,8,75.0,2576,16.406,2.332,14.485
0,JunHowie/Qwen3-32B-GPTQ-Int4,run00_endpoint_instruction_persistence,8,50.0,5168,16.406,5.458,29.059
0,JunHowie/Qwen3-32B-GPTQ-Int4,run00_endpoint_instruction_persistence,8,25.0,7752,16.406,9.821,43.589
0,JunHowie/Qwen3-32B-GPTQ-Int4,run00_endpoint_instruction_persistence,8,12.5,9048,16.406,12.738,50.876
0,JunHowie/Qwen3-32B-GPTQ-Int4,run00_endpoint_instruction_persistence,8,6.25,9696,16.406,14.453,54.52
0,JunHowie/Qwen3-32B-GPTQ-Int4,run00_endpoint_instruction_persistence,8,3.125,10016,16.406,15.378,56.319
0,JunHowie/Qwen3-32B-GPTQ-Int4,run00_endpoint_instruction_persistence,8,1.0,10240,16.406,16.058,57.579
0,JunHowie/Qwen3-32B-GPTQ-Int4,run00_endpoint_instruction_persistence,8,0.0,10343,16.406,16.381,58.158
0,JunHowie/Qwen3-32B-GPTQ-Int4,run00_endpoint_instruction_persistence,16,75.0,2560,16.406,2.315,14.395
0,JunHowie/Qwen3-32B-GPTQ-Int4,run00_endpoint_instruction_persistence,16,50.0,5152,16.406,5.436,28.969
0,JunHowie/Qwen3-32B-GPTQ-Int4,run00_endpoint_instruction_persistence,16,25.0,7744,16.406,9.805,43.544
0,JunHowie/Qwen3-32B-GPTQ-Int4,run00_endpoint_instruction_persistence,16,12.5,9040,16.406,12.718,50.831
0,JunHowie/Qwen3-32B-GPTQ-Int4,run00_endpoint_instruction_persistence,16,6.25,9680,16.406,14.409,54.43
0,JunHowie/Qwen3-32B-GPTQ-Int4,run00_endpoint_instruction_persistence,16,3.125,10000,16.406,15.33,56.229
0,JunHowie/Qwen3-32B-GPTQ-Int4,run00_endpoint_instruction_persistence,16,1.0,10224,16.406,16.009,57.489
0,JunHowie/Qwen3-32B-GPTQ-Int4,run00_endpoint_instruction_persistence,16,0.0,10335,16.406,16.356,58.113
0,JunHowie/Qwen3-32B-GPTQ-Int4,run00_endpoint_instruction_persistence,32,75.0,2560,16.406,2.315,14.395
0,JunHowie/Qwen3-32B-GPTQ-Int4,run00_endpoint_instruction_persistence,32,50.0,5152,16.406,5.436,28.969
0,JunHowie/Qwen3-32B-GPTQ-Int4,run00_endpoint_instruction_persistence,32,25.0,7744,16.406,9.805,43.544
0,JunHowie/Qwen3-32B-GPTQ-Int4,run00_endpoint_instruction_persistence,32,12.5,9024,16.406,12.678,50.741
0,JunHowie/Qwen3-32B-GPTQ-Int4,run00_endpoint_instruction_persistence,32,6.25,9664,16.406,14.364,54.34
0,JunHowie/Qwen3-32B-GPTQ-Int4,run00_endpoint_instruction_persistence,32,3.125,9984,16.406,15.283,56.14
0,JunHowie/Qwen3-32B-GPTQ-Int4,run00_endpoint_instruction_persistence,32,1.0,10208,16.406,15.959,57.399
0,JunHowie/Qwen3-32B-GPTQ-Int4,run00_endpoint_instruction_persistence,32,0.0,10319,16.406,16.305,58.023
0,JunHowie/Qwen3-32B-GPTQ-Int4,run00_endpoint_instruction_persistence,64,75.0,2496,16.406,2.249,14.035
0,JunHowie/Qwen3-32B-GPTQ-Int4,run00_endpoint_instruction_persistence,64,50.0,5120,16.406,5.391,28.789
0,JunHowie/Qwen3-32B-GPTQ-Int4,run00_endpoint_instruction_persistence,64,25.0,7680,16.406,9.676,43.184
0,JunHowie/Qwen3-32B-GPTQ-Int4,run00_endpoint_instruction_persistence,64,12.5,8960,16.406,12.519,50.382
0,JunHowie/Qwen3-32B-GPTQ-Int4,run00_endpoint_instruction_persistence,64,6.25,9600,16.406,14.187,53.98
0,JunHowie/Qwen3-32B-GPTQ-Int4,run00_endpoint_instruction_persistence,64,3.125,9920,16.406,15.095,55.78
0,JunHowie/Qwen3-32B-GPTQ-Int4,run00_endpoint_instruction_persistence,64,1.0,10176,16.406,15.861,57.219
0,JunHowie/Qwen3-32B-GPTQ-Int4,run00_endpoint_instruction_persistence,64,0.0,10287,16.406,16.205,57.843
0,JunHowie/Qwen3-32B-GPTQ-Int4,run00_endpoint_instruction_persistence,128,75.0,2432,16.406,2.184,13.675
0,JunHowie/Qwen3-32B-GPTQ-Int4,run00_endpoint_instruction_persistence,128,50.0,4992,16.406,5.213,28.07
0,JunHowie/Qwen3-32B-GPTQ-Int4,run00_endpoint_instruction_persistence,128,25.0,7552,16.406,9.422,42.464
0,JunHowie/Qwen3-32B-GPTQ-Int4,run00_endpoint_instruction_persistence,128,12.5,8832,16.406,12.207,49.662
0,JunHowie/Qwen3-32B-GPTQ-Int4,run00_endpoint_instruction_persistence,128,6.25,9472,16.406,13.838,53.261
0,JunHowie/Qwen3-32B-GPTQ-Int4,run00_endpoint_instruction_persistence,128,3.125,9856,16.406,14.909,55.42
0,JunHowie/Qwen3-32B-GPTQ-Int4,run00_endpoint_instruction_persistence,128,1.0,10112,16.406,15.666,56.859
0,JunHowie/Qwen3-32B-GPTQ-Int4,run00_endpoint_instruction_persistence,128,0.0,10223,16.406,16.005,57.483
0,JunHowie/Qwen3-32B-GPTQ-Int4,run00_endpoint_multi_hop_bridge,8,75.0,2696,16.406,2.335,14.502
0,JunHowie/Qwen3-32B-GPTQ-Int4,run00_endpoint_multi_hop_bridge,8,50.0,5400,16.406,5.455,29.048
0,JunHowie/Qwen3-32B-GPTQ-Int4,run00_endpoint_multi_hop_bridge,8,25.0,8104,16.406,9.822,43.593
0,JunHowie/Qwen3-32B-GPTQ-Int4,run00_endpoint_multi_hop_bridge,8,12.5,9456,16.406,12.733,50.866
0,JunHowie/Qwen3-32B-GPTQ-Int4,run00_endpoint_multi_hop_bridge,8,6.25,10136,16.406,14.455,54.524
0,JunHowie/Qwen3-32B-GPTQ-Int4,run00_endpoint_multi_hop_bridge,8,3.125,10472,16.406,15.384,56.331
0,JunHowie/Qwen3-32B-GPTQ-Int4,run00_endpoint_multi_hop_bridge,8,1.0,10704,16.406,16.058,57.579
0,JunHowie/Qwen3-32B-GPTQ-Int4,run00_endpoint_multi_hop_bridge,8,0.0,10812,16.406,16.382,58.16
0,JunHowie/Qwen3-32B-GPTQ-Int4,run00_endpoint_multi_hop_bridge,16,75.0,2688,16.406,2.327,14.459
0,JunHowie/Qwen3-32B-GPTQ-Int4,run00_endpoint_multi_hop_bridge,16,50.0,5392,16.406,5.445,29.005
0,JunHowie/Qwen3-32B-GPTQ-Int4,run00_endpoint_multi_hop_bridge,16,25.0,8096,16.406,9.807,43.55
0,JunHowie/Qwen3-32B-GPTQ-Int4,run00_endpoint_multi_hop_bridge,16,12.5,9456,16.406,12.733,50.866
0,JunHowie/Qwen3-32B-GPTQ-Int4,run00_endpoint_multi_hop_bridge,16,6.25,10128,16.406,14.434,54.481
0,JunHowie/Qwen3-32B-GPTQ-Int4,run00_endpoint_multi_hop_bridge,16,3.125,10464,16.406,15.361,56.288
0,JunHowie/Qwen3-32B-GPTQ-Int4,run00_endpoint_multi_hop_bridge,16,1.0,10704,16.406,16.058,57.579
0,JunHowie/Qwen3-32B-GPTQ-Int4,run00_endpoint_multi_hop_bridge,16,0.0,10804,16.406,16.358,58.117
0,JunHowie/Qwen3-32B-GPTQ-Int4,run00_endpoint_multi_hop_bridge,32,75.0,2656,16.406,2.295,14.287
0,JunHowie/Qwen3-32B-GPTQ-Int4,run00_endpoint_multi_hop_bridge,32,50.0,5376,16.406,5.423,28.919
0,JunHowie/Qwen3-32B-GPTQ-Int4,run00_endpoint_multi_hop_bridge,32,25.0,8096,16.406,9.807,43.55
0,JunHowie/Qwen3-32B-GPTQ-Int4,run00_endpoint_multi_hop_bridge,32,12.5,9440,16.406,12.695,50.78
0,JunHowie/Qwen3-32B-GPTQ-Int4,run00_endpoint_multi_hop_bridge,32,6.25,10112,16.406,14.391,54.395
0,JunHowie/Qwen3-32B-GPTQ-Int4,run00_endpoint_multi_hop_bridge,32,3.125,10464,16.406,15.361,56.288
0,JunHowie/Qwen3-32B-GPTQ-Int4,run00_endpoint_multi_hop_bridge,32,1.0,10688,16.406,16.011,57.493
0,JunHowie/Qwen3-32B-GPTQ-Int4,run00_endpoint_multi_hop_bridge,32,0.0,10788,16.406,16.309,58.031
0,JunHowie/Qwen3-32B-GPTQ-Int4,run00_endpoint_multi_hop_bridge,64,75.0,2624,16.406,2.264,14.115
0,JunHowie/Qwen3-32B-GPTQ-Int4,run00_endpoint_multi_hop_bridge,64,50.0,5376,16.406,5.423,28.919
0,JunHowie/Qwen3-32B-GPTQ-Int4,run00_endpoint_multi_hop_bridge,64,25.0,8064,16.406,9.745,43.378
0,JunHowie/Qwen3-32B-GPTQ-Int4,run00_endpoint_multi_hop_bridge,64,12.5,9408,16.406,12.619,50.608
0,JunHowie/Qwen3-32B-GPTQ-Int4,run00_endpoint_multi_hop_bridge,64,6.25,10112,16.406,14.391,54.395
0,JunHowie/Qwen3-32B-GPTQ-Int4,run00_endpoint_multi_hop_bridge,64,3.125,10432,16.406,15.27,56.116
0,JunHowie/Qwen3-32B-GPTQ-Int4,run00_endpoint_multi_hop_bridge,64,1.0,10688,16.406,16.011,57.493
0,JunHowie/Qwen3-32B-GPTQ-Int4,run00_endpoint_multi_hop_bridge,64,0.0,10756,16.406,16.213,57.859
0,JunHowie/Qwen3-32B-GPTQ-Int4,run00_endpoint_multi_hop_bridge,128,75.0,2560,16.406,2.201,13.771
0,JunHowie/Qwen3-32B-GPTQ-Int4,run00_endpoint_multi_hop_bridge,128,50.0,5248,16.406,5.253,28.23
0,JunHowie/Qwen3-32B-GPTQ-Int4,run00_endpoint_multi_hop_bridge,128,25.0,7936,16.406,9.501,42.689
0,JunHowie/Qwen3-32B-GPTQ-Int4,run00_endpoint_multi_hop_bridge,128,12.5,9344,16.406,12.467,50.263
0,JunHowie/Qwen3-32B-GPTQ-Int4,run00_endpoint_multi_hop_bridge,128,6.25,9984,16.406,14.053,53.706
0,JunHowie/Qwen3-32B-GPTQ-Int4,run00_endpoint_multi_hop_bridge,128,3.125,10368,16.406,15.09,55.772
0,JunHowie/Qwen3-32B-GPTQ-Int4,run00_endpoint_multi_hop_bridge,128,1.0,10624,16.406,15.822,57.149
0,JunHowie/Qwen3-32B-GPTQ-Int4,run00_endpoint_multi_hop_bridge,128,0.0,10692,16.406,16.023,57.515
0,JunHowie/Qwen3-32B-GPTQ-Int4,run00_endpoint_payload_dense,8,75.0,2776,16.406,2.337,14.514
0,JunHowie/Qwen3-32B-GPTQ-Int4,run00_endpoint_payload_dense,8,50.0,5560,16.406,5.461,29.07
0,JunHowie/Qwen3-32B-GPTQ-Int4,run00_endpoint_payload_dense,8,25.0,8344,16.406,9.834,43.626
0,JunHowie/Qwen3-32B-GPTQ-Int4,run00_endpoint_payload_dense,8,12.5,9736,16.406,12.75,50.904
0,JunHowie/Qwen3-32B-GPTQ-Int4,run00_endpoint_payload_dense,8,6.25,10432,16.406,14.465,54.543
0,JunHowie/Qwen3-32B-GPTQ-Int4,run00_endpoint_payload_dense,8,3.125,10776,16.406,15.389,56.342
0,JunHowie/Qwen3-32B-GPTQ-Int4,run00_endpoint_payload_dense,8,1.0,11016,16.406,16.068,57.597
0,JunHowie/Qwen3-32B-GPTQ-Int4,run00_endpoint_payload_dense,8,0.0,11124,16.406,16.383,58.161
0,JunHowie/Qwen3-32B-GPTQ-Int4,run00_endpoint_payload_dense,16,75.0,2768,16.406,2.329,14.472
0,JunHowie/Qwen3-32B-GPTQ-Int4,run00_endpoint_payload_dense,16,50.0,5552,16.406,5.45,29.028
0,JunHowie/Qwen3-32B-GPTQ-Int4,run00_endpoint_payload_dense,16,25.0,8336,16.406,9.819,43.584
0,JunHowie/Qwen3-32B-GPTQ-Int4,run00_endpoint_payload_dense,16,12.5,9728,16.406,12.731,50.862
0,JunHowie/Qwen3-32B-GPTQ-Int4,run00_endpoint_payload_dense,16,6.25,10416,16.406,14.423,54.46
0,JunHowie/Qwen3-32B-GPTQ-Int4,run00_endpoint_payload_dense,16,3.125,10768,16.406,15.367,56.3
0,JunHowie/Qwen3-32B-GPTQ-Int4,run00_endpoint_payload_dense,16,1.0,11008,16.406,16.045,57.555
0,JunHowie/Qwen3-32B-GPTQ-Int4,run00_endpoint_payload_dense,16,0.0,11116,16.406,16.359,58.119
0,JunHowie/Qwen3-32B-GPTQ-Int4,run00_endpoint_payload_dense,32,75.0,2752,16.406,2.314,14.389
0,JunHowie/Qwen3-32B-GPTQ-Int4,run00_endpoint_payload_dense,32,50.0,5536,16.406,5.43,28.945
0,JunHowie/Qwen3-32B-GPTQ-Int4,run00_endpoint_payload_dense,32,25.0,8320,16.406,9.789,43.501
0,JunHowie/Qwen3-32B-GPTQ-Int4,run00_endpoint_payload_dense,32,12.5,9696,16.406,12.657,50.695
0,JunHowie/Qwen3-32B-GPTQ-Int4,run00_endpoint_payload_dense,32,6.25,10400,16.406,14.382,54.376
0,JunHowie/Qwen3-32B-GPTQ-Int4,run00_endpoint_payload_dense,32,3.125,10752,16.406,15.323,56.216
0,JunHowie/Qwen3-32B-GPTQ-Int4,run00_endpoint_payload_dense,32,1.0,10976,16.406,15.953,57.387
0,JunHowie/Qwen3-32B-GPTQ-Int4,run00_endpoint_payload_dense,32,0.0,11100,16.406,16.312,58.036
0,JunHowie/Qwen3-32B-GPTQ-Int4,run00_endpoint_payload_dense,64,75.0,2688,16.406,2.253,14.054
0,JunHowie/Qwen3-32B-GPTQ-Int4,run00_endpoint_payload_dense,64,50.0,5504,16.406,5.388,28.777
0,JunHowie/Qwen3-32B-GPTQ-Int4,run00_endpoint_payload_dense,64,25.0,8256,16.406,9.669,43.166
0,JunHowie/Qwen3-32B-GPTQ-Int4,run00_endpoint_payload_dense,64,12.5,9664,16.406,12.583,50.528
0,JunHowie/Qwen3-32B-GPTQ-Int4,run00_endpoint_payload_dense,64,6.25,10368,16.406,14.299,54.209
0,JunHowie/Qwen3-32B-GPTQ-Int4,run00_endpoint_payload_dense,64,3.125,10688,16.406,15.148,55.882
0,JunHowie/Qwen3-32B-GPTQ-Int4,run00_endpoint_payload_dense,64,1.0,10944,16.406,15.861,57.22
0,JunHowie/Qwen3-32B-GPTQ-Int4,run00_endpoint_payload_dense,64,0.0,11068,16.406,16.219,57.869
0,JunHowie/Qwen3-32B-GPTQ-Int4,run00_endpoint_payload_dense,128,75.0,2560,16.406,2.132,13.385
0,JunHowie/Qwen3-32B-GPTQ-Int4,run00_endpoint_payload_dense,128,50.0,5376,16.406,5.223,28.108
0,JunHowie/Qwen3-32B-GPTQ-Int4,run00_endpoint_payload_dense,128,25.0,8192,16.406,9.551,42.831
0,JunHowie/Qwen3-32B-GPTQ-Int4,run00_endpoint_payload_dense,128,12.5,9600,16.406,12.437,50.193
0,JunHowie/Qwen3-32B-GPTQ-Int4,run00_endpoint_payload_dense,128,6.25,10240,16.406,13.972,53.539
0,JunHowie/Qwen3-32B-GPTQ-Int4,run00_endpoint_payload_dense,128,3.125,10624,16.406,14.974,55.547
0,JunHowie/Qwen3-32B-GPTQ-Int4,run00_endpoint_payload_dense,128,1.0,10880,16.406,15.68,56.886
0,JunHowie/Qwen3-32B-GPTQ-Int4,run00_endpoint_payload_dense,128,0.0,11004,16.406,16.033,57.534
0,JunHowie/Qwen3-32B-GPTQ-Int4,run00_endpoint_long_generation_systems,8,75.0,2240,16.406,2.335,14.502
0,JunHowie/Qwen3-32B-GPTQ-Int4,run00_endpoint_long_generation_systems,8,50.0,4488,16.406,5.457,29.056
0,JunHowie/Qwen3-32B-GPTQ-Int4,run00_endpoint_long_generation_systems,8,25.0,6736,16.406,9.829,43.61
0,JunHowie/Qwen3-32B-GPTQ-Int4,run00_endpoint_long_generation_systems,8,12.5,7856,16.406,12.731,50.861
0,JunHowie/Qwen3-32B-GPTQ-Int4,run00_endpoint_long_generation_systems,8,6.25,8416,16.406,14.437,54.487
0,JunHowie/Qwen3-32B-GPTQ-Int4,run00_endpoint_long_generation_systems,8,3.125,8696,16.406,15.367,56.3
0,JunHowie/Qwen3-32B-GPTQ-Int4,run00_endpoint_long_generation_systems,8,1.0,8888,16.406,16.038,57.543
0,JunHowie/Qwen3-32B-GPTQ-Int4,run00_endpoint_long_generation_systems,8,0.0,8982,16.406,16.377,58.151
0,JunHowie/Qwen3-32B-GPTQ-Int4,run00_endpoint_long_generation_systems,16,75.0,2224,16.406,2.316,14.399
0,JunHowie/Qwen3-32B-GPTQ-Int4,run00_endpoint_long_generation_systems,16,50.0,4480,16.406,5.444,29.004
0,JunHowie/Qwen3-32B-GPTQ-Int4,run00_endpoint_long_generation_systems,16,25.0,6720,16.406,9.791,43.507
0,JunHowie/Qwen3-32B-GPTQ-Int4,run00_endpoint_long_generation_systems,16,12.5,7840,16.406,12.685,50.758
0,JunHowie/Qwen3-32B-GPTQ-Int4,run00_endpoint_long_generation_systems,16,6.25,8400,16.406,14.385,54.383
0,JunHowie/Qwen3-32B-GPTQ-Int4,run00_endpoint_long_generation_systems,16,3.125,8688,16.406,15.34,56.248
0,JunHowie/Qwen3-32B-GPTQ-Int4,run00_endpoint_long_generation_systems,16,1.0,8880,16.406,16.01,57.491
0,JunHowie/Qwen3-32B-GPTQ-Int4,run00_endpoint_long_generation_systems,16,0.0,8974,16.406,16.348,58.1
0,JunHowie/Qwen3-32B-GPTQ-Int4,run00_endpoint_long_generation_systems,32,75.0,2208,16.406,2.297,14.295
0,JunHowie/Qwen3-32B-GPTQ-Int4,run00_endpoint_long_generation_systems,32,50.0,4448,16.406,5.393,28.797
0,JunHowie/Qwen3-32B-GPTQ-Int4,run00_endpoint_long_generation_systems,32,25.0,6688,16.406,9.717,43.299
0,JunHowie/Qwen3-32B-GPTQ-Int4,run00_endpoint_long_generation_systems,32,12.5,7808,16.406,12.593,50.551
0,JunHowie/Qwen3-32B-GPTQ-Int4,run00_endpoint_long_generation_systems,32,6.25,8384,16.406,14.334,54.28
0,JunHowie/Qwen3-32B-GPTQ-Int4,run00_endpoint_long_generation_systems,32,3.125,8672,16.406,15.285,56.144
0,JunHowie/Qwen3-32B-GPTQ-Int4,run00_endpoint_long_generation_systems,32,1.0,8864,16.406,15.953,57.387
0,JunHowie/Qwen3-32B-GPTQ-Int4,run00_endpoint_long_generation_systems,32,0.0,8958,16.406,16.29,57.996
0,JunHowie/Qwen3-32B-GPTQ-Int4,run00_endpoint_long_generation_systems,64,75.0,2176,16.406,2.259,14.088
0,JunHowie/Qwen3-32B-GPTQ-Int4,run00_endpoint_long_generation_systems,64,50.0,4416,16.406,5.341,28.59
0,JunHowie/Qwen3-32B-GPTQ-Int4,run00_endpoint_long_generation_systems,64,25.0,6656,16.406,9.643,43.092
0,JunHowie/Qwen3-32B-GPTQ-Int4,run00_endpoint_long_generation_systems,64,12.5,7808,16.406,12.593,50.551
0,JunHowie/Qwen3-32B-GPTQ-Int4,run00_endpoint_long_generation_systems,64,6.25,8384,16.406,14.334,54.28
0,JunHowie/Qwen3-32B-GPTQ-Int4,run00_endpoint_long_generation_systems,64,3.125,8640,16.406,15.177,55.937
0,JunHowie/Qwen3-32B-GPTQ-Int4,run00_endpoint_long_generation_systems,64,1.0,8832,16.406,15.84,57.18
0,JunHowie/Qwen3-32B-GPTQ-Int4,run00_endpoint_long_generation_systems,64,0.0,8926,16.406,16.174,57.789
0,JunHowie/Qwen3-32B-GPTQ-Int4,run00_endpoint_long_generation_systems,128,75.0,2048,16.406,2.109,13.259
0,JunHowie/Qwen3-32B-GPTQ-Int4,run00_endpoint_long_generation_systems,128,50.0,4352,16.406,5.239,28.176
0,JunHowie/Qwen3-32B-GPTQ-Int4,run00_endpoint_long_generation_systems,128,25.0,6656,16.406,9.643,43.092
0,JunHowie/Qwen3-32B-GPTQ-Int4,run00_endpoint_long_generation_systems,128,12.5,7808,16.406,12.593,50.551
0,JunHowie/Qwen3-32B-GPTQ-Int4,run00_endpoint_long_generation_systems,128,6.25,8320,16.406,14.13,53.865
0,JunHowie/Qwen3-32B-GPTQ-Int4,run00_endpoint_long_generation_systems,128,3.125,8576,16.406,14.962,55.523
0,JunHowie/Qwen3-32B-GPTQ-Int4,run00_endpoint_long_generation_systems,128,1.0,8832,16.406,15.84,57.18
0,JunHowie/Qwen3-32B-GPTQ-Int4,run00_endpoint_long_generation_systems,128,0.0,8862,16.406,15.946,57.374
0,JunHowie/Qwen3-32B-GPTQ-Int4,run00_single_token,8,75.0,2240,16.406,2.334,14.497
0,JunHowie/Qwen3-32B-GPTQ-Int4,run00_single_token,8,50.0,4488,16.406,5.455,29.047
0,JunHowie/Qwen3-32B-GPTQ-Int4,run00_single_token,8,25.0,6736,16.406,9.823,43.596
0,JunHowie/Qwen3-32B-GPTQ-Int4,run00_single_token,8,12.5,7864,16.406,12.746,50.896
0,JunHowie/Qwen3-32B-GPTQ-Int4,run00_single_token,8,6.25,8424,16.406,14.454,54.521
0,JunHowie/Qwen3-32B-GPTQ-Int4,run00_single_token,8,3.125,8704,16.406,15.385,56.333
0,JunHowie/Qwen3-32B-GPTQ-Int4,run00_single_token,8,1.0,8896,16.406,16.056,57.575
0,JunHowie/Qwen3-32B-GPTQ-Int4,run00_single_token,8,0.0,8985,16.406,16.377,58.151
0,JunHowie/Qwen3-32B-GPTQ-Int4,run00_single_token,16,75.0,2224,16.406,2.315,14.394
0,JunHowie/Qwen3-32B-GPTQ-Int4,run00_single_token,16,50.0,4480,16.406,5.442,28.995
0,JunHowie/Qwen3-32B-GPTQ-Int4,run00_single_token,16,25.0,6736,16.406,9.823,43.596
0,JunHowie/Qwen3-32B-GPTQ-Int4,run00_single_token,16,12.5,7856,16.406,12.723,50.844
0,JunHowie/Qwen3-32B-GPTQ-Int4,run00_single_token,16,6.25,8416,16.406,14.428,54.469
0,JunHowie/Qwen3-32B-GPTQ-Int4,run00_single_token,16,3.125,8704,16.406,15.385,56.333
0,JunHowie/Qwen3-32B-GPTQ-Int4,run00_single_token,16,1.0,8896,16.406,16.056,57.575
0,JunHowie/Qwen3-32B-GPTQ-Int4,run00_single_token,16,0.0,8977,16.406,16.348,58.1
0,JunHowie/Qwen3-32B-GPTQ-Int4,run00_single_token,32,75.0,2208,16.406,2.296,14.29
0,JunHowie/Qwen3-32B-GPTQ-Int4,run00_single_token,32,50.0,4480,16.406,5.442,28.995
0,JunHowie/Qwen3-32B-GPTQ-Int4,run00_single_token,32,25.0,6720,16.406,9.786,43.492
0,JunHowie/Qwen3-32B-GPTQ-Int4,run00_single_token,32,12.5,7840,16.406,12.677,50.741
0,JunHowie/Qwen3-32B-GPTQ-Int4,run00_single_token,32,6.25,8416,16.406,14.428,54.469
0,JunHowie/Qwen3-32B-GPTQ-Int4,run00_single_token,32,3.125,8704,16.406,15.385,56.333
0,JunHowie/Qwen3-32B-GPTQ-Int4,run00_single_token,32,1.0,8896,16.406,16.056,57.575
0,JunHowie/Qwen3-32B-GPTQ-Int4,run00_single_token,32,0.0,8961,16.406,16.29,57.996
0,JunHowie/Qwen3-32B-GPTQ-Int4,run00_single_token,64,75.0,2176,16.406,2.258,14.083
0,JunHowie/Qwen3-32B-GPTQ-Int4,run00_single_token,64,50.0,4416,16.406,5.339,28.581
0,JunHowie/Qwen3-32B-GPTQ-Int4,run00_single_token,64,25.0,6656,16.406,9.638,43.078
0,JunHowie/Qwen3-32B-GPTQ-Int4,run00_single_token,64,12.5,7808,16.406,12.586,50.534
0,JunHowie/Qwen3-32B-GPTQ-Int4,run00_single_token,64,6.25,8384,16.406,14.325,54.262
0,JunHowie/Qwen3-32B-GPTQ-Int4,run00_single_token,64,3.125,8640,16.406,15.167,55.918
0,JunHowie/Qwen3-32B-GPTQ-Int4,run00_single_token,64,1.0,8832,16.406,15.829,57.161
0,JunHowie/Qwen3-32B-GPTQ-Int4,run00_single_token,64,0.0,8929,16.406,16.174,57.789
0,JunHowie/Qwen3-32B-GPTQ-Int4,run00_single_token,128,75.0,2048,16.406,2.108,13.255
0,JunHowie/Qwen3-32B-GPTQ-Int4,run00_single_token,128,50.0,4352,16.406,5.237,28.166
0,JunHowie/Qwen3-32B-GPTQ-Int4,run00_single_token,128,25.0,6656,16.406,9.638,43.078
0,JunHowie/Qwen3-32B-GPTQ-Int4,run00_single_token,128,12.5,7808,16.406,12.586,50.534
0,JunHowie/Qwen3-32B-GPTQ-Int4,run00_single_token,128,6.25,8320,16.406,14.122,53.847
0,JunHowie/Qwen3-32B-GPTQ-Int4,run00_single_token,128,3.125,8576,16.406,14.952,55.504
0,JunHowie/Qwen3-32B-GPTQ-Int4,run00_single_token,128,1.0,8832,16.406,15.829,57.161
0,JunHowie/Qwen3-32B-GPTQ-Int4,run00_single_token,128,0.0,8865,16.406,15.946,57.375
0,JunHowie/Qwen3-32B-GPTQ-Int4,run00_anchor_only_decode_zero,8,75.0,2296,16.406,2.334,14.497
0,JunHowie/Qwen3-32B-GPTQ-Int4,run00_anchor_only_decode_zero,8,50.0,4600,16.406,5.455,29.045
0,JunHowie/Qwen3-32B-GPTQ-Int4,run00_anchor_only_decode_zero,8,25.0,6904,16.406,9.822,43.592
0,JunHowie/Qwen3-32B-GPTQ-Int4,run00_anchor_only_decode_zero,8,12.5,8056,16.406,12.733,50.866
0,JunHowie/Qwen3-32B-GPTQ-Int4,run00_anchor_only_decode_zero,8,6.25,8632,16.406,14.445,54.503
0,JunHowie/Qwen3-32B-GPTQ-Int4,run00_anchor_only_decode_zero,8,3.125,8920,16.406,15.379,56.322
0,JunHowie/Qwen3-32B-GPTQ-Int4,run00_anchor_only_decode_zero,8,1.0,9120,16.406,16.061,57.584
0,JunHowie/Qwen3-32B-GPTQ-Int4,run00_anchor_only_decode_zero,8,0.0,9210,16.406,16.378,58.153
0,JunHowie/Qwen3-32B-GPTQ-Int4,run00_anchor_only_decode_zero,16,75.0,2288,16.406,2.325,14.447
0,JunHowie/Qwen3-32B-GPTQ-Int4,run00_anchor_only_decode_zero,16,50.0,4592,16.406,5.442,28.994
0,JunHowie/Qwen3-32B-GPTQ-Int4,run00_anchor_only_decode_zero,16,25.0,6896,16.406,9.804,43.542
0,JunHowie/Qwen3-32B-GPTQ-Int4,run00_anchor_only_decode_zero,16,12.5,8048,16.406,12.711,50.816
0,JunHowie/Qwen3-32B-GPTQ-Int4,run00_anchor_only_decode_zero,16,6.25,8624,16.406,14.42,54.453
0,JunHowie/Qwen3-32B-GPTQ-Int4,run00_anchor_only_decode_zero,16,3.125,8912,16.406,15.352,56.271
0,JunHowie/Qwen3-32B-GPTQ-Int4,run00_anchor_only_decode_zero,16,1.0,9120,16.406,16.061,57.584
0,JunHowie/Qwen3-32B-GPTQ-Int4,run00_anchor_only_decode_zero,16,0.0,9202,16.406,16.349,58.102
0,JunHowie/Qwen3-32B-GPTQ-Int4,run00_anchor_only_decode_zero,32,75.0,2272,16.406,2.306,14.346
0,JunHowie/Qwen3-32B-GPTQ-Int4,run00_anchor_only_decode_zero,32,50.0,4576,16.406,5.417,28.893
0,JunHowie/Qwen3-32B-GPTQ-Int4,run00_anchor_only_decode_zero,32,25.0,6880,16.406,9.768,43.441
0,JunHowie/Qwen3-32B-GPTQ-Int4,run00_anchor_only_decode_zero,32,12.5,8032,16.406,12.666,50.715
0,JunHowie/Qwen3-32B-GPTQ-Int4,run00_anchor_only_decode_zero,32,6.25,8608,16.406,14.37,54.352
0,JunHowie/Qwen3-32B-GPTQ-Int4,run00_anchor_only_decode_zero,32,3.125,8896,16.406,15.299,56.17
0,JunHowie/Qwen3-32B-GPTQ-Int4,run00_anchor_only_decode_zero,32,1.0,9120,16.406,16.061,57.584
0,JunHowie/Qwen3-32B-GPTQ-Int4,run00_anchor_only_decode_zero,32,0.0,9186,16.406,16.293,58.001
0,JunHowie/Qwen3-32B-GPTQ-Int4,run00_anchor_only_decode_zero,64,75.0,2240,16.406,2.269,14.144
0,JunHowie/Qwen3-32B-GPTQ-Int4,run00_anchor_only_decode_zero,64,50.0,4544,16.406,5.366,28.691
0,JunHowie/Qwen3-32B-GPTQ-Int4,run00_anchor_only_decode_zero,64,25.0,6848,16.406,9.695,43.239
0,JunHowie/Qwen3-32B-GPTQ-Int4,run00_anchor_only_decode_zero,64,12.5,8000,16.406,12.577,50.513
0,JunHowie/Qwen3-32B-GPTQ-Int4,run00_anchor_only_decode_zero,64,6.25,8576,16.406,14.27,54.149
0,JunHowie/Qwen3-32B-GPTQ-Int4,run00_anchor_only_decode_zero,64,3.125,8896,16.406,15.299,56.17
0,JunHowie/Qwen3-32B-GPTQ-Int4,run00_anchor_only_decode_zero,64,1.0,9088,16.406,15.95,57.382
0,JunHowie/Qwen3-32B-GPTQ-Int4,run00_anchor_only_decode_zero,64,0.0,9154,16.406,16.18,57.799
0,JunHowie/Qwen3-32B-GPTQ-Int4,run00_anchor_only_decode_zero,128,75.0,2176,16.406,2.196,13.739
0,JunHowie/Qwen3-32B-GPTQ-Int4,run00_anchor_only_decode_zero,128,50.0,4480,16.406,5.267,28.287
0,JunHowie/Qwen3-32B-GPTQ-Int4,run00_anchor_only_decode_zero,128,25.0,6784,16.406,9.552,42.835
0,JunHowie/Qwen3-32B-GPTQ-Int4,run00_anchor_only_decode_zero,128,12.5,7936,16.406,12.4,50.108
0,JunHowie/Qwen3-32B-GPTQ-Int4,run00_anchor_only_decode_zero,128,6.25,8576,16.406,14.27,54.149
0,JunHowie/Qwen3-32B-GPTQ-Int4,run00_anchor_only_decode_zero,128,3.125,8832,16.406,15.087,55.766
0,JunHowie/Qwen3-32B-GPTQ-Int4,run00_anchor_only_decode_zero,128,1.0,9088,16.406,15.95,57.382
0,JunHowie/Qwen3-32B-GPTQ-Int4,run00_anchor_only_decode_zero,128,0.0,9090,16.406,15.957,57.395
0,JunHowie/Qwen3-32B-GPTQ-Int4,run00_first_page_decode,8,75.0,2392,16.406,2.334,14.498
0,JunHowie/Qwen3-32B-GPTQ-Int4,run00_first_page_decode,8,50.0,4792,16.406,5.454,29.044
0,JunHowie/Qwen3-32B-GPTQ-Int4,run00_first_page_decode,8,25.0,7192,16.406,9.821,43.59
0,JunHowie/Qwen3-32B-GPTQ-Int4,run00_first_page_decode,8,12.5,8392,16.406,12.732,50.863
0,JunHowie/Qwen3-32B-GPTQ-Int4,run00_first_page_decode,8,6.25,8992,16.406,14.443,54.5
0,JunHowie/Qwen3-32B-GPTQ-Int4,run00_first_page_decode,8,3.125,9296,16.406,15.39,56.342
0,JunHowie/Qwen3-32B-GPTQ-Int4,run00_first_page_decode,8,1.0,9496,16.406,16.045,57.555
0,JunHowie/Qwen3-32B-GPTQ-Int4,run00_first_page_decode,8,0.0,9595,16.406,16.379,58.155
0,JunHowie/Qwen3-32B-GPTQ-Int4,run00_first_page_decode,16,75.0,2384,16.406,2.325,14.449
0,JunHowie/Qwen3-32B-GPTQ-Int4,run00_first_page_decode,16,50.0,4784,16.406,5.442,28.995
0,JunHowie/Qwen3-32B-GPTQ-Int4,run00_first_page_decode,16,25.0,7184,16.406,9.804,43.542
0,JunHowie/Qwen3-32B-GPTQ-Int4,run00_first_page_decode,16,12.5,8384,16.406,12.71,50.815
0,JunHowie/Qwen3-32B-GPTQ-Int4,run00_first_page_decode,16,6.25,8992,16.406,14.443,54.5
0,JunHowie/Qwen3-32B-GPTQ-Int4,run00_first_page_decode,16,3.125,9296,16.406,15.39,56.342
0,JunHowie/Qwen3-32B-GPTQ-Int4,run00_first_page_decode,16,1.0,9488,16.406,16.018,57.506
0,JunHowie/Qwen3-32B-GPTQ-Int4,run00_first_page_decode,16,0.0,9587,16.406,16.352,58.106
0,JunHowie/Qwen3-32B-GPTQ-Int4,run00_first_page_decode,32,75.0,2368,16.406,2.307,14.352
0,JunHowie/Qwen3-32B-GPTQ-Int4,run00_first_page_decode,32,50.0,4768,16.406,5.418,28.899
0,JunHowie/Qwen3-32B-GPTQ-Int4,run00_first_page_decode,32,25.0,7168,16.406,9.769,43.445
0,JunHowie/Qwen3-32B-GPTQ-Int4,run00_first_page_decode,32,12.5,8384,16.406,12.71,50.815
0,JunHowie/Qwen3-32B-GPTQ-Int4,run00_first_page_decode,32,6.25,8992,16.406,14.443,54.5
0,JunHowie/Qwen3-32B-GPTQ-Int4,run00_first_page_decode,32,3.125,9280,16.406,15.339,56.245
0,JunHowie/Qwen3-32B-GPTQ-Int4,run00_first_page_decode,32,1.0,9472,16.406,15.965,57.409
0,JunHowie/Qwen3-32B-GPTQ-Int4,run00_first_page_decode,32,0.0,9571,16.406,16.297,58.009
0,JunHowie/Qwen3-32B-GPTQ-Int4,run00_first_page_decode,64,75.0,2304,16.406,2.236,13.964
0,JunHowie/Qwen3-32B-GPTQ-Int4,run00_first_page_decode,64,50.0,4736,16.406,5.37,28.705
0,JunHowie/Qwen3-32B-GPTQ-Int4,run00_first_page_decode,64,25.0,7168,16.406,9.769,43.445
0,JunHowie/Qwen3-32B-GPTQ-Int4,run00_first_page_decode,64,12.5,8384,16.406,12.71,50.815
0,JunHowie/Qwen3-32B-GPTQ-Int4,run00_first_page_decode,64,6.25,8960,16.406,14.347,54.306
0,JunHowie/Qwen3-32B-GPTQ-Int4,run00_first_page_decode,64,3.125,9280,16.406,15.339,56.245
0,JunHowie/Qwen3-32B-GPTQ-Int4,run00_first_page_decode,64,1.0,9472,16.406,15.965,57.409
0,JunHowie/Qwen3-32B-GPTQ-Int4,run00_first_page_decode,64,0.0,9539,16.406,16.189,57.815
0,JunHowie/Qwen3-32B-GPTQ-Int4,run00_first_page_decode,128,75.0,2304,16.406,2.236,13.964
0,JunHowie/Qwen3-32B-GPTQ-Int4,run00_first_page_decode,128,50.0,4736,16.406,5.37,28.705
0,JunHowie/Qwen3-32B-GPTQ-Int4,run00_first_page_decode,128,25.0,7168,16.406,9.769,43.445
0,JunHowie/Qwen3-32B-GPTQ-Int4,run00_first_page_decode,128,12.5,8320,16.406,12.539,50.427
0,JunHowie/Qwen3-32B-GPTQ-Int4,run00_first_page_decode,128,6.25,8960,16.406,14.347,54.306
0,JunHowie/Qwen3-32B-GPTQ-Int4,run00_first_page_decode,128,3.125,9216,16.406,15.135,55.858
0,JunHowie/Qwen3-32B-GPTQ-Int4,run00_first_page_decode,128,1.0,9472,16.406,15.965,57.409
0,JunHowie/Qwen3-32B-GPTQ-Int4,run00_first_page_decode,128,0.0,9475,16.406,15.975,57.427
0,JunHowie/Qwen3-32B-GPTQ-Int4,run00_exact_small_boundary,8,75.0,2440,16.406,2.334,14.499
0,JunHowie/Qwen3-32B-GPTQ-Int4,run00_exact_small_boundary,8,50.0,4888,16.406,5.455,29.045
0,JunHowie/Qwen3-32B-GPTQ-Int4,run00_exact_small_boundary,8,25.0,7336,16.406,9.822,43.591
0,JunHowie/Qwen3-32B-GPTQ-Int4,run00_exact_small_boundary,8,12.5,8560,16.406,12.732,50.865
0,JunHowie/Qwen3-32B-GPTQ-Int4,run00_exact_small_boundary,8,6.25,9176,16.406,14.456,54.525
0,JunHowie/Qwen3-32B-GPTQ-Int4,run00_exact_small_boundary,8,3.125,9480,16.406,15.384,56.331
0,JunHowie/Qwen3-32B-GPTQ-Int4,run00_exact_small_boundary,8,1.0,9688,16.406,16.052,57.567
0,JunHowie/Qwen3-32B-GPTQ-Int4,run00_exact_small_boundary,8,0.0,9787,16.406,16.379,58.156
0,JunHowie/Qwen3-32B-GPTQ-Int4,run00_exact_small_boundary,16,75.0,2432,16.406,2.325,14.451
0,JunHowie/Qwen3-32B-GPTQ-Int4,run00_exact_small_boundary,16,50.0,4880,16.406,5.443,28.998
0,JunHowie/Qwen3-32B-GPTQ-Int4,run00_exact_small_boundary,16,25.0,7328,16.406,9.805,43.544
0,JunHowie/Qwen3-32B-GPTQ-Int4,run00_exact_small_boundary,16,12.5,8560,16.406,12.732,50.865
0,JunHowie/Qwen3-32B-GPTQ-Int4,run00_exact_small_boundary,16,6.25,9168,16.406,14.432,54.477
0,JunHowie/Qwen3-32B-GPTQ-Int4,run00_exact_small_boundary,16,3.125,9472,16.406,15.359,56.284
0,JunHowie/Qwen3-32B-GPTQ-Int4,run00_exact_small_boundary,16,1.0,9680,16.406,16.025,57.52
0,JunHowie/Qwen3-32B-GPTQ-Int4,run00_exact_small_boundary,16,0.0,9779,16.406,16.353,58.108
0,JunHowie/Qwen3-32B-GPTQ-Int4,run00_exact_small_boundary,32,75.0,2400,16.406,2.291,14.261
0,JunHowie/Qwen3-32B-GPTQ-Int4,run00_exact_small_boundary,32,50.0,4864,16.406,5.419,28.903
0,JunHowie/Qwen3-32B-GPTQ-Int4,run00_exact_small_boundary,32,25.0,7328,16.406,9.805,43.544
0,JunHowie/Qwen3-32B-GPTQ-Int4,run00_exact_small_boundary,32,12.5,8544,16.406,12.69,50.77
0,JunHowie/Qwen3-32B-GPTQ-Int4,run00_exact_small_boundary,32,6.25,9152,16.406,14.385,54.382
0,JunHowie/Qwen3-32B-GPTQ-Int4,run00_exact_small_boundary,32,3.125,9472,16.406,15.359,56.284
0,JunHowie/Qwen3-32B-GPTQ-Int4,run00_exact_small_boundary,32,1.0,9664,16.406,15.973,57.425
0,JunHowie/Qwen3-32B-GPTQ-Int4,run00_exact_small_boundary,32,0.0,9763,16.406,16.299,58.013
0,JunHowie/Qwen3-32B-GPTQ-Int4,run00_exact_small_boundary,64,75.0,2368,16.406,2.256,14.071
0,JunHowie/Qwen3-32B-GPTQ-Int4,run00_exact_small_boundary,64,50.0,4864,16.406,5.419,28.903
0,JunHowie/Qwen3-32B-GPTQ-Int4,run00_exact_small_boundary,64,25.0,7296,16.406,9.736,43.354
0,JunHowie/Qwen3-32B-GPTQ-Int4,run00_exact_small_boundary,64,12.5,8512,16.406,12.606,50.579
0,JunHowie/Qwen3-32B-GPTQ-Int4,run00_exact_small_boundary,64,6.25,9152,16.406,14.385,54.382
0,JunHowie/Qwen3-32B-GPTQ-Int4,run00_exact_small_boundary,64,3.125,9472,16.406,15.359,56.284
0,JunHowie/Qwen3-32B-GPTQ-Int4,run00_exact_small_boundary,64,1.0,9664,16.406,15.973,57.425
0,JunHowie/Qwen3-32B-GPTQ-Int4,run00_exact_small_boundary,64,0.0,9731,16.406,16.193,57.823
0,JunHowie/Qwen3-32B-GPTQ-Int4,run00_exact_small_boundary,128,75.0,2304,16.406,2.187,13.691
0,JunHowie/Qwen3-32B-GPTQ-Int4,run00_exact_small_boundary,128,50.0,4736,16.406,5.231,28.142
0,JunHowie/Qwen3-32B-GPTQ-Int4,run00_exact_small_boundary,128,25.0,7168,16.406,9.467,42.593
0,JunHowie/Qwen3-32B-GPTQ-Int4,run00_exact_small_boundary,128,12.5,8448,16.406,12.439,50.199
0,JunHowie/Qwen3-32B-GPTQ-Int4,run00_exact_small_boundary,128,6.25,9088,16.406,14.197,54.002
0,JunHowie/Qwen3-32B-GPTQ-Int4,run00_exact_small_boundary,128,3.125,9344,16.406,14.962,55.523
0,JunHowie/Qwen3-32B-GPTQ-Int4,run00_exact_small_boundary,128,1.0,9600,16.406,15.766,57.044
0,JunHowie/Qwen3-32B-GPTQ-Int4,run00_exact_small_boundary,128,0.0,9667,16.406,15.983,57.443
0,JunHowie/Qwen3-32B-GPTQ-Int4,run00_cross_small_boundary,8,75.0,2512,16.406,2.337,14.513
0,JunHowie/Qwen3-32B-GPTQ-Int4,run00_cross_small_boundary,8,50.0,5032,16.406,5.462,29.073
0,JunHowie/Qwen3-32B-GPTQ-Int4,run00_cross_small_boundary,8,25.0,7552,16.406,9.836,43.632
0,JunHowie/Qwen3-32B-GPTQ-Int4,run00_cross_small_boundary,8,12.5,8808,16.406,12.743,50.889
0,JunHowie/Qwen3-32B-GPTQ-Int4,run00_cross_small_boundary,8,6.25,9440,16.406,14.463,54.54
0,JunHowie/Qwen3-32B-GPTQ-Int4,run00_cross_small_boundary,8,3.125,9752,16.406,15.39,56.343
0,JunHowie/Qwen3-32B-GPTQ-Int4,run00_cross_small_boundary,8,1.0,9968,16.406,16.065,57.591
0,JunHowie/Qwen3-32B-GPTQ-Int4,run00_cross_small_boundary,8,0.0,10066,16.406,16.38,58.157
0,JunHowie/Qwen3-32B-GPTQ-Int4,run00_cross_small_boundary,16,75.0,2496,16.406,2.32,14.421
0,JunHowie/Qwen3-32B-GPTQ-Int4,run00_cross_small_boundary,16,50.0,5024,16.406,5.45,29.026
0,JunHowie/Qwen3-32B-GPTQ-Int4,run00_cross_small_boundary,16,25.0,7536,16.406,9.803,43.54
0,JunHowie/Qwen3-32B-GPTQ-Int4,run00_cross_small_boundary,16,12.5,8800,16.406,12.723,50.843
0,JunHowie/Qwen3-32B-GPTQ-Int4,run00_cross_small_boundary,16,6.25,9424,16.406,14.417,54.448
0,JunHowie/Qwen3-32B-GPTQ-Int4,run00_cross_small_boundary,16,3.125,9744,16.406,15.365,56.297
0,JunHowie/Qwen3-32B-GPTQ-Int4,run00_cross_small_boundary,16,1.0,9952,16.406,16.014,57.498
0,JunHowie/Qwen3-32B-GPTQ-Int4,run00_cross_small_boundary,16,0.0,10058,16.406,16.354,58.111
0,JunHowie/Qwen3-32B-GPTQ-Int4,run00_cross_small_boundary,32,75.0,2464,16.406,2.286,14.236
0,JunHowie/Qwen3-32B-GPTQ-Int4,run00_cross_small_boundary,32,50.0,4992,16.406,5.404,28.842
0,JunHowie/Qwen3-32B-GPTQ-Int4,run00_cross_small_boundary,32,25.0,7520,16.406,9.77,43.447
0,JunHowie/Qwen3-32B-GPTQ-Int4,run00_cross_small_boundary,32,12.5,8768,16.406,12.641,50.658
0,JunHowie/Qwen3-32B-GPTQ-Int4,run00_cross_small_boundary,32,6.25,9408,16.406,14.372,54.355
0,JunHowie/Qwen3-32B-GPTQ-Int4,run00_cross_small_boundary,32,3.125,9728,16.406,15.317,56.204
0,JunHowie/Qwen3-32B-GPTQ-Int4,run00_cross_small_boundary,32,1.0,9920,16.406,15.912,57.313
0,JunHowie/Qwen3-32B-GPTQ-Int4,run00_cross_small_boundary,32,0.0,10042,16.406,16.302,58.018
0,JunHowie/Qwen3-32B-GPTQ-Int4,run00_cross_small_boundary,64,75.0,2432,16.406,2.252,14.051
0,JunHowie/Qwen3-32B-GPTQ-Int4,run00_cross_small_boundary,64,50.0,4992,16.406,5.404,28.842
0,JunHowie/Qwen3-32B-GPTQ-Int4,run00_cross_small_boundary,64,25.0,7488,16.406,9.704,43.262
0,JunHowie/Qwen3-32B-GPTQ-Int4,run00_cross_small_boundary,64,12.5,8768,16.406,12.641,50.658
0,JunHowie/Qwen3-32B-GPTQ-Int4,run00_cross_small_boundary,64,6.25,9408,16.406,14.372,54.355
0,JunHowie/Qwen3-32B-GPTQ-Int4,run00_cross_small_boundary,64,3.125,9728,16.406,15.317,56.204
0,JunHowie/Qwen3-32B-GPTQ-Int4,run00_cross_small_boundary,64,1.0,9920,16.406,15.912,57.313
0,JunHowie/Qwen3-32B-GPTQ-Int4,run00_cross_small_boundary,64,0.0,10010,16.406,16.199,57.833
0,JunHowie/Qwen3-32B-GPTQ-Int4,run00_cross_small_boundary,128,75.0,2304,16.406,2.118,13.311
0,JunHowie/Qwen3-32B-GPTQ-Int4,run00_cross_small_boundary,128,50.0,4864,16.406,5.221,28.102
0,JunHowie/Qwen3-32B-GPTQ-Int4,run00_cross_small_boundary,128,25.0,7424,16.406,9.572,42.893
0,JunHowie/Qwen3-32B-GPTQ-Int4,run00_cross_small_boundary,128,12.5,8704,16.406,12.478,50.288
0,JunHowie/Qwen3-32B-GPTQ-Int4,run00_cross_small_boundary,128,6.25,9344,16.406,14.189,53.986
0,JunHowie/Qwen3-32B-GPTQ-Int4,run00_cross_small_boundary,128,3.125,9600,16.406,14.932,55.465
0,JunHowie/Qwen3-32B-GPTQ-Int4,run00_cross_small_boundary,128,1.0,9856,16.406,15.711,56.944
0,JunHowie/Qwen3-32B-GPTQ-Int4,run00_cross_small_boundary,128,0.0,9946,16.406,15.995,57.464
0,JunHowie/Qwen3-32B-GPTQ-Int4,run00_exact_sixteen,8,75.0,2552,16.406,2.331,14.484
0,JunHowie/Qwen3-32B-GPTQ-Int4,run00_exact_sixteen,8,50.0,5120,16.406,5.458,29.059
0,JunHowie/Qwen3-32B-GPTQ-Int4,run00_exact_sixteen,8,25.0,7680,16.406,9.821,43.588
0,JunHowie/Qwen3-32B-GPTQ-Int4,run00_exact_sixteen,8,12.5,8960,16.406,12.727,50.853
0,JunHowie/Qwen3-32B-GPTQ-Int4,run00_exact_sixteen,8,6.25,9600,16.406,14.436,54.486
0,JunHowie/Qwen3-32B-GPTQ-Int4,run00_exact_sixteen,8,3.125,9920,16.406,15.368,56.302
0,JunHowie/Qwen3-32B-GPTQ-Int4,run00_exact_sixteen,8,1.0,10144,16.406,16.055,57.573
0,JunHowie/Qwen3-32B-GPTQ-Int4,run00_exact_sixteen,8,0.0,10247,16.406,16.381,58.158
0,JunHowie/Qwen3-32B-GPTQ-Int4,run00_exact_sixteen,16,75.0,2544,16.406,2.323,14.439
0,JunHowie/Qwen3-32B-GPTQ-Int4,run00_exact_sixteen,16,50.0,5104,16.406,5.435,28.968
0,JunHowie/Qwen3-32B-GPTQ-Int4,run00_exact_sixteen,16,25.0,7664,16.406,9.788,43.498
0,JunHowie/Qwen3-32B-GPTQ-Int4,run00_exact_sixteen,16,12.5,8944,16.406,12.687,50.762
0,JunHowie/Qwen3-32B-GPTQ-Int4,run00_exact_sixteen,16,6.25,9584,16.406,14.391,54.395
0,JunHowie/Qwen3-32B-GPTQ-Int4,run00_exact_sixteen,16,3.125,9904,16.406,15.32,56.211
0,JunHowie/Qwen3-32B-GPTQ-Int4,run00_exact_sixteen,16,1.0,10128,16.406,16.005,57.482
0,JunHowie/Qwen3-32B-GPTQ-Int4,run00_exact_sixteen,16,0.0,10239,16.406,16.355,58.112
0,JunHowie/Qwen3-32B-GPTQ-Int4,run00_exact_sixteen,32,75.0,2528,16.406,2.306,14.348
0,JunHowie/Qwen3-32B-GPTQ-Int4,run00_exact_sixteen,32,50.0,5088,16.406,5.413,28.877
0,JunHowie/Qwen3-32B-GPTQ-Int4,run00_exact_sixteen,32,25.0,7648,16.406,9.755,43.407
0,JunHowie/Qwen3-32B-GPTQ-Int4,run00_exact_sixteen,32,12.5,8928,16.406,12.647,50.672
0,JunHowie/Qwen3-32B-GPTQ-Int4,run00_exact_sixteen,32,6.25,9568,16.406,14.346,54.304
0,JunHowie/Qwen3-32B-GPTQ-Int4,run00_exact_sixteen,32,3.125,9888,16.406,15.273,56.12
0,JunHowie/Qwen3-32B-GPTQ-Int4,run00_exact_sixteen,32,1.0,10112,16.406,15.955,57.392
0,JunHowie/Qwen3-32B-GPTQ-Int4,run00_exact_sixteen,32,0.0,10223,16.406,16.304,58.022
0,JunHowie/Qwen3-32B-GPTQ-Int4,run00_exact_sixteen,64,75.0,2496,16.406,2.273,14.166
0,JunHowie/Qwen3-32B-GPTQ-Int4,run00_exact_sixteen,64,50.0,5056,16.406,5.368,28.696
0,JunHowie/Qwen3-32B-GPTQ-Int4,run00_exact_sixteen,64,25.0,7616,16.406,9.691,43.225
0,JunHowie/Qwen3-32B-GPTQ-Int4,run00_exact_sixteen,64,12.5,8896,16.406,12.567,50.49
0,JunHowie/Qwen3-32B-GPTQ-Int4,run00_exact_sixteen,64,6.25,9536,16.406,14.256,54.122
0,JunHowie/Qwen3-32B-GPTQ-Int4,run00_exact_sixteen,64,3.125,9856,16.406,15.177,55.939
0,JunHowie/Qwen3-32B-GPTQ-Int4,run00_exact_sixteen,64,1.0,10112,16.406,15.955,57.392
0,JunHowie/Qwen3-32B-GPTQ-Int4,run00_exact_sixteen,64,0.0,10191,16.406,16.203,57.84
0,JunHowie/Qwen3-32B-GPTQ-Int4,run00_exact_sixteen,128,75.0,2432,16.406,2.207,13.803
0,JunHowie/Qwen3-32B-GPTQ-Int4,run00_exact_sixteen,128,50.0,4992,16.406,5.278,28.333
0,JunHowie/Qwen3-32B-GPTQ-Int4,run00_exact_sixteen,128,25.0,7552,16.406,9.562,42.862
0,JunHowie/Qwen3-32B-GPTQ-Int4,run00_exact_sixteen,128,12.5,8832,16.406,12.408,50.127
0,JunHowie/Qwen3-32B-GPTQ-Int4,run00_exact_sixteen,128,6.25,9472,16.406,14.079,53.759
0,JunHowie/Qwen3-32B-GPTQ-Int4,run00_exact_sixteen,128,3.125,9856,16.406,15.177,55.939
0,JunHowie/Qwen3-32B-GPTQ-Int4,run00_exact_sixteen,128,1.0,10112,16.406,15.955,57.392
0,JunHowie/Qwen3-32B-GPTQ-Int4,run00_exact_sixteen,128,0.0,10127,16.406,16.002,57.477
0,JunHowie/Qwen3-32B-GPTQ-Int4,run00_cross_sixteen,8,75.0,2640,16.406,2.332,14.486
0,JunHowie/Qwen3-32B-GPTQ-Int4,run00_cross_sixteen,8,50.0,5296,16.406,5.458,29.06
0,JunHowie/Qwen3-32B-GPTQ-Int4,run00_cross_sixteen,8,25.0,7944,16.406,9.821,43.591
0,JunHowie/Qwen3-32B-GPTQ-Int4,run00_cross_sixteen,8,12.5,9272,16.406,12.738,50.878
0,JunHowie/Qwen3-32B-GPTQ-Int4,run00_cross_sixteen,8,6.25,9936,16.406,14.454,54.521
0,JunHowie/Qwen3-32B-GPTQ-Int4,run00_cross_sixteen,8,3.125,10264,16.406,15.378,56.321
0,JunHowie/Qwen3-32B-GPTQ-Int4,run00_cross_sixteen,8,1.0,10488,16.406,16.042,57.55
0,JunHowie/Qwen3-32B-GPTQ-Int4,run00_cross_sixteen,8,0.0,10599,16.406,16.382,58.159
0,JunHowie/Qwen3-32B-GPTQ-Int4,run00_cross_sixteen,16,75.0,2624,16.406,2.316,14.399
0,JunHowie/Qwen3-32B-GPTQ-Int4,run00_cross_sixteen,16,50.0,5280,16.406,5.436,28.973
0,JunHowie/Qwen3-32B-GPTQ-Int4,run00_cross_sixteen,16,25.0,7936,16.406,9.806,43.547
0,JunHowie/Qwen3-32B-GPTQ-Int4,run00_cross_sixteen,16,12.5,9264,16.406,12.719,50.834
0,JunHowie/Qwen3-32B-GPTQ-Int4,run00_cross_sixteen,16,6.25,9920,16.406,14.41,54.433
0,JunHowie/Qwen3-32B-GPTQ-Int4,run00_cross_sixteen,16,3.125,10256,16.406,15.355,56.277
0,JunHowie/Qwen3-32B-GPTQ-Int4,run00_cross_sixteen,16,1.0,10480,16.406,16.018,57.506
0,JunHowie/Qwen3-32B-GPTQ-Int4,run00_cross_sixteen,16,0.0,10591,16.406,16.357,58.115
0,JunHowie/Qwen3-32B-GPTQ-Int4,run00_cross_sixteen,32,75.0,2624,16.406,2.316,14.399
0,JunHowie/Qwen3-32B-GPTQ-Int4,run00_cross_sixteen,32,50.0,5280,16.406,5.436,28.973
0,JunHowie/Qwen3-32B-GPTQ-Int4,run00_cross_sixteen,32,25.0,7936,16.406,9.806,43.547
0,JunHowie/Qwen3-32B-GPTQ-Int4,run00_cross_sixteen,32,12.5,9248,16.406,12.68,50.746
0,JunHowie/Qwen3-32B-GPTQ-Int4,run00_cross_sixteen,32,6.25,9920,16.406,14.41,54.433
0,JunHowie/Qwen3-32B-GPTQ-Int4,run00_cross_sixteen,32,3.125,10240,16.406,15.309,56.189
0,JunHowie/Qwen3-32B-GPTQ-Int4,run00_cross_sixteen,32,1.0,10464,16.406,15.97,57.418
0,JunHowie/Qwen3-32B-GPTQ-Int4,run00_cross_sixteen,32,0.0,10575,16.406,16.308,58.028
0,JunHowie/Qwen3-32B-GPTQ-Int4,run00_cross_sixteen,64,75.0,2560,16.406,2.252,14.047
0,JunHowie/Qwen3-32B-GPTQ-Int4,run00_cross_sixteen,64,50.0,5248,16.406,5.393,28.797
0,JunHowie/Qwen3-32B-GPTQ-Int4,run00_cross_sixteen,64,25.0,7872,16.406,9.68,43.196
0,JunHowie/Qwen3-32B-GPTQ-Int4,run00_cross_sixteen,64,12.5,9216,16.406,12.602,50.57
0,JunHowie/Qwen3-32B-GPTQ-Int4,run00_cross_sixteen,64,6.25,9856,16.406,14.237,54.082
0,JunHowie/Qwen3-32B-GPTQ-Int4,run00_cross_sixteen,64,3.125,10176,16.406,15.125,55.838
0,JunHowie/Qwen3-32B-GPTQ-Int4,run00_cross_sixteen,64,1.0,10432,16.406,15.874,57.243
0,JunHowie/Qwen3-32B-GPTQ-Int4,run00_cross_sixteen,64,0.0,10543,16.406,16.209,57.852
0,JunHowie/Qwen3-32B-GPTQ-Int4,run00_cross_sixteen,128,75.0,2432,16.406,2.124,13.345
0,JunHowie/Qwen3-32B-GPTQ-Int4,run00_cross_sixteen,128,50.0,5120,16.406,5.219,28.095
0,JunHowie/Qwen3-32B-GPTQ-Int4,run00_cross_sixteen,128,25.0,7808,16.406,9.555,42.844
0,JunHowie/Qwen3-32B-GPTQ-Int4,run00_cross_sixteen,128,12.5,9088,16.406,12.296,49.868
0,JunHowie/Qwen3-32B-GPTQ-Int4,run00_cross_sixteen,128,6.25,9728,16.406,13.895,53.38
0,JunHowie/Qwen3-32B-GPTQ-Int4,run00_cross_sixteen,128,3.125,10112,16.406,14.943,55.487
0,JunHowie/Qwen3-32B-GPTQ-Int4,run00_cross_sixteen,128,1.0,10368,16.406,15.683,56.892
0,JunHowie/Qwen3-32B-GPTQ-Int4,run00_cross_sixteen,128,0.0,10479,16.406,16.015,57.501
0,JunHowie/Qwen3-32B-GPTQ-Int4,run00_decode_heavy_short_prompt,8,75.0,2776,16.406,2.335,14.501
0,JunHowie/Qwen3-32B-GPTQ-Int4,run00_decode_heavy_short_prompt,8,50.0,5560,16.406,5.454,29.044
0,JunHowie/Qwen3-32B-GPTQ-Int4,run00_decode_heavy_short_prompt,8,25.0,8344,16.406,9.82,43.587
0,JunHowie/Qwen3-32B-GPTQ-Int4,run00_decode_heavy_short_prompt,8,12.5,9736,16.406,12.73,50.859
0,JunHowie/Qwen3-32B-GPTQ-Int4,run00_decode_heavy_short_prompt,8,6.25,10432,16.406,14.441,54.494
0,JunHowie/Qwen3-32B-GPTQ-Int4,run00_decode_heavy_short_prompt,8,3.125,10784,16.406,15.385,56.333
0,JunHowie/Qwen3-32B-GPTQ-Int4,run00_decode_heavy_short_prompt,8,1.0,11024,16.406,16.062,57.587
0,JunHowie/Qwen3-32B-GPTQ-Int4,run00_decode_heavy_short_prompt,8,0.0,11134,16.406,16.383,58.161
0,JunHowie/Qwen3-32B-GPTQ-Int4,run00_decode_heavy_short_prompt,16,75.0,2768,16.406,2.327,14.459
0,JunHowie/Qwen3-32B-GPTQ-Int4,run00_decode_heavy_short_prompt,16,50.0,5552,16.406,5.444,29.002
0,JunHowie/Qwen3-32B-GPTQ-Int4,run00_decode_heavy_short_prompt,16,25.0,8336,16.406,9.805,43.545
0,JunHowie/Qwen3-32B-GPTQ-Int4,run00_decode_heavy_short_prompt,16,12.5,9728,16.406,12.711,50.817
0,JunHowie/Qwen3-32B-GPTQ-Int4,run00_decode_heavy_short_prompt,16,6.25,10432,16.406,14.441,54.494
0,JunHowie/Qwen3-32B-GPTQ-Int4,run00_decode_heavy_short_prompt,16,3.125,10784,16.406,15.385,56.333
0,JunHowie/Qwen3-32B-GPTQ-Int4,run00_decode_heavy_short_prompt,16,1.0,11024,16.406,16.062,57.587
0,JunHowie/Qwen3-32B-GPTQ-Int4,run00_decode_heavy_short_prompt,16,0.0,11126,16.406,16.359,58.12
0,JunHowie/Qwen3-32B-GPTQ-Int4,run00_decode_heavy_short_prompt,32,75.0,2752,16.406,2.312,14.376
0,JunHowie/Qwen3-32B-GPTQ-Int4,run00_decode_heavy_short_prompt,32,50.0,5536,16.406,5.423,28.919
0,JunHowie/Qwen3-32B-GPTQ-Int4,run00_decode_heavy_short_prompt,32,25.0,8320,16.406,9.775,43.462
0,JunHowie/Qwen3-32B-GPTQ-Int4,run00_decode_heavy_short_prompt,32,12.5,9728,16.406,12.711,50.817
0,JunHowie/Qwen3-32B-GPTQ-Int4,run00_decode_heavy_short_prompt,32,6.25,10432,16.406,14.441,54.494
0,JunHowie/Qwen3-32B-GPTQ-Int4,run00_decode_heavy_short_prompt,32,3.125,10784,16.406,15.385,56.333
0,JunHowie/Qwen3-32B-GPTQ-Int4,run00_decode_heavy_short_prompt,32,1.0,11008,16.406,16.016,57.503
0,JunHowie/Qwen3-32B-GPTQ-Int4,run00_decode_heavy_short_prompt,32,0.0,11110,16.406,16.312,58.036
0,JunHowie/Qwen3-32B-GPTQ-Int4,run00_decode_heavy_short_prompt,64,75.0,2688,16.406,2.25,14.041
0,JunHowie/Qwen3-32B-GPTQ-Int4,run00_decode_heavy_short_prompt,64,50.0,5504,16.406,5.381,28.752
0,JunHowie/Qwen3-32B-GPTQ-Int4,run00_decode_heavy_short_prompt,64,25.0,8320,16.406,9.775,43.462
0,JunHowie/Qwen3-32B-GPTQ-Int4,run00_decode_heavy_short_prompt,64,12.5,9728,16.406,12.711,50.817
0,JunHowie/Qwen3-32B-GPTQ-Int4,run00_decode_heavy_short_prompt,64,6.25,10432,16.406,14.441,54.494
0,JunHowie/Qwen3-32B-GPTQ-Int4,run00_decode_heavy_short_prompt,64,3.125,10752,16.406,15.297,56.166
0,JunHowie/Qwen3-32B-GPTQ-Int4,run00_decode_heavy_short_prompt,64,1.0,11008,16.406,16.016,57.503
0,JunHowie/Qwen3-32B-GPTQ-Int4,run00_decode_heavy_short_prompt,64,0.0,11078,16.406,16.219,57.869
0,JunHowie/Qwen3-32B-GPTQ-Int4,run00_decode_heavy_short_prompt,128,75.0,2688,16.406,2.25,14.041
0,JunHowie/Qwen3-32B-GPTQ-Int4,run00_decode_heavy_short_prompt,128,50.0,5504,16.406,5.381,28.752
0,JunHowie/Qwen3-32B-GPTQ-Int4,run00_decode_heavy_short_prompt,128,25.0,8320,16.406,9.775,43.462
0,JunHowie/Qwen3-32B-GPTQ-Int4,run00_decode_heavy_short_prompt,128,12.5,9728,16.406,12.711,50.817
0,JunHowie/Qwen3-32B-GPTQ-Int4,run00_decode_heavy_short_prompt,128,6.25,10368,16.406,14.275,54.16
0,JunHowie/Qwen3-32B-GPTQ-Int4,run00_decode_heavy_short_prompt,128,3.125,10752,16.406,15.297,56.166
0,JunHowie/Qwen3-32B-GPTQ-Int4,run00_decode_heavy_short_prompt,128,1.0,11008,16.406,16.016,57.503
0,JunHowie/Qwen3-32B-GPTQ-Int4,run00_decode_heavy_short_prompt,128,0.0,11014,16.406,16.034,57.534
0,JunHowie/Qwen3-32B-GPTQ-Int4,run00_prompt_heavy_short_decode,8,75.0,2192,16.406,2.332,14.485
0,JunHowie/Qwen3-32B-GPTQ-Int4,run00_prompt_heavy_short_decode,8,50.0,4392,16.406,5.449,29.022
0,JunHowie/Qwen3-32B-GPTQ-Int4,run00_prompt_heavy_short_decode,8,25.0,6592,16.406,9.81,43.56
0,JunHowie/Qwen3-32B-GPTQ-Int4,run00_prompt_heavy_short_decode,8,12.5,7696,16.406,12.728,50.855
0,JunHowie/Qwen3-32B-GPTQ-Int4,run00_prompt_heavy_short_decode,8,6.25,8248,16.406,14.445,54.503
0,JunHowie/Qwen3-32B-GPTQ-Int4,run00_prompt_heavy_short_decode,8,3.125,8520,16.406,15.367,56.3
0,JunHowie/Qwen3-32B-GPTQ-Int4,run00_prompt_heavy_short_decode,8,1.0,8704,16.406,16.023,57.516
0,JunHowie/Qwen3-32B-GPTQ-Int4,run00_prompt_heavy_short_decode,8,0.0,8800,16.406,16.376,58.15
0,JunHowie/Qwen3-32B-GPTQ-Int4,run00_prompt_heavy_short_decode,16,75.0,2176,16.406,2.312,14.379
0,JunHowie/Qwen3-32B-GPTQ-Int4,run00_prompt_heavy_short_decode,16,50.0,4384,16.406,5.436,28.969
0,JunHowie/Qwen3-32B-GPTQ-Int4,run00_prompt_heavy_short_decode,16,25.0,6592,16.406,9.81,43.56
0,JunHowie/Qwen3-32B-GPTQ-Int4,run00_prompt_heavy_short_decode,16,12.5,7696,16.406,12.728,50.855
0,JunHowie/Qwen3-32B-GPTQ-Int4,run00_prompt_heavy_short_decode,16,6.25,8240,16.406,14.418,54.45
0,JunHowie/Qwen3-32B-GPTQ-Int4,run00_prompt_heavy_short_decode,16,3.125,8512,16.406,15.339,56.247
0,JunHowie/Qwen3-32B-GPTQ-Int4,run00_prompt_heavy_short_decode,16,1.0,8704,16.406,16.023,57.516
0,JunHowie/Qwen3-32B-GPTQ-Int4,run00_prompt_heavy_short_decode,16,0.0,8792,16.406,16.347,58.097
0,JunHowie/Qwen3-32B-GPTQ-Int4,run00_prompt_heavy_short_decode,32,75.0,2176,16.406,2.312,14.379
0,JunHowie/Qwen3-32B-GPTQ-Int4,run00_prompt_heavy_short_decode,32,50.0,4384,16.406,5.436,28.969
0,JunHowie/Qwen3-32B-GPTQ-Int4,run00_prompt_heavy_short_decode,32,25.0,6592,16.406,9.81,43.56
0,JunHowie/Qwen3-32B-GPTQ-Int4,run00_prompt_heavy_short_decode,32,12.5,7680,16.406,12.681,50.749
0,JunHowie/Qwen3-32B-GPTQ-Int4,run00_prompt_heavy_short_decode,32,6.25,8224,16.406,14.366,54.344
0,JunHowie/Qwen3-32B-GPTQ-Int4,run00_prompt_heavy_short_decode,32,3.125,8512,16.406,15.339,56.247
0,JunHowie/Qwen3-32B-GPTQ-Int4,run00_prompt_heavy_short_decode,32,1.0,8704,16.406,16.023,57.516
0,JunHowie/Qwen3-32B-GPTQ-Int4,run00_prompt_heavy_short_decode,32,0.0,8776,16.406,16.287,57.992
0,JunHowie/Qwen3-32B-GPTQ-Int4,run00_prompt_heavy_short_decode,64,75.0,2112,16.406,2.235,13.956
0,JunHowie/Qwen3-32B-GPTQ-Int4,run00_prompt_heavy_short_decode,64,50.0,4352,16.406,5.383,28.758
0,JunHowie/Qwen3-32B-GPTQ-Int4,run00_prompt_heavy_short_decode,64,25.0,6528,16.406,9.659,43.137
0,JunHowie/Qwen3-32B-GPTQ-Int4,run00_prompt_heavy_short_decode,64,12.5,7616,16.406,12.495,50.326
0,JunHowie/Qwen3-32B-GPTQ-Int4,run00_prompt_heavy_short_decode,64,6.25,8192,16.406,14.261,54.133
0,JunHowie/Qwen3-32B-GPTQ-Int4,run00_prompt_heavy_short_decode,64,3.125,8448,16.406,15.118,55.824
0,JunHowie/Qwen3-32B-GPTQ-Int4,run00_prompt_heavy_short_decode,64,1.0,8640,16.406,15.792,57.093
0,JunHowie/Qwen3-32B-GPTQ-Int4,run00_prompt_heavy_short_decode,64,0.0,8744,16.406,16.17,57.78
0,JunHowie/Qwen3-32B-GPTQ-Int4,run00_prompt_heavy_short_decode,128,75.0,2048,16.406,2.158,13.533
0,JunHowie/Qwen3-32B-GPTQ-Int4,run00_prompt_heavy_short_decode,128,50.0,4224,16.406,5.175,27.912
0,JunHowie/Qwen3-32B-GPTQ-Int4,run00_prompt_heavy_short_decode,128,25.0,6400,16.406,9.362,42.291
0,JunHowie/Qwen3-32B-GPTQ-Int4,run00_prompt_heavy_short_decode,128,12.5,7552,16.406,12.311,49.903
0,JunHowie/Qwen3-32B-GPTQ-Int4,run00_prompt_heavy_short_decode,128,6.25,8064,16.406,13.851,53.287
0,JunHowie/Qwen3-32B-GPTQ-Int4,run00_prompt_heavy_short_decode,128,3.125,8320,16.406,14.684,54.978
0,JunHowie/Qwen3-32B-GPTQ-Int4,run00_prompt_heavy_short_decode,128,1.0,8576,16.406,15.564,56.67
0,JunHowie/Qwen3-32B-GPTQ-Int4,run00_prompt_heavy_short_decode,128,0.0,8680,16.406,15.936,57.357
0,JunHowie/Qwen3-32B-GPTQ-Int4,run00_exact_512_prompt,8,75.0,2256,16.406,2.33,14.479
0,JunHowie/Qwen3-32B-GPTQ-Int4,run00_exact_512_prompt,8,50.0,4528,16.406,5.458,29.06
0,JunHowie/Qwen3-32B-GPTQ-Int4,run00_exact_512_prompt,8,25.0,6792,16.406,9.821,43.59
0,JunHowie/Qwen3-32B-GPTQ-Int4,run00_exact_512_prompt,8,12.5,7928,16.406,12.739,50.88
0,JunHowie/Qwen3-32B-GPTQ-Int4,run00_exact_512_prompt,8,6.25,8496,16.406,14.456,54.526
0,JunHowie/Qwen3-32B-GPTQ-Int4,run00_exact_512_prompt,8,3.125,8776,16.406,15.379,56.323
0,JunHowie/Qwen3-32B-GPTQ-Int4,run00_exact_512_prompt,8,1.0,8968,16.406,16.045,57.555
0,JunHowie/Qwen3-32B-GPTQ-Int4,run00_exact_512_prompt,8,0.0,9061,16.406,16.377,58.152
0,JunHowie/Qwen3-32B-GPTQ-Int4,run00_exact_512_prompt,16,75.0,2240,16.406,2.312,14.376
0,JunHowie/Qwen3-32B-GPTQ-Int4,run00_exact_512_prompt,16,50.0,4512,16.406,5.433,28.957
0,JunHowie/Qwen3-32B-GPTQ-Int4,run00_exact_512_prompt,16,25.0,6784,16.406,9.803,43.538
0,JunHowie/Qwen3-32B-GPTQ-Int4,run00_exact_512_prompt,16,12.5,7920,16.406,12.717,50.829
0,JunHowie/Qwen3-32B-GPTQ-Int4,run00_exact_512_prompt,16,6.25,8480,16.406,14.405,54.423
0,JunHowie/Qwen3-32B-GPTQ-Int4,run00_exact_512_prompt,16,3.125,8768,16.406,15.352,56.271
0,JunHowie/Qwen3-32B-GPTQ-Int4,run00_exact_512_prompt,16,1.0,8960,16.406,16.017,57.504
0,JunHowie/Qwen3-32B-GPTQ-Int4,run00_exact_512_prompt,16,0.0,9053,16.406,16.348,58.1
0,JunHowie/Qwen3-32B-GPTQ-Int4,run00_exact_512_prompt,32,75.0,2240,16.406,2.312,14.376
0,JunHowie/Qwen3-32B-GPTQ-Int4,run00_exact_512_prompt,32,50.0,4512,16.406,5.433,28.957
0,JunHowie/Qwen3-32B-GPTQ-Int4,run00_exact_512_prompt,32,25.0,6784,16.406,9.803,43.538
0,JunHowie/Qwen3-32B-GPTQ-Int4,run00_exact_512_prompt,32,12.5,7904,16.406,12.671,50.726
0,JunHowie/Qwen3-32B-GPTQ-Int4,run00_exact_512_prompt,32,6.25,8480,16.406,14.405,54.423
0,JunHowie/Qwen3-32B-GPTQ-Int4,run00_exact_512_prompt,32,3.125,8768,16.406,15.352,56.271
0,JunHowie/Qwen3-32B-GPTQ-Int4,run00_exact_512_prompt,32,1.0,8960,16.406,16.017,57.504
0,JunHowie/Qwen3-32B-GPTQ-Int4,run00_exact_512_prompt,32,0.0,9037,16.406,16.291,57.998
0,JunHowie/Qwen3-32B-GPTQ-Int4,run00_exact_512_prompt,64,75.0,2176,16.406,2.237,13.965
0,JunHowie/Qwen3-32B-GPTQ-Int4,run00_exact_512_prompt,64,50.0,4480,16.406,5.381,28.752
0,JunHowie/Qwen3-32B-GPTQ-Int4,run00_exact_512_prompt,64,25.0,6720,16.406,9.656,43.128
0,JunHowie/Qwen3-32B-GPTQ-Int4,run00_exact_512_prompt,64,12.5,7872,16.406,12.58,50.521
0,JunHowie/Qwen3-32B-GPTQ-Int4,run00_exact_512_prompt,64,6.25,8448,16.406,14.303,54.218
0,JunHowie/Qwen3-32B-GPTQ-Int4,run00_exact_512_prompt,64,3.125,8704,16.406,15.137,55.861
0,JunHowie/Qwen3-32B-GPTQ-Int4,run00_exact_512_prompt,64,1.0,8896,16.406,15.792,57.093
0,JunHowie/Qwen3-32B-GPTQ-Int4,run00_exact_512_prompt,64,0.0,9005,16.406,16.176,57.792
0,JunHowie/Qwen3-32B-GPTQ-Int4,run00_exact_512_prompt,128,75.0,2048,16.406,2.088,13.144
0,JunHowie/Qwen3-32B-GPTQ-Int4,run00_exact_512_prompt,128,50.0,4352,16.406,5.179,27.93
0,JunHowie/Qwen3-32B-GPTQ-Int4,run00_exact_512_prompt,128,25.0,6656,16.406,9.511,42.717
0,JunHowie/Qwen3-32B-GPTQ-Int4,run00_exact_512_prompt,128,12.5,7808,16.406,12.401,50.11
0,JunHowie/Qwen3-32B-GPTQ-Int4,run00_exact_512_prompt,128,6.25,8320,16.406,13.903,53.396
0,JunHowie/Qwen3-32B-GPTQ-Int4,run00_exact_512_prompt,128,3.125,8576,16.406,14.714,55.039
0,JunHowie/Qwen3-32B-GPTQ-Int4,run00_exact_512_prompt,128,1.0,8832,16.406,15.571,56.682
0,JunHowie/Qwen3-32B-GPTQ-Int4,run00_exact_512_prompt,128,0.0,8941,16.406,15.95,57.382
0,JunHowie/Qwen3-32B-GPTQ-Int4,run00_cross_512_prompt,8,75.0,2312,16.406,2.337,14.512
0,JunHowie/Qwen3-32B-GPTQ-Int4,run00_cross_512_prompt,8,50.0,4632,16.406,5.462,29.073
0,JunHowie/Qwen3-32B-GPTQ-Int4,run00_cross_512_prompt,8,25.0,6952,16.406,9.838,43.635
0,JunHowie/Qwen3-32B-GPTQ-Int4,run00_cross_512_prompt,8,12.5,8112,16.406,12.755,50.916
0,JunHowie/Qwen3-32B-GPTQ-Int4,run00_cross_512_prompt,8,6.25,8688,16.406,14.459,54.531
0,JunHowie/Qwen3-32B-GPTQ-Int4,run00_cross_512_prompt,8,3.125,8976,16.406,15.388,56.339
0,JunHowie/Qwen3-32B-GPTQ-Int4,run00_cross_512_prompt,8,1.0,9176,16.406,16.067,57.594
0,JunHowie/Qwen3-32B-GPTQ-Int4,run00_cross_512_prompt,8,0.0,9265,16.406,16.378,58.153
0,JunHowie/Qwen3-32B-GPTQ-Int4,run00_cross_512_prompt,16,75.0,2304,16.406,2.327,14.461
0,JunHowie/Qwen3-32B-GPTQ-Int4,run00_cross_512_prompt,16,50.0,4624,16.406,5.449,29.023
0,JunHowie/Qwen3-32B-GPTQ-Int4,run00_cross_512_prompt,16,25.0,6944,16.406,9.819,43.585
0,JunHowie/Qwen3-32B-GPTQ-Int4,run00_cross_512_prompt,16,12.5,8096,16.406,12.711,50.816
0,JunHowie/Qwen3-32B-GPTQ-Int4,run00_cross_512_prompt,16,6.25,8672,16.406,14.409,54.431
0,JunHowie/Qwen3-32B-GPTQ-Int4,run00_cross_512_prompt,16,3.125,8960,16.406,15.335,56.239
0,JunHowie/Qwen3-32B-GPTQ-Int4,run00_cross_512_prompt,16,1.0,9168,16.406,16.039,57.544
0,JunHowie/Qwen3-32B-GPTQ-Int4,run00_cross_512_prompt,16,0.0,9257,16.406,16.35,58.103
0,JunHowie/Qwen3-32B-GPTQ-Int4,run00_cross_512_prompt,32,75.0,2272,16.406,2.29,14.26
0,JunHowie/Qwen3-32B-GPTQ-Int4,run00_cross_512_prompt,32,50.0,4608,16.406,5.424,28.923
0,JunHowie/Qwen3-32B-GPTQ-Int4,run00_cross_512_prompt,32,25.0,6912,16.406,9.747,43.384
0,JunHowie/Qwen3-32B-GPTQ-Int4,run00_cross_512_prompt,32,12.5,8064,16.406,12.622,50.615
0,JunHowie/Qwen3-32B-GPTQ-Int4,run00_cross_512_prompt,32,6.25,8640,16.406,14.31,54.23
0,JunHowie/Qwen3-32B-GPTQ-Int4,run00_cross_512_prompt,32,3.125,8928,16.406,15.229,56.038
0,JunHowie/Qwen3-32B-GPTQ-Int4,run00_cross_512_prompt,32,1.0,9152,16.406,15.984,57.444
0,JunHowie/Qwen3-32B-GPTQ-Int4,run00_cross_512_prompt,32,0.0,9241,16.406,16.293,58.002
0,JunHowie/Qwen3-32B-GPTQ-Int4,run00_cross_512_prompt,64,75.0,2240,16.406,2.254,14.06
0,JunHowie/Qwen3-32B-GPTQ-Int4,run00_cross_512_prompt,64,50.0,4544,16.406,5.324,28.521
0,JunHowie/Qwen3-32B-GPTQ-Int4,run00_cross_512_prompt,64,25.0,6848,16.406,9.604,42.982
0,JunHowie/Qwen3-32B-GPTQ-Int4,run00_cross_512_prompt,64,12.5,8000,16.406,12.445,50.213
0,JunHowie/Qwen3-32B-GPTQ-Int4,run00_cross_512_prompt,64,6.25,8576,16.406,14.112,53.828
0,JunHowie/Qwen3-32B-GPTQ-Int4,run00_cross_512_prompt,64,3.125,8896,16.406,15.124,55.837
0,JunHowie/Qwen3-32B-GPTQ-Int4,run00_cross_512_prompt,64,1.0,9088,16.406,15.764,57.042
0,JunHowie/Qwen3-32B-GPTQ-Int4,run00_cross_512_prompt,64,0.0,9209,16.406,16.181,57.801
0,JunHowie/Qwen3-32B-GPTQ-Int4,run00_cross_512_prompt,128,75.0,2176,16.406,2.181,13.658
0,JunHowie/Qwen3-32B-GPTQ-Int4,run00_cross_512_prompt,128,50.0,4480,16.406,5.225,28.119
0,JunHowie/Qwen3-32B-GPTQ-Int4,run00_cross_512_prompt,128,25.0,6784,16.406,9.463,42.581
0,JunHowie/Qwen3-32B-GPTQ-Int4,run00_cross_512_prompt,128,12.5,7936,16.406,12.271,49.811
0,JunHowie/Qwen3-32B-GPTQ-Int4,run00_cross_512_prompt,128,6.25,8576,16.406,14.112,53.828
0,JunHowie/Qwen3-32B-GPTQ-Int4,run00_cross_512_prompt,128,3.125,8832,16.406,14.917,55.435
0,JunHowie/Qwen3-32B-GPTQ-Int4,run00_cross_512_prompt,128,1.0,9088,16.406,15.764,57.042
0,JunHowie/Qwen3-32B-GPTQ-Int4,run00_cross_512_prompt,128,0.0,9145,16.406,15.959,57.4
0,JunHowie/Qwen3-32B-GPTQ-Int4,run00_long_anchor_tail,8,75.0,2392,16.406,2.331,14.48
0,JunHowie/Qwen3-32B-GPTQ-Int4,run00_long_anchor_tail,8,50.0,4800,16.406,5.457,29.056
0,JunHowie/Qwen3-32B-GPTQ-Int4,run00_long_anchor_tail,8,25.0,7200,16.406,9.819,43.584
0,JunHowie/Qwen3-32B-GPTQ-Int4,run00_long_anchor_tail,8,12.5,8400,16.406,12.725,50.848
0,JunHowie/Qwen3-32B-GPTQ-Int4,run00_long_anchor_tail,8,6.25,9000,16.406,14.434,54.48
0,JunHowie/Qwen3-32B-GPTQ-Int4,run00_long_anchor_tail,8,3.125,9304,16.406,15.378,56.321
0,JunHowie/Qwen3-32B-GPTQ-Int4,run00_long_anchor_tail,8,1.0,9504,16.406,16.032,57.531
0,JunHowie/Qwen3-32B-GPTQ-Int4,run00_long_anchor_tail,8,0.0,9607,16.406,16.379,58.155
0,JunHowie/Qwen3-32B-GPTQ-Int4,run00_long_anchor_tail,16,75.0,2384,16.406,2.322,14.431
0,JunHowie/Qwen3-32B-GPTQ-Int4,run00_long_anchor_tail,16,50.0,4784,16.406,5.433,28.959
0,JunHowie/Qwen3-32B-GPTQ-Int4,run00_long_anchor_tail,16,25.0,7184,16.406,9.784,43.487
0,JunHowie/Qwen3-32B-GPTQ-Int4,run00_long_anchor_tail,16,12.5,8384,16.406,12.682,50.751
0,JunHowie/Qwen3-32B-GPTQ-Int4,run00_long_anchor_tail,16,6.25,8992,16.406,14.41,54.432
0,JunHowie/Qwen3-32B-GPTQ-Int4,run00_long_anchor_tail,16,3.125,9296,16.406,15.353,56.272
0,JunHowie/Qwen3-32B-GPTQ-Int4,run00_long_anchor_tail,16,1.0,9488,16.406,15.978,57.434
0,JunHowie/Qwen3-32B-GPTQ-Int4,run00_long_anchor_tail,16,0.0,9599,16.406,16.352,58.106
0,JunHowie/Qwen3-32B-GPTQ-Int4,run00_long_anchor_tail,32,75.0,2368,16.406,2.304,14.334
0,JunHowie/Qwen3-32B-GPTQ-Int4,run00_long_anchor_tail,32,50.0,4768,16.406,5.409,28.862
0,JunHowie/Qwen3-32B-GPTQ-Int4,run00_long_anchor_tail,32,25.0,7168,16.406,9.75,43.391
0,JunHowie/Qwen3-32B-GPTQ-Int4,run00_long_anchor_tail,32,12.5,8384,16.406,12.682,50.751
0,JunHowie/Qwen3-32B-GPTQ-Int4,run00_long_anchor_tail,32,6.25,8992,16.406,14.41,54.432
0,JunHowie/Qwen3-32B-GPTQ-Int4,run00_long_anchor_tail,32,3.125,9280,16.406,15.302,56.175
0,JunHowie/Qwen3-32B-GPTQ-Int4,run00_long_anchor_tail,32,1.0,9472,16.406,15.925,57.337
0,JunHowie/Qwen3-32B-GPTQ-Int4,run00_long_anchor_tail,32,0.0,9583,16.406,16.297,58.009
0,JunHowie/Qwen3-32B-GPTQ-Int4,run00_long_anchor_tail,64,75.0,2304,16.406,2.233,13.947
0,JunHowie/Qwen3-32B-GPTQ-Int4,run00_long_anchor_tail,64,50.0,4736,16.406,5.361,28.669
0,JunHowie/Qwen3-32B-GPTQ-Int4,run00_long_anchor_tail,64,25.0,7168,16.406,9.75,43.391
0,JunHowie/Qwen3-32B-GPTQ-Int4,run00_long_anchor_tail,64,12.5,8384,16.406,12.682,50.751
0,JunHowie/Qwen3-32B-GPTQ-Int4,run00_long_anchor_tail,64,6.25,8960,16.406,14.314,54.238
0,JunHowie/Qwen3-32B-GPTQ-Int4,run00_long_anchor_tail,64,3.125,9280,16.406,15.302,56.175
0,JunHowie/Qwen3-32B-GPTQ-Int4,run00_long_anchor_tail,64,1.0,9472,16.406,15.925,57.337
0,JunHowie/Qwen3-32B-GPTQ-Int4,run00_long_anchor_tail,64,0.0,9551,16.406,16.189,57.816
0,JunHowie/Qwen3-32B-GPTQ-Int4,run00_long_anchor_tail,128,75.0,2304,16.406,2.233,13.947
0,JunHowie/Qwen3-32B-GPTQ-Int4,run00_long_anchor_tail,128,50.0,4736,16.406,5.361,28.669
0,JunHowie/Qwen3-32B-GPTQ-Int4,run00_long_anchor_tail,128,25.0,7168,16.406,9.75,43.391
0,JunHowie/Qwen3-32B-GPTQ-Int4,run00_long_anchor_tail,128,12.5,8320,16.406,12.511,50.364
0,JunHowie/Qwen3-32B-GPTQ-Int4,run00_long_anchor_tail,128,6.25,8960,16.406,14.314,54.238
0,JunHowie/Qwen3-32B-GPTQ-Int4,run00_long_anchor_tail,128,3.125,9216,16.406,15.099,55.788
0,JunHowie/Qwen3-32B-GPTQ-Int4,run00_long_anchor_tail,128,1.0,9472,16.406,15.925,57.337
0,JunHowie/Qwen3-32B-GPTQ-Int4,run00_long_anchor_tail,128,0.0,9487,16.406,15.975,57.428
0,JunHowie/Qwen3-32B-GPTQ-Int4,run00_routing_table_geometry,8,75.0,2488,16.406,2.329,14.472
0,JunHowie/Qwen3-32B-GPTQ-Int4,run00_routing_table_geometry,8,50.0,4992,16.406,5.453,29.038
0,JunHowie/Qwen3-32B-GPTQ-Int4,run00_routing_table_geometry,8,25.0,7496,16.406,9.826,43.603
0,JunHowie/Qwen3-32B-GPTQ-Int4,run00_routing_table_geometry,8,12.5,8744,16.406,12.731,50.862
0,JunHowie/Qwen3-32B-GPTQ-Int4,run00_routing_table_geometry,8,6.25,9368,16.406,14.439,54.492
0,JunHowie/Qwen3-32B-GPTQ-Int4,run00_routing_table_geometry,8,3.125,9680,16.406,15.371,56.307
0,JunHowie/Qwen3-32B-GPTQ-Int4,run00_routing_table_geometry,8,1.0,9896,16.406,16.049,57.563
0,JunHowie/Qwen3-32B-GPTQ-Int4,run00_routing_table_geometry,8,0.0,9998,16.406,16.38,58.157
0,JunHowie/Qwen3-32B-GPTQ-Int4,run00_routing_table_geometry,16,75.0,2480,16.406,2.321,14.426
0,JunHowie/Qwen3-32B-GPTQ-Int4,run00_routing_table_geometry,16,50.0,4992,16.406,5.453,29.038
0,JunHowie/Qwen3-32B-GPTQ-Int4,run00_routing_table_geometry,16,25.0,7488,16.406,9.809,43.556
0,JunHowie/Qwen3-32B-GPTQ-Int4,run00_routing_table_geometry,16,12.5,8736,16.406,12.711,50.816
0,JunHowie/Qwen3-32B-GPTQ-Int4,run00_routing_table_geometry,16,6.25,9360,16.406,14.416,54.445
0,JunHowie/Qwen3-32B-GPTQ-Int4,run00_routing_table_geometry,16,3.125,9680,16.406,15.371,56.307
0,JunHowie/Qwen3-32B-GPTQ-Int4,run00_routing_table_geometry,16,1.0,9888,16.406,16.024,57.517
0,JunHowie/Qwen3-32B-GPTQ-Int4,run00_routing_table_geometry,16,0.0,9990,16.406,16.354,58.11
0,JunHowie/Qwen3-32B-GPTQ-Int4,run00_routing_table_geometry,32,75.0,2464,16.406,2.304,14.333
0,JunHowie/Qwen3-32B-GPTQ-Int4,run00_routing_table_geometry,32,50.0,4960,16.406,5.406,28.851
0,JunHowie/Qwen3-32B-GPTQ-Int4,run00_routing_table_geometry,32,25.0,7456,16.406,9.742,43.37
0,JunHowie/Qwen3-32B-GPTQ-Int4,run00_routing_table_geometry,32,12.5,8704,16.406,12.628,50.63
0,JunHowie/Qwen3-32B-GPTQ-Int4,run00_routing_table_geometry,32,6.25,9344,16.406,14.37,54.352
0,JunHowie/Qwen3-32B-GPTQ-Int4,run00_routing_table_geometry,32,3.125,9664,16.406,15.322,56.214
0,JunHowie/Qwen3-32B-GPTQ-Int4,run00_routing_table_geometry,32,1.0,9856,16.406,15.922,57.331
0,JunHowie/Qwen3-32B-GPTQ-Int4,run00_routing_table_geometry,32,0.0,9974,16.406,16.302,58.017
0,JunHowie/Qwen3-32B-GPTQ-Int4,run00_routing_table_geometry,64,75.0,2432,16.406,2.27,14.147
0,JunHowie/Qwen3-32B-GPTQ-Int4,run00_routing_table_geometry,64,50.0,4928,16.406,5.36,28.665
0,JunHowie/Qwen3-32B-GPTQ-Int4,run00_routing_table_geometry,64,25.0,7424,16.406,9.676,43.184
0,JunHowie/Qwen3-32B-GPTQ-Int4,run00_routing_table_geometry,64,12.5,8704,16.406,12.628,50.63
0,JunHowie/Qwen3-32B-GPTQ-Int4,run00_routing_table_geometry,64,6.25,9344,16.406,14.37,54.352
0,JunHowie/Qwen3-32B-GPTQ-Int4,run00_routing_table_geometry,64,3.125,9664,16.406,15.322,56.214
0,JunHowie/Qwen3-32B-GPTQ-Int4,run00_routing_table_geometry,64,1.0,9856,16.406,15.922,57.331
0,JunHowie/Qwen3-32B-GPTQ-Int4,run00_routing_table_geometry,64,0.0,9942,16.406,16.198,57.831
0,JunHowie/Qwen3-32B-GPTQ-Int4,run00_routing_table_geometry,128,75.0,2304,16.406,2.135,13.402
0,JunHowie/Qwen3-32B-GPTQ-Int4,run00_routing_table_geometry,128,50.0,4864,16.406,5.268,28.293
0,JunHowie/Qwen3-32B-GPTQ-Int4,run00_routing_table_geometry,128,25.0,7424,16.406,9.676,43.184
0,JunHowie/Qwen3-32B-GPTQ-Int4,run00_routing_table_geometry,128,12.5,8704,16.406,12.628,50.63
0,JunHowie/Qwen3-32B-GPTQ-Int4,run00_routing_table_geometry,128,6.25,9344,16.406,14.37,54.352
0,JunHowie/Qwen3-32B-GPTQ-Int4,run00_routing_table_geometry,128,3.125,9600,16.406,15.127,55.841
0,JunHowie/Qwen3-32B-GPTQ-Int4,run00_routing_table_geometry,128,1.0,9856,16.406,15.922,57.331
0,JunHowie/Qwen3-32B-GPTQ-Int4,run00_routing_table_geometry,128,0.0,9878,16.406,15.992,57.459
0,JunHowie/Qwen3-32B-GPTQ-Int4,run00_dense_payload_geometry,8,75.0,2528,16.406,2.335,14.502
0,JunHowie/Qwen3-32B-GPTQ-Int4,run00_dense_payload_geometry,8,50.0,5064,16.406,5.456,29.05
0,JunHowie/Qwen3-32B-GPTQ-Int4,run00_dense_payload_geometry,8,25.0,7600,16.406,9.824,43.598
0,JunHowie/Qwen3-32B-GPTQ-Int4,run00_dense_payload_geometry,8,12.5,8872,16.406,12.746,50.895
0,JunHowie/Qwen3-32B-GPTQ-Int4,run00_dense_payload_geometry,8,6.25,9504,16.406,14.454,54.52
0,JunHowie/Qwen3-32B-GPTQ-Int4,run00_dense_payload_geometry,8,3.125,9824,16.406,15.397,56.356
0,JunHowie/Qwen3-32B-GPTQ-Int4,run00_dense_payload_geometry,8,1.0,10040,16.406,16.067,57.595
0,JunHowie/Qwen3-32B-GPTQ-Int4,run00_dense_payload_geometry,8,0.0,10138,16.406,16.38,58.157
0,JunHowie/Qwen3-32B-GPTQ-Int4,run00_dense_payload_geometry,16,75.0,2512,16.406,2.318,14.41
0,JunHowie/Qwen3-32B-GPTQ-Int4,run00_dense_payload_geometry,16,50.0,5056,16.406,5.444,29.004
0,JunHowie/Qwen3-32B-GPTQ-Int4,run00_dense_payload_geometry,16,25.0,7600,16.406,9.824,43.598
0,JunHowie/Qwen3-32B-GPTQ-Int4,run00_dense_payload_geometry,16,12.5,8864,16.406,12.725,50.849
0,JunHowie/Qwen3-32B-GPTQ-Int4,run00_dense_payload_geometry,16,6.25,9504,16.406,14.454,54.52
0,JunHowie/Qwen3-32B-GPTQ-Int4,run00_dense_payload_geometry,16,3.125,9824,16.406,15.397,56.356
0,JunHowie/Qwen3-32B-GPTQ-Int4,run00_dense_payload_geometry,16,1.0,10032,16.406,16.042,57.549
0,JunHowie/Qwen3-32B-GPTQ-Int4,run00_dense_payload_geometry,16,0.0,10130,16.406,16.355,58.111
0,JunHowie/Qwen3-32B-GPTQ-Int4,run00_dense_payload_geometry,32,75.0,2496,16.406,2.301,14.318
0,JunHowie/Qwen3-32B-GPTQ-Int4,run00_dense_payload_geometry,32,50.0,5056,16.406,5.444,29.004
0,JunHowie/Qwen3-32B-GPTQ-Int4,run00_dense_payload_geometry,32,25.0,7584,16.406,9.791,43.506
0,JunHowie/Qwen3-32B-GPTQ-Int4,run00_dense_payload_geometry,32,12.5,8864,16.406,12.725,50.849
0,JunHowie/Qwen3-32B-GPTQ-Int4,run00_dense_payload_geometry,32,6.25,9504,16.406,14.454,54.52
0,JunHowie/Qwen3-32B-GPTQ-Int4,run00_dense_payload_geometry,32,3.125,9824,16.406,15.397,56.356
0,JunHowie/Qwen3-32B-GPTQ-Int4,run00_dense_payload_geometry,32,1.0,10016,16.406,15.991,57.457
0,JunHowie/Qwen3-32B-GPTQ-Int4,run00_dense_payload_geometry,32,0.0,10114,16.406,16.303,58.02
0,JunHowie/Qwen3-32B-GPTQ-Int4,run00_dense_payload_geometry,64,75.0,2432,16.406,2.234,13.951
0,JunHowie/Qwen3-32B-GPTQ-Int4,run00_dense_payload_geometry,64,50.0,4992,16.406,5.353,28.637
0,JunHowie/Qwen3-32B-GPTQ-Int4,run00_dense_payload_geometry,64,25.0,7552,16.406,9.725,43.322
0,JunHowie/Qwen3-32B-GPTQ-Int4,run00_dense_payload_geometry,64,12.5,8832,16.406,12.644,50.665
0,JunHowie/Qwen3-32B-GPTQ-Int4,run00_dense_payload_geometry,64,6.25,9472,16.406,14.362,54.337
0,JunHowie/Qwen3-32B-GPTQ-Int4,run00_dense_payload_geometry,64,3.125,9792,16.406,15.3,56.172
0,JunHowie/Qwen3-32B-GPTQ-Int4,run00_dense_payload_geometry,64,1.0,9984,16.406,15.891,57.274
0,JunHowie/Qwen3-32B-GPTQ-Int4,run00_dense_payload_geometry,64,0.0,10082,16.406,16.201,57.836
0,JunHowie/Qwen3-32B-GPTQ-Int4,run00_dense_payload_geometry,128,75.0,2432,16.406,2.234,13.951
0,JunHowie/Qwen3-32B-GPTQ-Int4,run00_dense_payload_geometry,128,50.0,4992,16.406,5.353,28.637
0,JunHowie/Qwen3-32B-GPTQ-Int4,run00_dense_payload_geometry,128,25.0,7552,16.406,9.725,43.322
0,JunHowie/Qwen3-32B-GPTQ-Int4,run00_dense_payload_geometry,128,12.5,8832,16.406,12.644,50.665
0,JunHowie/Qwen3-32B-GPTQ-Int4,run00_dense_payload_geometry,128,6.25,9472,16.406,14.362,54.337
0,JunHowie/Qwen3-32B-GPTQ-Int4,run00_dense_payload_geometry,128,3.125,9728,16.406,15.108,55.805
0,JunHowie/Qwen3-32B-GPTQ-Int4,run00_dense_payload_geometry,128,1.0,9984,16.406,15.891,57.274
0,JunHowie/Qwen3-32B-GPTQ-Int4,run00_dense_payload_geometry,128,0.0,10018,16.406,15.997,57.469
0,JunHowie/Qwen3-32B-GPTQ-Int4,run00_long_generation_geometry,8,75.0,2704,16.406,2.334,14.497
0,JunHowie/Qwen3-32B-GPTQ-Int4,run00_long_generation_geometry,8,50.0,5416,16.406,5.453,29.037
0,JunHowie/Qwen3-32B-GPTQ-Int4,run00_long_generation_geometry,8,25.0,8128,16.406,9.817,43.577
0,JunHowie/Qwen3-32B-GPTQ-Int4,run00_long_generation_geometry,8,12.5,9488,16.406,12.734,50.869
0,JunHowie/Qwen3-32B-GPTQ-Int4,run00_long_generation_geometry,8,6.25,10168,16.406,14.451,54.514
0,JunHowie/Qwen3-32B-GPTQ-Int4,run00_long_generation_geometry,8,3.125,10504,16.406,15.376,56.316
0,JunHowie/Qwen3-32B-GPTQ-Int4,run00_long_generation_geometry,8,1.0,10736,16.406,16.048,57.56
0,JunHowie/Qwen3-32B-GPTQ-Int4,run00_long_generation_geometry,8,0.0,10848,16.406,16.382,58.16
0,JunHowie/Qwen3-32B-GPTQ-Int4,run00_long_generation_geometry,16,75.0,2688,16.406,2.318,14.411
0,JunHowie/Qwen3-32B-GPTQ-Int4,run00_long_generation_geometry,16,50.0,5408,16.406,5.442,28.994
0,JunHowie/Qwen3-32B-GPTQ-Int4,run00_long_generation_geometry,16,25.0,8128,16.406,9.817,43.577
0,JunHowie/Qwen3-32B-GPTQ-Int4,run00_long_generation_geometry,16,12.5,9488,16.406,12.734,50.869
0,JunHowie/Qwen3-32B-GPTQ-Int4,run00_long_generation_geometry,16,6.25,10160,16.406,14.429,54.472
0,JunHowie/Qwen3-32B-GPTQ-Int4,run00_long_generation_geometry,16,3.125,10496,16.406,15.353,56.273
0,JunHowie/Qwen3-32B-GPTQ-Int4,run00_long_generation_geometry,16,1.0,10736,16.406,16.048,57.56
0,JunHowie/Qwen3-32B-GPTQ-Int4,run00_long_generation_geometry,16,0.0,10840,16.406,16.358,58.117
0,JunHowie/Qwen3-32B-GPTQ-Int4,run00_long_generation_geometry,32,75.0,2688,16.406,2.318,14.411
0,JunHowie/Qwen3-32B-GPTQ-Int4,run00_long_generation_geometry,32,50.0,5408,16.406,5.442,28.994
0,JunHowie/Qwen3-32B-GPTQ-Int4,run00_long_generation_geometry,32,25.0,8128,16.406,9.817,43.577
0,JunHowie/Qwen3-32B-GPTQ-Int4,run00_long_generation_geometry,32,12.5,9472,16.406,12.696,50.783
0,JunHowie/Qwen3-32B-GPTQ-Int4,run00_long_generation_geometry,32,6.25,10144,16.406,14.387,54.386
0,JunHowie/Qwen3-32B-GPTQ-Int4,run00_long_generation_geometry,32,3.125,10496,16.406,15.353,56.273
0,JunHowie/Qwen3-32B-GPTQ-Int4,run00_long_generation_geometry,32,1.0,10720,16.406,16.0,57.474
0,JunHowie/Qwen3-32B-GPTQ-Int4,run00_long_generation_geometry,32,0.0,10824,16.406,16.31,58.032
0,JunHowie/Qwen3-32B-GPTQ-Int4,run00_long_generation_geometry,64,75.0,2624,16.406,2.255,14.068
0,JunHowie/Qwen3-32B-GPTQ-Int4,run00_long_generation_geometry,64,50.0,5376,16.406,5.399,28.823
0,JunHowie/Qwen3-32B-GPTQ-Int4,run00_long_generation_geometry,64,25.0,8064,16.406,9.694,43.234
0,JunHowie/Qwen3-32B-GPTQ-Int4,run00_long_generation_geometry,64,12.5,9408,16.406,12.545,50.44
0,JunHowie/Qwen3-32B-GPTQ-Int4,run00_long_generation_geometry,64,6.25,10112,16.406,14.302,54.214
0,JunHowie/Qwen3-32B-GPTQ-Int4,run00_long_generation_geometry,64,3.125,10432,16.406,15.173,55.93
0,JunHowie/Qwen3-32B-GPTQ-Int4,run00_long_generation_geometry,64,1.0,10688,16.406,15.906,57.302
0,JunHowie/Qwen3-32B-GPTQ-Int4,run00_long_generation_geometry,64,0.0,10792,16.406,16.214,57.86
0,JunHowie/Qwen3-32B-GPTQ-Int4,run00_long_generation_geometry,128,75.0,2560,16.406,2.193,13.725
0,JunHowie/Qwen3-32B-GPTQ-Int4,run00_long_generation_geometry,128,50.0,5248,16.406,5.23,28.137
0,JunHowie/Qwen3-32B-GPTQ-Int4,run00_long_generation_geometry,128,25.0,7936,16.406,9.451,42.548
0,JunHowie/Qwen3-32B-GPTQ-Int4,run00_long_generation_geometry,128,12.5,9344,16.406,12.395,50.097
0,JunHowie/Qwen3-32B-GPTQ-Int4,run00_long_generation_geometry,128,6.25,9984,16.406,13.967,53.528
0,JunHowie/Qwen3-32B-GPTQ-Int4,run00_long_generation_geometry,128,3.125,10368,16.406,14.995,55.587
0,JunHowie/Qwen3-32B-GPTQ-Int4,run00_long_generation_geometry,128,1.0,10624,16.406,15.72,56.959
0,JunHowie/Qwen3-32B-GPTQ-Int4,run00_long_generation_geometry,128,0.0,10728,16.406,16.024,57.517
0,JunHowie/Qwen3-32B-GPTQ-Int4,run00_near_2k_context,8,75.0,2656,16.406,2.332,14.485
0,JunHowie/Qwen3-32B-GPTQ-Int4,run00_near_2k_context,8,50.0,5328,16.406,5.458,29.058
0,JunHowie/Qwen3-32B-GPTQ-Int4,run00_near_2k_context,8,25.0,7992,16.406,9.82,43.587
0,JunHowie/Qwen3-32B-GPTQ-Int4,run00_near_2k_context,8,12.5,9328,16.406,12.736,50.873
0,JunHowie/Qwen3-32B-GPTQ-Int4,run00_near_2k_context,8,6.25,9992,16.406,14.441,54.495
0,JunHowie/Qwen3-32B-GPTQ-Int4,run00_near_2k_context,8,3.125,10328,16.406,15.382,56.327
0,JunHowie/Qwen3-32B-GPTQ-Int4,run00_near_2k_context,8,1.0,10552,16.406,16.041,57.549
0,JunHowie/Qwen3-32B-GPTQ-Int4,run00_near_2k_context,8,0.0,10664,16.406,16.382,58.159
0,JunHowie/Qwen3-32B-GPTQ-Int4,run00_near_2k_context,16,75.0,2640,16.406,2.316,14.398
0,JunHowie/Qwen3-32B-GPTQ-Int4,run00_near_2k_context,16,50.0,5312,16.406,5.436,28.971
0,JunHowie/Qwen3-32B-GPTQ-Int4,run00_near_2k_context,16,25.0,7984,16.406,9.804,43.543
0,JunHowie/Qwen3-32B-GPTQ-Int4,run00_near_2k_context,16,12.5,9312,16.406,12.697,50.786
0,JunHowie/Qwen3-32B-GPTQ-Int4,run00_near_2k_context,16,6.25,9984,16.406,14.419,54.451
0,JunHowie/Qwen3-32B-GPTQ-Int4,run00_near_2k_context,16,3.125,10320,16.406,15.359,56.283
0,JunHowie/Qwen3-32B-GPTQ-Int4,run00_near_2k_context,16,1.0,10544,16.406,16.017,57.505
0,JunHowie/Qwen3-32B-GPTQ-Int4,run00_near_2k_context,16,0.0,10656,16.406,16.357,58.116
0,JunHowie/Qwen3-32B-GPTQ-Int4,run00_near_2k_context,32,75.0,2624,16.406,2.3,14.311
0,JunHowie/Qwen3-32B-GPTQ-Int4,run00_near_2k_context,32,50.0,5312,16.406,5.436,28.971
0,JunHowie/Qwen3-32B-GPTQ-Int4,run00_near_2k_context,32,25.0,7968,16.406,9.773,43.456
0,JunHowie/Qwen3-32B-GPTQ-Int4,run00_near_2k_context,32,12.5,9312,16.406,12.697,50.786
0,JunHowie/Qwen3-32B-GPTQ-Int4,run00_near_2k_context,32,6.25,9984,16.406,14.419,54.451
0,JunHowie/Qwen3-32B-GPTQ-Int4,run00_near_2k_context,32,3.125,10304,16.406,15.312,56.196
0,JunHowie/Qwen3-32B-GPTQ-Int4,run00_near_2k_context,32,1.0,10528,16.406,15.969,57.418
0,JunHowie/Qwen3-32B-GPTQ-Int4,run00_near_2k_context,32,0.0,10640,16.406,16.308,58.029
0,JunHowie/Qwen3-32B-GPTQ-Int4,run00_near_2k_context,64,75.0,2560,16.406,2.236,13.962
0,JunHowie/Qwen3-32B-GPTQ-Int4,run00_near_2k_context,64,50.0,5248,16.406,5.349,28.622
0,JunHowie/Qwen3-32B-GPTQ-Int4,run00_near_2k_context,64,25.0,7936,16.406,9.711,43.281
0,JunHowie/Qwen3-32B-GPTQ-Int4,run00_near_2k_context,64,12.5,9280,16.406,12.62,50.611
0,JunHowie/Qwen3-32B-GPTQ-Int4,run00_near_2k_context,64,6.25,9920,16.406,14.246,54.102
0,JunHowie/Qwen3-32B-GPTQ-Int4,run00_near_2k_context,64,3.125,10240,16.406,15.13,55.847
0,JunHowie/Qwen3-32B-GPTQ-Int4,run00_near_2k_context,64,1.0,10496,16.406,15.874,57.243
0,JunHowie/Qwen3-32B-GPTQ-Int4,run00_near_2k_context,64,0.0,10608,16.406,16.211,57.854
0,JunHowie/Qwen3-32B-GPTQ-Int4,run00_near_2k_context,128,75.0,2560,16.406,2.236,13.962
0,JunHowie/Qwen3-32B-GPTQ-Int4,run00_near_2k_context,128,50.0,5248,16.406,5.349,28.622
0,JunHowie/Qwen3-32B-GPTQ-Int4,run00_near_2k_context,128,25.0,7936,16.406,9.711,43.281
0,JunHowie/Qwen3-32B-GPTQ-Int4,run00_near_2k_context,128,12.5,9216,16.406,12.467,50.262
0,JunHowie/Qwen3-32B-GPTQ-Int4,run00_near_2k_context,128,6.25,9856,16.406,14.076,53.753
0,JunHowie/Qwen3-32B-GPTQ-Int4,run00_near_2k_context,128,3.125,10240,16.406,15.13,55.847
0,JunHowie/Qwen3-32B-GPTQ-Int4,run00_near_2k_context,128,1.0,10496,16.406,15.874,57.243
0,JunHowie/Qwen3-32B-GPTQ-Int4,run00_near_2k_context,128,0.0,10544,16.406,16.017,57.505
0,JunHowie/Qwen3-32B-GPTQ-Int4,run00_over_2k_context,8,75.0,2800,16.406,2.331,14.48
0,JunHowie/Qwen3-32B-GPTQ-Int4,run00_over_2k_context,8,50.0,5616,16.406,5.454,29.042
0,JunHowie/Qwen3-32B-GPTQ-Int4,run00_over_2k_context,8,25.0,8432,16.406,9.827,43.605
0,JunHowie/Qwen3-32B-GPTQ-Int4,run00_over_2k_context,8,12.5,9840,16.406,12.742,50.886
0,JunHowie/Qwen3-32B-GPTQ-Int4,run00_over_2k_context,8,6.25,10544,16.406,14.457,54.526
0,JunHowie/Qwen3-32B-GPTQ-Int4,run00_over_2k_context,8,3.125,10896,16.406,15.392,56.347
0,JunHowie/Qwen3-32B-GPTQ-Int4,run00_over_2k_context,8,1.0,11128,16.406,16.04,57.546
0,JunHowie/Qwen3-32B-GPTQ-Int4,run00_over_2k_context,8,0.0,11247,16.406,16.383,58.162
0,JunHowie/Qwen3-32B-GPTQ-Int4,run00_over_2k_context,16,75.0,2800,16.406,2.331,14.48
0,JunHowie/Qwen3-32B-GPTQ-Int4,run00_over_2k_context,16,50.0,5616,16.406,5.454,29.042
0,JunHowie/Qwen3-32B-GPTQ-Int4,run00_over_2k_context,16,25.0,8432,16.406,9.827,43.605
0,JunHowie/Qwen3-32B-GPTQ-Int4,run00_over_2k_context,16,12.5,9840,16.406,12.742,50.886
0,JunHowie/Qwen3-32B-GPTQ-Int4,run00_over_2k_context,16,6.25,10544,16.406,14.457,54.526
0,JunHowie/Qwen3-32B-GPTQ-Int4,run00_over_2k_context,16,3.125,10896,16.406,15.392,56.347
0,JunHowie/Qwen3-32B-GPTQ-Int4,run00_over_2k_context,16,1.0,11120,16.406,16.017,57.505
0,JunHowie/Qwen3-32B-GPTQ-Int4,run00_over_2k_context,16,0.0,11239,16.406,16.36,58.12
0,JunHowie/Qwen3-32B-GPTQ-Int4,run00_over_2k_context,32,75.0,2784,16.406,2.315,14.397
0,JunHowie/Qwen3-32B-GPTQ-Int4,run00_over_2k_context,32,50.0,5600,16.406,5.433,28.959
0,JunHowie/Qwen3-32B-GPTQ-Int4,run00_over_2k_context,32,25.0,8416,16.406,9.797,43.522
0,JunHowie/Qwen3-32B-GPTQ-Int4,run00_over_2k_context,32,12.5,9824,16.406,12.705,50.803
0,JunHowie/Qwen3-32B-GPTQ-Int4,run00_over_2k_context,32,6.25,10528,16.406,14.415,54.444
0,JunHowie/Qwen3-32B-GPTQ-Int4,run00_over_2k_context,32,3.125,10880,16.406,15.348,56.264
0,JunHowie/Qwen3-32B-GPTQ-Int4,run00_over_2k_context,32,1.0,11104,16.406,15.972,57.422
0,JunHowie/Qwen3-32B-GPTQ-Int4,run00_over_2k_context,32,0.0,11223,16.406,16.313,58.038
0,JunHowie/Qwen3-32B-GPTQ-Int4,run00_over_2k_context,64,75.0,2752,16.406,2.285,14.231
0,JunHowie/Qwen3-32B-GPTQ-Int4,run00_over_2k_context,64,50.0,5568,16.406,5.392,28.794
0,JunHowie/Qwen3-32B-GPTQ-Int4,run00_over_2k_context,64,25.0,8384,16.406,9.737,43.356
0,JunHowie/Qwen3-32B-GPTQ-Int4,run00_over_2k_context,64,12.5,9792,16.406,12.632,50.637
0,JunHowie/Qwen3-32B-GPTQ-Int4,run00_over_2k_context,64,6.25,10496,16.406,14.333,54.278
0,JunHowie/Qwen3-32B-GPTQ-Int4,run00_over_2k_context,64,3.125,10816,16.406,15.174,55.933
0,JunHowie/Qwen3-32B-GPTQ-Int4,run00_over_2k_context,64,1.0,11072,16.406,15.881,57.257
0,JunHowie/Qwen3-32B-GPTQ-Int4,run00_over_2k_context,64,0.0,11191,16.406,16.221,57.872
0,JunHowie/Qwen3-32B-GPTQ-Int4,run00_over_2k_context,128,75.0,2688,16.406,2.225,13.9
0,JunHowie/Qwen3-32B-GPTQ-Int4,run00_over_2k_context,128,50.0,5504,16.406,5.31,28.463
0,JunHowie/Qwen3-32B-GPTQ-Int4,run00_over_2k_context,128,25.0,8320,16.406,9.619,43.025
0,JunHowie/Qwen3-32B-GPTQ-Int4,run00_over_2k_context,128,12.5,9728,16.406,12.486,50.307
0,JunHowie/Qwen3-32B-GPTQ-Int4,run00_over_2k_context,128,6.25,10368,16.406,14.009,53.616
0,JunHowie/Qwen3-32B-GPTQ-Int4,run00_over_2k_context,128,3.125,10752,16.406,15.003,55.602
0,JunHowie/Qwen3-32B-GPTQ-Int4,run00_over_2k_context,128,1.0,11008,16.406,15.702,56.926
0,JunHowie/Qwen3-32B-GPTQ-Int4,run00_over_2k_context,128,0.0,11127,16.406,16.037,57.541
0,JunHowie/Qwen3-32B-GPTQ-Int4,run00_near_4k_context,8,75.0,3264,16.406,2.335,14.501
0,JunHowie/Qwen3-32B-GPTQ-Int4,run00_near_4k_context,8,50.0,6544,16.406,5.462,29.073
0,JunHowie/Qwen3-32B-GPTQ-Int4,run00_near_4k_context,8,25.0,9816,16.406,9.828,43.609
0,JunHowie/Qwen3-32B-GPTQ-Int4,run00_near_4k_context,8,12.5,11456,16.406,12.746,50.895
0,JunHowie/Qwen3-32B-GPTQ-Int4,run00_near_4k_context,8,6.25,12272,16.406,14.454,54.52
0,JunHowie/Qwen3-32B-GPTQ-Int4,run00_near_4k_context,8,3.125,12680,16.406,15.385,56.333
0,JunHowie/Qwen3-32B-GPTQ-Int4,run00_near_4k_context,8,1.0,12960,16.406,16.057,57.577
0,JunHowie/Qwen3-32B-GPTQ-Int4,run00_near_4k_context,8,0.0,13093,16.406,16.386,58.168
0,JunHowie/Qwen3-32B-GPTQ-Int4,run00_near_4k_context,16,75.0,3248,16.406,2.321,14.43
0,JunHowie/Qwen3-32B-GPTQ-Int4,run00_near_4k_context,16,50.0,6528,16.406,5.444,29.002
0,JunHowie/Qwen3-32B-GPTQ-Int4,run00_near_4k_context,16,25.0,9808,16.406,9.815,43.573
0,JunHowie/Qwen3-32B-GPTQ-Int4,run00_near_4k_context,16,12.5,11440,16.406,12.714,50.824
0,JunHowie/Qwen3-32B-GPTQ-Int4,run00_near_4k_context,16,6.25,12256,16.406,14.418,54.449
0,JunHowie/Qwen3-32B-GPTQ-Int4,run00_near_4k_context,16,3.125,12672,16.406,15.366,56.297
0,JunHowie/Qwen3-32B-GPTQ-Int4,run00_near_4k_context,16,1.0,12944,16.406,16.018,57.506
0,JunHowie/Qwen3-32B-GPTQ-Int4,run00_near_4k_context,16,0.0,13085,16.406,16.366,58.132
0,JunHowie/Qwen3-32B-GPTQ-Int4,run00_near_4k_context,32,75.0,3232,16.406,2.308,14.359
0,JunHowie/Qwen3-32B-GPTQ-Int4,run00_near_4k_context,32,50.0,6528,16.406,5.444,29.002
0,JunHowie/Qwen3-32B-GPTQ-Int4,run00_near_4k_context,32,25.0,9792,16.406,9.79,43.502
0,JunHowie/Qwen3-32B-GPTQ-Int4,run00_near_4k_context,32,12.5,11424,16.406,12.683,50.753
0,JunHowie/Qwen3-32B-GPTQ-Int4,run00_near_4k_context,32,6.25,12256,16.406,14.418,54.449
0,JunHowie/Qwen3-32B-GPTQ-Int4,run00_near_4k_context,32,3.125,12672,16.406,15.366,56.297
0,JunHowie/Qwen3-32B-GPTQ-Int4,run00_near_4k_context,32,1.0,12928,16.406,15.979,57.435
0,JunHowie/Qwen3-32B-GPTQ-Int4,run00_near_4k_context,32,0.0,13069,16.406,16.326,58.061
0,JunHowie/Qwen3-32B-GPTQ-Int4,run00_near_4k_context,64,75.0,3200,16.406,2.282,14.216
0,JunHowie/Qwen3-32B-GPTQ-Int4,run00_near_4k_context,64,50.0,6464,16.406,5.373,28.717
0,JunHowie/Qwen3-32B-GPTQ-Int4,run00_near_4k_context,64,25.0,9728,16.406,9.688,43.218
0,JunHowie/Qwen3-32B-GPTQ-Int4,run00_near_4k_context,64,12.5,11392,16.406,12.62,50.611
0,JunHowie/Qwen3-32B-GPTQ-Int4,run00_near_4k_context,64,6.25,12224,16.406,14.348,54.307
0,JunHowie/Qwen3-32B-GPTQ-Int4,run00_near_4k_context,64,3.125,12608,16.406,15.216,56.013
0,JunHowie/Qwen3-32B-GPTQ-Int4,run00_near_4k_context,64,1.0,12864,16.406,15.823,57.15
0,JunHowie/Qwen3-32B-GPTQ-Int4,run00_near_4k_context,64,0.0,13037,16.406,16.247,57.919
0,JunHowie/Qwen3-32B-GPTQ-Int4,run00_near_4k_context,128,75.0,3072,16.406,2.179,13.648
0,JunHowie/Qwen3-32B-GPTQ-Int4,run00_near_4k_context,128,50.0,6400,16.406,5.302,28.433
0,JunHowie/Qwen3-32B-GPTQ-Int4,run00_near_4k_context,128,25.0,9728,16.406,9.688,43.218
0,JunHowie/Qwen3-32B-GPTQ-Int4,run00_near_4k_context,128,12.5,11392,16.406,12.62,50.611
0,JunHowie/Qwen3-32B-GPTQ-Int4,run00_near_4k_context,128,6.25,12160,16.406,14.207,54.023
0,JunHowie/Qwen3-32B-GPTQ-Int4,run00_near_4k_context,128,3.125,12544,16.406,15.068,55.729
0,JunHowie/Qwen3-32B-GPTQ-Int4,run00_near_4k_context,128,1.0,12800,16.406,15.669,56.866
0,JunHowie/Qwen3-32B-GPTQ-Int4,run00_near_4k_context,128,0.0,12973,16.406,16.089,57.634
0,JunHowie/Qwen3-32B-GPTQ-Int4,run00_over_8k_context,8,75.0,2616,16.406,2.337,14.516
0,JunHowie/Qwen3-32B-GPTQ-Int4,run00_over_8k_context,8,50.0,5240,16.406,5.462,29.077
0,JunHowie/Qwen3-32B-GPTQ-Int4,run00_over_8k_context,8,25.0,7864,16.406,9.838,43.637
0,JunHowie/Qwen3-32B-GPTQ-Int4,run00_over_8k_context,8,12.5,9176,16.406,12.756,50.917
0,JunHowie/Qwen3-32B-GPTQ-Int4,run00_over_8k_context,8,6.25,9832,16.406,14.472,54.557
0,JunHowie/Qwen3-32B-GPTQ-Int4,run00_over_8k_context,8,3.125,10160,16.406,15.408,56.378
0,JunHowie/Qwen3-32B-GPTQ-Int4,run00_over_8k_context,8,1.0,10376,16.406,16.057,57.576
0,JunHowie/Qwen3-32B-GPTQ-Int4,run00_over_8k_context,8,0.0,10481,16.406,16.381,58.159
0,JunHowie/Qwen3-32B-GPTQ-Int4,run00_over_8k_context,16,75.0,2608,16.406,2.329,14.472
0,JunHowie/Qwen3-32B-GPTQ-Int4,run00_over_8k_context,16,50.0,5232,16.406,5.451,29.032
0,JunHowie/Qwen3-32B-GPTQ-Int4,run00_over_8k_context,16,25.0,7856,16.406,9.822,43.593
0,JunHowie/Qwen3-32B-GPTQ-Int4,run00_over_8k_context,16,12.5,9168,16.406,12.736,50.873
0,JunHowie/Qwen3-32B-GPTQ-Int4,run00_over_8k_context,16,6.25,9824,16.406,14.45,54.513
0,JunHowie/Qwen3-32B-GPTQ-Int4,run00_over_8k_context,16,3.125,10144,16.406,15.361,56.289
0,JunHowie/Qwen3-32B-GPTQ-Int4,run00_over_8k_context,16,1.0,10368,16.406,16.032,57.532
0,JunHowie/Qwen3-32B-GPTQ-Int4,run00_over_8k_context,16,0.0,10473,16.406,16.356,58.114
0,JunHowie/Qwen3-32B-GPTQ-Int4,run00_over_8k_context,32,75.0,2592,16.406,2.313,14.383
0,JunHowie/Qwen3-32B-GPTQ-Int4,run00_over_8k_context,32,50.0,5216,16.406,5.429,28.943
0,JunHowie/Qwen3-32B-GPTQ-Int4,run00_over_8k_context,32,25.0,7840,16.406,9.79,43.504
0,JunHowie/Qwen3-32B-GPTQ-Int4,run00_over_8k_context,32,12.5,9152,16.406,12.697,50.784
0,JunHowie/Qwen3-32B-GPTQ-Int4,run00_over_8k_context,32,6.25,9792,16.406,14.362,54.335
0,JunHowie/Qwen3-32B-GPTQ-Int4,run00_over_8k_context,32,3.125,10112,16.406,15.268,56.111
0,JunHowie/Qwen3-32B-GPTQ-Int4,run00_over_8k_context,32,1.0,10336,16.406,15.935,57.354
0,JunHowie/Qwen3-32B-GPTQ-Int4,run00_over_8k_context,32,0.0,10457,16.406,16.306,58.026
0,JunHowie/Qwen3-32B-GPTQ-Int4,run00_over_8k_context,64,75.0,2560,16.406,2.28,14.205
0,JunHowie/Qwen3-32B-GPTQ-Int4,run00_over_8k_context,64,50.0,5184,16.406,5.385,28.766
0,JunHowie/Qwen3-32B-GPTQ-Int4,run00_over_8k_context,64,25.0,7808,16.406,9.727,43.326
0,JunHowie/Qwen3-32B-GPTQ-Int4,run00_over_8k_context,64,12.5,9088,16.406,12.54,50.429
0,JunHowie/Qwen3-32B-GPTQ-Int4,run00_over_8k_context,64,6.25,9728,16.406,14.187,53.98
0,JunHowie/Qwen3-32B-GPTQ-Int4,run00_over_8k_context,64,3.125,10048,16.406,15.082,55.756
0,JunHowie/Qwen3-32B-GPTQ-Int4,run00_over_8k_context,64,1.0,10304,16.406,15.838,57.177
0,JunHowie/Qwen3-32B-GPTQ-Int4,run00_over_8k_context,64,0.0,10425,16.406,16.207,57.848
0,JunHowie/Qwen3-32B-GPTQ-Int4,run00_over_8k_context,128,75.0,2432,16.406,2.151,13.495
0,JunHowie/Qwen3-32B-GPTQ-Int4,run00_over_8k_context,128,50.0,5120,16.406,5.297,28.411
0,JunHowie/Qwen3-32B-GPTQ-Int4,run00_over_8k_context,128,25.0,7680,16.406,9.475,42.616
0,JunHowie/Qwen3-32B-GPTQ-Int4,run00_over_8k_context,128,12.5,8960,16.406,12.232,49.719
0,JunHowie/Qwen3-32B-GPTQ-Int4,run00_over_8k_context,128,6.25,9600,16.406,13.843,53.27
0,JunHowie/Qwen3-32B-GPTQ-Int4,run00_over_8k_context,128,3.125,9984,16.406,14.899,55.401
0,JunHowie/Qwen3-32B-GPTQ-Int4,run00_over_8k_context,128,1.0,10240,16.406,15.645,56.821
0,JunHowie/Qwen3-32B-GPTQ-Int4,run00_over_8k_context,128,0.0,10361,16.406,16.011,57.493
0,JunHowie/Qwen3-32B-GPTQ-Int4,run00_sixteen_k_prompt,8,75.0,7856,16.406,2.341,14.538
0,JunHowie/Qwen3-32B-GPTQ-Int4,run00_sixteen_k_prompt,8,50.0,15720,16.406,5.466,29.091
0,JunHowie/Qwen3-32B-GPTQ-Int4,run00_sixteen_k_prompt,8,25.0,23584,16.406,9.841,43.644
0,JunHowie/Qwen3-32B-GPTQ-Int4,run00_sixteen_k_prompt,8,12.5,27512,16.406,12.754,50.914
0,JunHowie/Qwen3-32B-GPTQ-Int4,run00_sixteen_k_prompt,8,6.25,29480,16.406,14.471,54.556
0,JunHowie/Qwen3-32B-GPTQ-Int4,run00_sixteen_k_prompt,8,3.125,30464,16.406,15.408,56.377
0,JunHowie/Qwen3-32B-GPTQ-Int4,run00_sixteen_k_prompt,8,1.0,31128,16.406,16.073,57.605
0,JunHowie/Qwen3-32B-GPTQ-Int4,run00_sixteen_k_prompt,8,0.0,31443,16.406,16.398,58.188
0,JunHowie/Qwen3-32B-GPTQ-Int4,run00_sixteen_k_prompt,16,75.0,7840,16.406,2.336,14.509
0,JunHowie/Qwen3-32B-GPTQ-Int4,run00_sixteen_k_prompt,16,50.0,15712,16.406,5.462,29.077
0,JunHowie/Qwen3-32B-GPTQ-Int4,run00_sixteen_k_prompt,16,25.0,23568,16.406,9.83,43.615
0,JunHowie/Qwen3-32B-GPTQ-Int4,run00_sixteen_k_prompt,16,12.5,27504,16.406,12.748,50.899
0,JunHowie/Qwen3-32B-GPTQ-Int4,run00_sixteen_k_prompt,16,6.25,29472,16.406,14.464,54.541
0,JunHowie/Qwen3-32B-GPTQ-Int4,run00_sixteen_k_prompt,16,3.125,30448,16.406,15.392,56.347
0,JunHowie/Qwen3-32B-GPTQ-Int4,run00_sixteen_k_prompt,16,1.0,31120,16.406,16.065,57.591
0,JunHowie/Qwen3-32B-GPTQ-Int4,run00_sixteen_k_prompt,16,0.0,31435,16.406,16.39,58.174
0,JunHowie/Qwen3-32B-GPTQ-Int4,run00_sixteen_k_prompt,32,75.0,7808,16.406,2.325,14.449
0,JunHowie/Qwen3-32B-GPTQ-Int4,run00_sixteen_k_prompt,32,50.0,15680,16.406,5.448,29.017
0,JunHowie/Qwen3-32B-GPTQ-Int4,run00_sixteen_k_prompt,32,25.0,23552,16.406,9.82,43.585
0,JunHowie/Qwen3-32B-GPTQ-Int4,run00_sixteen_k_prompt,32,12.5,27488,16.406,12.734,50.869
0,JunHowie/Qwen3-32B-GPTQ-Int4,run00_sixteen_k_prompt,32,6.25,29440,16.406,14.434,54.482
0,JunHowie/Qwen3-32B-GPTQ-Int4,run00_sixteen_k_prompt,32,3.125,30432,16.406,15.377,56.317
0,JunHowie/Qwen3-32B-GPTQ-Int4,run00_sixteen_k_prompt,32,1.0,31104,16.406,16.048,57.561
0,JunHowie/Qwen3-32B-GPTQ-Int4,run00_sixteen_k_prompt,32,0.0,31419,16.406,16.373,58.144
0,JunHowie/Qwen3-32B-GPTQ-Int4,run00_sixteen_k_prompt,64,75.0,7808,16.406,2.325,14.449
0,JunHowie/Qwen3-32B-GPTQ-Int4,run00_sixteen_k_prompt,64,50.0,15680,16.406,5.448,29.017
0,JunHowie/Qwen3-32B-GPTQ-Int4,run00_sixteen_k_prompt,64,25.0,23552,16.406,9.82,43.585
0,JunHowie/Qwen3-32B-GPTQ-Int4,run00_sixteen_k_prompt,64,12.5,27456,16.406,12.708,50.81
0,JunHowie/Qwen3-32B-GPTQ-Int4,run00_sixteen_k_prompt,64,6.25,29440,16.406,14.434,54.482
0,JunHowie/Qwen3-32B-GPTQ-Int4,run00_sixteen_k_prompt,64,3.125,30400,16.406,15.345,56.258
0,JunHowie/Qwen3-32B-GPTQ-Int4,run00_sixteen_k_prompt,64,1.0,31104,16.406,16.048,57.561
0,JunHowie/Qwen3-32B-GPTQ-Int4,run00_sixteen_k_prompt,64,0.0,31387,16.406,16.34,58.085
0,JunHowie/Qwen3-32B-GPTQ-Int4,run00_sixteen_k_prompt,128,75.0,7680,16.406,2.282,14.213
0,JunHowie/Qwen3-32B-GPTQ-Int4,run00_sixteen_k_prompt,128,50.0,15616,16.406,5.418,28.899
0,JunHowie/Qwen3-32B-GPTQ-Int4,run00_sixteen_k_prompt,128,25.0,23424,16.406,9.735,43.348
0,JunHowie/Qwen3-32B-GPTQ-Int4,run00_sixteen_k_prompt,128,12.5,27392,16.406,12.656,50.692
0,JunHowie/Qwen3-32B-GPTQ-Int4,run00_sixteen_k_prompt,128,6.25,29312,16.406,14.317,54.245
0,JunHowie/Qwen3-32B-GPTQ-Int4,run00_sixteen_k_prompt,128,3.125,30336,16.406,15.283,56.14
0,JunHowie/Qwen3-32B-GPTQ-Int4,run00_sixteen_k_prompt,128,1.0,30976,16.406,15.918,57.324
0,JunHowie/Qwen3-32B-GPTQ-Int4,run00_sixteen_k_prompt,128,0.0,31323,16.406,16.273,57.966
0,JunHowie/Qwen3-32B-GPTQ-Int4,run00_thirty_two_k_mixed,8,75.0,8040,16.406,2.34,14.531
0,JunHowie/Qwen3-32B-GPTQ-Int4,run00_thirty_two_k_mixed,8,50.0,16096,16.406,5.466,29.092
0,JunHowie/Qwen3-32B-GPTQ-Int4,run00_thirty_two_k_mixed,8,25.0,24144,16.406,9.838,43.637
0,JunHowie/Qwen3-32B-GPTQ-Int4,run00_thirty_two_k_mixed,8,12.5,28168,16.406,12.753,50.91
0,JunHowie/Qwen3-32B-GPTQ-Int4,run00_thirty_two_k_mixed,8,6.25,30184,16.406,14.47,54.554
0,JunHowie/Qwen3-32B-GPTQ-Int4,run00_thirty_two_k_mixed,8,3.125,31192,16.406,15.407,56.376
0,JunHowie/Qwen3-32B-GPTQ-Int4,run00_thirty_two_k_mixed,8,1.0,31872,16.406,16.072,57.605
0,JunHowie/Qwen3-32B-GPTQ-Int4,run00_thirty_two_k_mixed,8,0.0,32195,16.406,16.398,58.189
0,JunHowie/Qwen3-32B-GPTQ-Int4,run00_thirty_two_k_mixed,16,75.0,8032,16.406,2.338,14.517
0,JunHowie/Qwen3-32B-GPTQ-Int4,run00_thirty_two_k_mixed,16,50.0,16080,16.406,5.459,29.063
0,JunHowie/Qwen3-32B-GPTQ-Int4,run00_thirty_two_k_mixed,16,25.0,24128,16.406,9.828,43.609
0,JunHowie/Qwen3-32B-GPTQ-Int4,run00_thirty_two_k_mixed,16,12.5,28160,16.406,12.746,50.896
0,JunHowie/Qwen3-32B-GPTQ-Int4,run00_thirty_two_k_mixed,16,6.25,30176,16.406,14.463,54.54
0,JunHowie/Qwen3-32B-GPTQ-Int4,run00_thirty_two_k_mixed,16,3.125,31184,16.406,15.4,56.361
0,JunHowie/Qwen3-32B-GPTQ-Int4,run00_thirty_two_k_mixed,16,1.0,31856,16.406,16.056,57.576
0,JunHowie/Qwen3-32B-GPTQ-Int4,run00_thirty_two_k_mixed,16,0.0,32187,16.406,16.39,58.174
0,JunHowie/Qwen3-32B-GPTQ-Int4,run00_thirty_two_k_mixed,32,75.0,8000,16.406,2.327,14.459
0,JunHowie/Qwen3-32B-GPTQ-Int4,run00_thirty_two_k_mixed,32,50.0,16064,16.406,5.452,29.034
0,JunHowie/Qwen3-32B-GPTQ-Int4,run00_thirty_two_k_mixed,32,25.0,24128,16.406,9.828,43.609
0,JunHowie/Qwen3-32B-GPTQ-Int4,run00_thirty_two_k_mixed,32,12.5,28160,16.406,12.746,50.896
0,JunHowie/Qwen3-32B-GPTQ-Int4,run00_thirty_two_k_mixed,32,6.25,30176,16.406,14.463,54.54
0,JunHowie/Qwen3-32B-GPTQ-Int4,run00_thirty_two_k_mixed,32,3.125,31168,16.406,15.384,56.332
0,JunHowie/Qwen3-32B-GPTQ-Int4,run00_thirty_two_k_mixed,32,1.0,31840,16.406,16.041,57.547
0,JunHowie/Qwen3-32B-GPTQ-Int4,run00_thirty_two_k_mixed,32,0.0,32171,16.406,16.374,58.145
0,JunHowie/Qwen3-32B-GPTQ-Int4,run00_thirty_two_k_mixed,64,75.0,8000,16.406,2.327,14.459
0,JunHowie/Qwen3-32B-GPTQ-Int4,run00_thirty_two_k_mixed,64,50.0,16064,16.406,5.452,29.034
0,JunHowie/Qwen3-32B-GPTQ-Int4,run00_thirty_two_k_mixed,64,25.0,24128,16.406,9.828,43.609
0,JunHowie/Qwen3-32B-GPTQ-Int4,run00_thirty_two_k_mixed,64,12.5,28160,16.406,12.746,50.896
0,JunHowie/Qwen3-32B-GPTQ-Int4,run00_thirty_two_k_mixed,64,6.25,30144,16.406,14.434,54.482
0,JunHowie/Qwen3-32B-GPTQ-Int4,run00_thirty_two_k_mixed,64,3.125,31168,16.406,15.384,56.332
0,JunHowie/Qwen3-32B-GPTQ-Int4,run00_thirty_two_k_mixed,64,1.0,31808,16.406,16.009,57.489
0,JunHowie/Qwen3-32B-GPTQ-Int4,run00_thirty_two_k_mixed,64,0.0,32139,16.406,16.341,58.087
0,JunHowie/Qwen3-32B-GPTQ-Int4,run00_thirty_two_k_mixed,128,75.0,7936,16.406,2.306,14.343
0,JunHowie/Qwen3-32B-GPTQ-Int4,run00_thirty_two_k_mixed,128,50.0,16000,16.406,5.423,28.918
0,JunHowie/Qwen3-32B-GPTQ-Int4,run00_thirty_two_k_mixed,128,25.0,24064,16.406,9.786,43.493
0,JunHowie/Qwen3-32B-GPTQ-Int4,run00_thirty_two_k_mixed,128,12.5,28032,16.406,12.644,50.665
0,JunHowie/Qwen3-32B-GPTQ-Int4,run00_thirty_two_k_mixed,128,6.25,30080,16.406,14.377,54.366
0,JunHowie/Qwen3-32B-GPTQ-Int4,run00_thirty_two_k_mixed,128,3.125,31104,16.406,15.323,56.217
0,JunHowie/Qwen3-32B-GPTQ-Int4,run00_thirty_two_k_mixed,128,1.0,31744,16.406,15.945,57.374
0,JunHowie/Qwen3-32B-GPTQ-Int4,run00_thirty_two_k_mixed,128,0.0,32075,16.406,16.276,57.972
1,JunHowie/Qwen3-32B-GPTQ-Int4,run01_endpoint_early_anchor_long_tail,8,75.0,472,16.406,2.291,14.264
1,JunHowie/Qwen3-32B-GPTQ-Int4,run01_endpoint_early_anchor_long_tail,8,50.0,952,16.406,5.386,28.769
1,JunHowie/Qwen3-32B-GPTQ-Int4,run01_endpoint_early_anchor_long_tail,8,25.0,1432,16.406,9.708,43.275
1,JunHowie/Qwen3-32B-GPTQ-Int4,run01_endpoint_early_anchor_long_tail,8,12.5,1672,16.406,12.583,50.527
1,JunHowie/Qwen3-32B-GPTQ-Int4,run01_endpoint_early_anchor_long_tail,8,6.25,1792,16.406,14.272,54.154
1,JunHowie/Qwen3-32B-GPTQ-Int4,run01_endpoint_early_anchor_long_tail,8,3.125,1856,16.406,15.256,56.088
1,JunHowie/Qwen3-32B-GPTQ-Int4,run01_endpoint_early_anchor_long_tail,8,1.0,1896,16.406,15.903,57.297
1,JunHowie/Qwen3-32B-GPTQ-Int4,run01_endpoint_early_anchor_long_tail,8,0.0,1918,16.406,16.271,57.961
1,JunHowie/Qwen3-32B-GPTQ-Int4,run01_endpoint_early_anchor_long_tail,16,75.0,464,16.406,2.247,14.022
1,JunHowie/Qwen3-32B-GPTQ-Int4,run01_endpoint_early_anchor_long_tail,16,50.0,944,16.406,5.326,28.527
1,JunHowie/Qwen3-32B-GPTQ-Int4,run01_endpoint_early_anchor_long_tail,16,25.0,1424,16.406,9.622,43.033
1,JunHowie/Qwen3-32B-GPTQ-Int4,run01_endpoint_early_anchor_long_tail,16,12.5,1664,16.406,12.477,50.286
1,JunHowie/Qwen3-32B-GPTQ-Int4,run01_endpoint_early_anchor_long_tail,16,6.25,1792,16.406,14.272,54.154
1,JunHowie/Qwen3-32B-GPTQ-Int4,run01_endpoint_early_anchor_long_tail,16,3.125,1856,16.406,15.256,56.088
1,JunHowie/Qwen3-32B-GPTQ-Int4,run01_endpoint_early_anchor_long_tail,16,1.0,1888,16.406,15.771,57.055
1,JunHowie/Qwen3-32B-GPTQ-Int4,run01_endpoint_early_anchor_long_tail,16,0.0,1910,16.406,16.136,57.72
1,JunHowie/Qwen3-32B-GPTQ-Int4,run01_endpoint_early_anchor_long_tail,32,75.0,448,16.406,2.159,13.538
1,JunHowie/Qwen3-32B-GPTQ-Int4,run01_endpoint_early_anchor_long_tail,32,50.0,928,16.406,5.207,28.044
1,JunHowie/Qwen3-32B-GPTQ-Int4,run01_endpoint_early_anchor_long_tail,32,25.0,1408,16.406,9.452,42.549
1,JunHowie/Qwen3-32B-GPTQ-Int4,run01_endpoint_early_anchor_long_tail,32,12.5,1664,16.406,12.477,50.286
1,JunHowie/Qwen3-32B-GPTQ-Int4,run01_endpoint_early_anchor_long_tail,32,6.25,1792,16.406,14.272,54.154
1,JunHowie/Qwen3-32B-GPTQ-Int4,run01_endpoint_early_anchor_long_tail,32,3.125,1856,16.406,15.256,56.088
1,JunHowie/Qwen3-32B-GPTQ-Int4,run01_endpoint_early_anchor_long_tail,32,1.0,1888,16.406,15.771,57.055
1,JunHowie/Qwen3-32B-GPTQ-Int4,run01_endpoint_early_anchor_long_tail,32,0.0,1894,16.406,15.87,57.236
1,JunHowie/Qwen3-32B-GPTQ-Int4,run01_endpoint_early_anchor_long_tail,64,75.0,384,16.406,1.817,11.604
1,JunHowie/Qwen3-32B-GPTQ-Int4,run01_endpoint_early_anchor_long_tail,64,50.0,896,16.406,4.973,27.077
1,JunHowie/Qwen3-32B-GPTQ-Int4,run01_endpoint_early_anchor_long_tail,64,25.0,1408,16.406,9.452,42.549
1,JunHowie/Qwen3-32B-GPTQ-Int4,run01_endpoint_early_anchor_long_tail,64,12.5,1664,16.406,12.477,50.286
1,JunHowie/Qwen3-32B-GPTQ-Int4,run01_endpoint_early_anchor_long_tail,64,6.25,1792,16.406,14.272,54.154
1,JunHowie/Qwen3-32B-GPTQ-Int4,run01_endpoint_early_anchor_long_tail,64,3.125,1856,16.406,15.256,56.088
1,JunHowie/Qwen3-32B-GPTQ-Int4,run01_endpoint_early_anchor_long_tail,64,1.0,1856,16.406,15.256,56.088
1,JunHowie/Qwen3-32B-GPTQ-Int4,run01_endpoint_early_anchor_long_tail,64,0.0,1862,16.406,15.351,56.269
1,JunHowie/Qwen3-32B-GPTQ-Int4,run01_endpoint_early_anchor_long_tail,128,75.0,384,16.406,1.817,11.604
1,JunHowie/Qwen3-32B-GPTQ-Int4,run01_endpoint_early_anchor_long_tail,128,50.0,896,16.406,4.973,27.077
1,JunHowie/Qwen3-32B-GPTQ-Int4,run01_endpoint_early_anchor_long_tail,128,25.0,1408,16.406,9.452,42.549
1,JunHowie/Qwen3-32B-GPTQ-Int4,run01_endpoint_early_anchor_long_tail,128,12.5,1664,16.406,12.477,50.286
1,JunHowie/Qwen3-32B-GPTQ-Int4,run01_endpoint_early_anchor_long_tail,128,6.25,1792,16.406,14.272,54.154
1,JunHowie/Qwen3-32B-GPTQ-Int4,run01_endpoint_early_anchor_long_tail,128,3.125,1792,16.406,14.272,54.154
1,JunHowie/Qwen3-32B-GPTQ-Int4,run01_endpoint_early_anchor_long_tail,128,1.0,1792,16.406,14.272,54.154
1,JunHowie/Qwen3-32B-GPTQ-Int4,run01_endpoint_early_anchor_long_tail,128,0.0,1798,16.406,14.361,54.335
1,JunHowie/Qwen3-32B-GPTQ-Int4,run01_endpoint_middle_anchor_detour,8,75.0,392,16.406,2.292,14.269
1,JunHowie/Qwen3-32B-GPTQ-Int4,run01_endpoint_middle_anchor_detour,8,50.0,792,16.406,5.401,28.829
1,JunHowie/Qwen3-32B-GPTQ-Int4,run01_endpoint_middle_anchor_detour,8,25.0,1192,16.406,9.749,43.388
1,JunHowie/Qwen3-32B-GPTQ-Int4,run01_endpoint_middle_anchor_detour,8,12.5,1392,16.406,12.645,50.668
1,JunHowie/Qwen3-32B-GPTQ-Int4,run01_endpoint_middle_anchor_detour,8,6.25,1488,16.406,14.276,54.163
1,JunHowie/Qwen3-32B-GPTQ-Int4,run01_endpoint_middle_anchor_detour,8,3.125,1536,16.406,15.162,55.91
1,JunHowie/Qwen3-32B-GPTQ-Int4,run01_endpoint_middle_anchor_detour,8,1.0,1576,16.406,15.941,57.366
1,JunHowie/Qwen3-32B-GPTQ-Int4,run01_endpoint_middle_anchor_detour,8,0.0,1591,16.406,16.243,57.912
1,JunHowie/Qwen3-32B-GPTQ-Int4,run01_endpoint_middle_anchor_detour,16,75.0,384,16.406,2.239,13.977
1,JunHowie/Qwen3-32B-GPTQ-Int4,run01_endpoint_middle_anchor_detour,16,50.0,784,16.406,5.328,28.537
1,JunHowie/Qwen3-32B-GPTQ-Int4,run01_endpoint_middle_anchor_detour,16,25.0,1184,16.406,9.645,43.097
1,JunHowie/Qwen3-32B-GPTQ-Int4,run01_endpoint_middle_anchor_detour,16,12.5,1376,16.406,12.39,50.086
1,JunHowie/Qwen3-32B-GPTQ-Int4,run01_endpoint_middle_anchor_detour,16,6.25,1472,16.406,13.992,53.58
1,JunHowie/Qwen3-32B-GPTQ-Int4,run01_endpoint_middle_anchor_detour,16,3.125,1520,16.406,14.861,55.328
1,JunHowie/Qwen3-32B-GPTQ-Int4,run01_endpoint_middle_anchor_detour,16,1.0,1568,16.406,15.782,57.075
1,JunHowie/Qwen3-32B-GPTQ-Int4,run01_endpoint_middle_anchor_detour,16,0.0,1583,16.406,16.081,57.621
1,JunHowie/Qwen3-32B-GPTQ-Int4,run01_endpoint_middle_anchor_detour,32,75.0,352,16.406,2.029,12.813
1,JunHowie/Qwen3-32B-GPTQ-Int4,run01_endpoint_middle_anchor_detour,32,50.0,768,16.406,5.185,27.955
1,JunHowie/Qwen3-32B-GPTQ-Int4,run01_endpoint_middle_anchor_detour,32,25.0,1152,16.406,9.238,41.932
1,JunHowie/Qwen3-32B-GPTQ-Int4,run01_endpoint_middle_anchor_detour,32,12.5,1344,16.406,11.893,48.921
1,JunHowie/Qwen3-32B-GPTQ-Int4,run01_endpoint_middle_anchor_detour,32,6.25,1440,16.406,13.439,52.416
1,JunHowie/Qwen3-32B-GPTQ-Int4,run01_endpoint_middle_anchor_detour,32,3.125,1504,16.406,14.566,54.745
1,JunHowie/Qwen3-32B-GPTQ-Int4,run01_endpoint_middle_anchor_detour,32,1.0,1536,16.406,15.162,55.91
1,JunHowie/Qwen3-32B-GPTQ-Int4,run01_endpoint_middle_anchor_detour,32,0.0,1567,16.406,15.762,57.038
1,JunHowie/Qwen3-32B-GPTQ-Int4,run01_endpoint_middle_anchor_detour,64,75.0,320,16.406,1.824,11.648
1,JunHowie/Qwen3-32B-GPTQ-Int4,run01_endpoint_middle_anchor_detour,64,50.0,704,16.406,4.631,25.625
1,JunHowie/Qwen3-32B-GPTQ-Int4,run01_endpoint_middle_anchor_detour,64,25.0,1088,16.406,8.46,39.603
1,JunHowie/Qwen3-32B-GPTQ-Int4,run01_endpoint_middle_anchor_detour,64,12.5,1280,16.406,10.949,46.592
1,JunHowie/Qwen3-32B-GPTQ-Int4,run01_endpoint_middle_anchor_detour,64,6.25,1408,16.406,12.905,51.251
1,JunHowie/Qwen3-32B-GPTQ-Int4,run01_endpoint_middle_anchor_detour,64,3.125,1472,16.406,13.992,53.58
1,JunHowie/Qwen3-32B-GPTQ-Int4,run01_endpoint_middle_anchor_detour,64,1.0,1472,16.406,13.992,53.58
1,JunHowie/Qwen3-32B-GPTQ-Int4,run01_endpoint_middle_anchor_detour,64,0.0,1535,16.406,15.143,55.874
1,JunHowie/Qwen3-32B-GPTQ-Int4,run01_endpoint_middle_anchor_detour,128,75.0,256,16.406,1.428,9.318
1,JunHowie/Qwen3-32B-GPTQ-Int4,run01_endpoint_middle_anchor_detour,128,50.0,640,16.406,4.105,23.296
1,JunHowie/Qwen3-32B-GPTQ-Int4,run01_endpoint_middle_anchor_detour,128,25.0,1024,16.406,7.728,37.273
1,JunHowie/Qwen3-32B-GPTQ-Int4,run01_endpoint_middle_anchor_detour,128,12.5,1280,16.406,10.949,46.592
1,JunHowie/Qwen3-32B-GPTQ-Int4,run01_endpoint_middle_anchor_detour,128,6.25,1408,16.406,12.905,51.251
1,JunHowie/Qwen3-32B-GPTQ-Int4,run01_endpoint_middle_anchor_detour,128,3.125,1408,16.406,12.905,51.251
1,JunHowie/Qwen3-32B-GPTQ-Int4,run01_endpoint_middle_anchor_detour,128,1.0,1408,16.406,12.905,51.251
1,JunHowie/Qwen3-32B-GPTQ-Int4,run01_endpoint_middle_anchor_detour,128,0.0,1471,16.406,13.974,53.544
1,JunHowie/Qwen3-32B-GPTQ-Int4,run01_endpoint_late_anchor_control,8,75.0,136,16.406,2.175,13.624
1,JunHowie/Qwen3-32B-GPTQ-Int4,run01_endpoint_late_anchor_control,8,50.0,280,16.406,5.208,28.05
1,JunHowie/Qwen3-32B-GPTQ-Int4,run01_endpoint_late_anchor_control,8,25.0,424,16.406,9.426,42.475
1,JunHowie/Qwen3-32B-GPTQ-Int4,run01_endpoint_late_anchor_control,8,12.5,496,16.406,12.218,49.688
1,JunHowie/Qwen3-32B-GPTQ-Int4,run01_endpoint_late_anchor_control,8,6.25,536,16.406,14.048,53.695
1,JunHowie/Qwen3-32B-GPTQ-Int4,run01_endpoint_late_anchor_control,8,3.125,552,16.406,14.846,55.298
1,JunHowie/Qwen3-32B-GPTQ-Int4,run01_endpoint_late_anchor_control,8,1.0,568,16.406,15.688,56.901
1,JunHowie/Qwen3-32B-GPTQ-Int4,run01_endpoint_late_anchor_control,8,0.0,573,16.406,15.961,57.402
1,JunHowie/Qwen3-32B-GPTQ-Int4,run01_endpoint_late_anchor_control,16,75.0,128,16.406,2.031,12.823
1,JunHowie/Qwen3-32B-GPTQ-Int4,run01_endpoint_late_anchor_control,16,50.0,272,16.406,5.014,27.248
1,JunHowie/Qwen3-32B-GPTQ-Int4,run01_endpoint_late_anchor_control,16,25.0,416,16.406,9.149,41.674
1,JunHowie/Qwen3-32B-GPTQ-Int4,run01_endpoint_late_anchor_control,16,12.5,496,16.406,12.218,49.688
1,JunHowie/Qwen3-32B-GPTQ-Int4,run01_endpoint_late_anchor_control,16,6.25,528,16.406,13.663,52.894
1,JunHowie/Qwen3-32B-GPTQ-Int4,run01_endpoint_late_anchor_control,16,3.125,544,16.406,14.442,54.497
1,JunHowie/Qwen3-32B-GPTQ-Int4,run01_endpoint_late_anchor_control,16,1.0,560,16.406,15.262,56.099
1,JunHowie/Qwen3-32B-GPTQ-Int4,run01_endpoint_late_anchor_control,16,0.0,565,16.406,15.527,56.6
1,JunHowie/Qwen3-32B-GPTQ-Int4,run01_endpoint_late_anchor_control,32,75.0,96,16.406,1.477,9.617
1,JunHowie/Qwen3-32B-GPTQ-Int4,run01_endpoint_late_anchor_control,32,50.0,256,16.406,4.636,25.645
1,JunHowie/Qwen3-32B-GPTQ-Int4,run01_endpoint_late_anchor_control,32,25.0,416,16.406,9.149,41.674
1,JunHowie/Qwen3-32B-GPTQ-Int4,run01_endpoint_late_anchor_control,32,12.5,480,16.406,11.547,48.085
1,JunHowie/Qwen3-32B-GPTQ-Int4,run01_endpoint_late_anchor_control,32,6.25,512,16.406,12.923,51.291
1,JunHowie/Qwen3-32B-GPTQ-Int4,run01_endpoint_late_anchor_control,32,3.125,544,16.406,14.442,54.497
1,JunHowie/Qwen3-32B-GPTQ-Int4,run01_endpoint_late_anchor_control,32,1.0,544,16.406,14.442,54.497
1,JunHowie/Qwen3-32B-GPTQ-Int4,run01_endpoint_late_anchor_control,32,0.0,549,16.406,14.693,54.997
1,JunHowie/Qwen3-32B-GPTQ-Int4,run01_endpoint_late_anchor_control,64,75.0,64,16.406,0.956,6.411
1,JunHowie/Qwen3-32B-GPTQ-Int4,run01_endpoint_late_anchor_control,64,50.0,256,16.406,4.636,25.645
1,JunHowie/Qwen3-32B-GPTQ-Int4,run01_endpoint_late_anchor_control,64,25.0,384,16.406,8.098,38.468
1,JunHowie/Qwen3-32B-GPTQ-Int4,run01_endpoint_late_anchor_control,64,12.5,448,16.406,10.294,44.88
1,JunHowie/Qwen3-32B-GPTQ-Int4,run01_endpoint_late_anchor_control,64,6.25,512,16.406,12.923,51.291
1,JunHowie/Qwen3-32B-GPTQ-Int4,run01_endpoint_late_anchor_control,64,3.125,512,16.406,12.923,51.291
1,JunHowie/Qwen3-32B-GPTQ-Int4,run01_endpoint_late_anchor_control,64,1.0,512,16.406,12.923,51.291
1,JunHowie/Qwen3-32B-GPTQ-Int4,run01_endpoint_late_anchor_control,64,0.0,517,16.406,13.15,51.792
1,JunHowie/Qwen3-32B-GPTQ-Int4,run01_endpoint_late_anchor_control,128,50.0,128,16.406,2.031,12.823
1,JunHowie/Qwen3-32B-GPTQ-Int4,run01_endpoint_late_anchor_control,128,25.0,256,16.406,4.636,25.645
1,JunHowie/Qwen3-32B-GPTQ-Int4,run01_endpoint_late_anchor_control,128,12.5,384,16.406,8.098,38.468
1,JunHowie/Qwen3-32B-GPTQ-Int4,run01_endpoint_late_anchor_control,128,6.25,384,16.406,8.098,38.468
1,JunHowie/Qwen3-32B-GPTQ-Int4,run01_endpoint_late_anchor_control,128,3.125,384,16.406,8.098,38.468
1,JunHowie/Qwen3-32B-GPTQ-Int4,run01_endpoint_late_anchor_control,128,1.0,384,16.406,8.098,38.468
1,JunHowie/Qwen3-32B-GPTQ-Int4,run01_endpoint_late_anchor_control,128,0.0,453,16.406,10.482,45.38
1,JunHowie/Qwen3-32B-GPTQ-Int4,run01_endpoint_decoy_collision,8,75.0,344,16.406,2.259,14.09
1,JunHowie/Qwen3-32B-GPTQ-Int4,run01_endpoint_decoy_collision,8,50.0,704,16.406,5.402,28.835
1,JunHowie/Qwen3-32B-GPTQ-Int4,run01_endpoint_decoy_collision,8,25.0,1056,16.406,9.7,43.253
1,JunHowie/Qwen3-32B-GPTQ-Int4,run01_endpoint_decoy_collision,8,12.5,1232,16.406,12.554,50.462
1,JunHowie/Qwen3-32B-GPTQ-Int4,run01_endpoint_decoy_collision,8,6.25,1320,16.406,14.229,54.066
1,JunHowie/Qwen3-32B-GPTQ-Int4,run01_endpoint_decoy_collision,8,3.125,1368,16.406,15.226,56.032
1,JunHowie/Qwen3-32B-GPTQ-Int4,run01_endpoint_decoy_collision,8,1.0,1400,16.406,15.928,57.343
1,JunHowie/Qwen3-32B-GPTQ-Int4,run01_endpoint_decoy_collision,8,0.0,1413,16.406,16.223,57.875
1,JunHowie/Qwen3-32B-GPTQ-Int4,run01_endpoint_decoy_collision,16,75.0,336,16.406,2.2,13.762
1,JunHowie/Qwen3-32B-GPTQ-Int4,run01_endpoint_decoy_collision,16,50.0,688,16.406,5.24,28.18
1,JunHowie/Qwen3-32B-GPTQ-Int4,run01_endpoint_decoy_collision,16,25.0,1040,16.406,9.469,42.598
1,JunHowie/Qwen3-32B-GPTQ-Int4,run01_endpoint_decoy_collision,16,12.5,1216,16.406,12.269,49.806
1,JunHowie/Qwen3-32B-GPTQ-Int4,run01_endpoint_decoy_collision,16,6.25,1312,16.406,14.069,53.739
1,JunHowie/Qwen3-32B-GPTQ-Int4,run01_endpoint_decoy_collision,16,3.125,1360,16.406,15.056,55.705
1,JunHowie/Qwen3-32B-GPTQ-Int4,run01_endpoint_decoy_collision,16,1.0,1392,16.406,15.75,57.015
1,JunHowie/Qwen3-32B-GPTQ-Int4,run01_endpoint_decoy_collision,16,0.0,1405,16.406,16.041,57.548
1,JunHowie/Qwen3-32B-GPTQ-Int4,run01_endpoint_decoy_collision,32,75.0,320,16.406,2.082,13.107
1,JunHowie/Qwen3-32B-GPTQ-Int4,run01_endpoint_decoy_collision,32,50.0,672,16.406,5.081,27.525
1,JunHowie/Qwen3-32B-GPTQ-Int4,run01_endpoint_decoy_collision,32,25.0,1024,16.406,9.241,41.942
1,JunHowie/Qwen3-32B-GPTQ-Int4,run01_endpoint_decoy_collision,32,12.5,1216,16.406,12.269,49.806
1,JunHowie/Qwen3-32B-GPTQ-Int4,run01_endpoint_decoy_collision,32,6.25,1312,16.406,14.069,53.739
1,JunHowie/Qwen3-32B-GPTQ-Int4,run01_endpoint_decoy_collision,32,3.125,1344,16.406,14.72,55.049
1,JunHowie/Qwen3-32B-GPTQ-Int4,run01_endpoint_decoy_collision,32,1.0,1376,16.406,15.399,56.36
1,JunHowie/Qwen3-32B-GPTQ-Int4,run01_endpoint_decoy_collision,32,0.0,1389,16.406,15.684,56.892
1,JunHowie/Qwen3-32B-GPTQ-Int4,run01_endpoint_decoy_collision,64,75.0,256,16.406,1.624,10.486
1,JunHowie/Qwen3-32B-GPTQ-Int4,run01_endpoint_decoy_collision,64,50.0,640,16.406,4.768,26.214
1,JunHowie/Qwen3-32B-GPTQ-Int4,run01_endpoint_decoy_collision,64,25.0,1024,16.406,9.241,41.942
1,JunHowie/Qwen3-32B-GPTQ-Int4,run01_endpoint_decoy_collision,64,12.5,1216,16.406,12.269,49.806
1,JunHowie/Qwen3-32B-GPTQ-Int4,run01_endpoint_decoy_collision,64,6.25,1280,16.406,13.444,52.428
1,JunHowie/Qwen3-32B-GPTQ-Int4,run01_endpoint_decoy_collision,64,3.125,1344,16.406,14.72,55.049
1,JunHowie/Qwen3-32B-GPTQ-Int4,run01_endpoint_decoy_collision,64,1.0,1344,16.406,14.72,55.049
1,JunHowie/Qwen3-32B-GPTQ-Int4,run01_endpoint_decoy_collision,64,0.0,1357,16.406,14.992,55.582
1,JunHowie/Qwen3-32B-GPTQ-Int4,run01_endpoint_decoy_collision,128,75.0,256,16.406,1.624,10.486
1,JunHowie/Qwen3-32B-GPTQ-Int4,run01_endpoint_decoy_collision,128,50.0,640,16.406,4.768,26.214
1,JunHowie/Qwen3-32B-GPTQ-Int4,run01_endpoint_decoy_collision,128,25.0,1024,16.406,9.241,41.942
1,JunHowie/Qwen3-32B-GPTQ-Int4,run01_endpoint_decoy_collision,128,12.5,1152,16.406,11.183,47.185
1,JunHowie/Qwen3-32B-GPTQ-Int4,run01_endpoint_decoy_collision,128,6.25,1280,16.406,13.444,52.428
1,JunHowie/Qwen3-32B-GPTQ-Int4,run01_endpoint_decoy_collision,128,3.125,1280,16.406,13.444,52.428
1,JunHowie/Qwen3-32B-GPTQ-Int4,run01_endpoint_decoy_collision,128,1.0,1280,16.406,13.444,52.428
1,JunHowie/Qwen3-32B-GPTQ-Int4,run01_endpoint_decoy_collision,128,0.0,1293,16.406,13.695,52.96
1,JunHowie/Qwen3-32B-GPTQ-Int4,run01_endpoint_routing_table,8,75.0,144,16.406,2.208,13.808
1,JunHowie/Qwen3-32B-GPTQ-Int4,run01_endpoint_routing_table,8,50.0,296,16.406,5.29,28.382
1,JunHowie/Qwen3-32B-GPTQ-Int4,run01_endpoint_routing_table,8,25.0,448,16.406,9.595,42.957
1,JunHowie/Qwen3-32B-GPTQ-Int4,run01_endpoint_routing_table,8,12.5,520,16.406,12.293,49.861
1,JunHowie/Qwen3-32B-GPTQ-Int4,run01_endpoint_routing_table,8,6.25,560,16.406,14.048,53.696
1,JunHowie/Qwen3-32B-GPTQ-Int4,run01_endpoint_routing_table,8,3.125,576,16.406,14.812,55.231
1,JunHowie/Qwen3-32B-GPTQ-Int4,run01_endpoint_routing_table,8,1.0,592,16.406,15.615,56.765
1,JunHowie/Qwen3-32B-GPTQ-Int4,run01_endpoint_routing_table,8,0.0,599,16.406,15.979,57.436
1,JunHowie/Qwen3-32B-GPTQ-Int4,run01_endpoint_routing_table,16,75.0,128,16.406,1.934,12.273
1,JunHowie/Qwen3-32B-GPTQ-Int4,run01_endpoint_routing_table,16,50.0,288,16.406,5.103,27.615
1,JunHowie/Qwen3-32B-GPTQ-Int4,run01_endpoint_routing_table,16,25.0,432,16.406,9.063,41.423
1,JunHowie/Qwen3-32B-GPTQ-Int4,run01_endpoint_routing_table,16,12.5,512,16.406,11.966,49.094
1,JunHowie/Qwen3-32B-GPTQ-Int4,run01_endpoint_routing_table,16,6.25,544,16.406,13.321,52.162
1,JunHowie/Qwen3-32B-GPTQ-Int4,run01_endpoint_routing_table,16,3.125,560,16.406,14.048,53.696
1,JunHowie/Qwen3-32B-GPTQ-Int4,run01_endpoint_routing_table,16,1.0,576,16.406,14.812,55.231
1,JunHowie/Qwen3-32B-GPTQ-Int4,run01_endpoint_routing_table,16,0.0,591,16.406,15.564,56.669
1,JunHowie/Qwen3-32B-GPTQ-Int4,run01_endpoint_routing_table,32,75.0,96,16.406,1.409,9.205
1,JunHowie/Qwen3-32B-GPTQ-Int4,run01_endpoint_routing_table,32,50.0,256,16.406,4.384,24.547
1,JunHowie/Qwen3-32B-GPTQ-Int4,run01_endpoint_routing_table,32,25.0,416,16.406,8.553,39.889
1,JunHowie/Qwen3-32B-GPTQ-Int4,run01_endpoint_routing_table,32,12.5,480,16.406,10.729,46.026
1,JunHowie/Qwen3-32B-GPTQ-Int4,run01_endpoint_routing_table,32,6.25,512,16.406,11.966,49.094
1,JunHowie/Qwen3-32B-GPTQ-Int4,run01_endpoint_routing_table,32,3.125,544,16.406,13.321,52.162
1,JunHowie/Qwen3-32B-GPTQ-Int4,run01_endpoint_routing_table,32,1.0,544,16.406,13.321,52.162
1,JunHowie/Qwen3-32B-GPTQ-Int4,run01_endpoint_routing_table,32,0.0,575,16.406,14.763,55.135
1,JunHowie/Qwen3-32B-GPTQ-Int4,run01_endpoint_routing_table,64,75.0,64,16.406,0.913,6.137
1,JunHowie/Qwen3-32B-GPTQ-Int4,run01_endpoint_routing_table,64,50.0,256,16.406,4.384,24.547
1,JunHowie/Qwen3-32B-GPTQ-Int4,run01_endpoint_routing_table,64,25.0,384,16.406,7.59,36.82
1,JunHowie/Qwen3-32B-GPTQ-Int4,run01_endpoint_routing_table,64,12.5,448,16.406,9.595,42.957
1,JunHowie/Qwen3-32B-GPTQ-Int4,run01_endpoint_routing_table,64,6.25,512,16.406,11.966,49.094
1,JunHowie/Qwen3-32B-GPTQ-Int4,run01_endpoint_routing_table,64,3.125,512,16.406,11.966,49.094
1,JunHowie/Qwen3-32B-GPTQ-Int4,run01_endpoint_routing_table,64,1.0,512,16.406,11.966,49.094
1,JunHowie/Qwen3-32B-GPTQ-Int4,run01_endpoint_routing_table,64,0.0,543,16.406,13.277,52.066
1,JunHowie/Qwen3-32B-GPTQ-Int4,run01_endpoint_routing_table,128,50.0,128,16.406,1.934,12.273
1,JunHowie/Qwen3-32B-GPTQ-Int4,run01_endpoint_routing_table,128,25.0,256,16.406,4.384,24.547
1,JunHowie/Qwen3-32B-GPTQ-Int4,run01_endpoint_routing_table,128,12.5,384,16.406,7.59,36.82
1,JunHowie/Qwen3-32B-GPTQ-Int4,run01_endpoint_routing_table,128,6.25,384,16.406,7.59,36.82
1,JunHowie/Qwen3-32B-GPTQ-Int4,run01_endpoint_routing_table,128,3.125,384,16.406,7.59,36.82
1,JunHowie/Qwen3-32B-GPTQ-Int4,run01_endpoint_routing_table,128,1.0,384,16.406,7.59,36.82
1,JunHowie/Qwen3-32B-GPTQ-Int4,run01_endpoint_routing_table,128,0.0,479,16.406,10.692,45.93
1,JunHowie/Qwen3-32B-GPTQ-Int4,run01_endpoint_structured_records,8,75.0,464,16.406,2.298,14.304
1,JunHowie/Qwen3-32B-GPTQ-Int4,run01_endpoint_structured_records,8,50.0,936,16.406,5.407,28.855
1,JunHowie/Qwen3-32B-GPTQ-Int4,run01_endpoint_structured_records,8,25.0,1408,16.406,9.755,43.406
1,JunHowie/Qwen3-32B-GPTQ-Int4,run01_endpoint_structured_records,8,12.5,1640,16.406,12.597,50.558
1,JunHowie/Qwen3-32B-GPTQ-Int4,run01_endpoint_structured_records,8,6.25,1760,16.406,14.323,54.257
1,JunHowie/Qwen3-32B-GPTQ-Int4,run01_endpoint_structured_records,8,3.125,1816,16.406,15.201,55.984
1,JunHowie/Qwen3-32B-GPTQ-Int4,run01_endpoint_structured_records,8,1.0,1856,16.406,15.859,57.217
1,JunHowie/Qwen3-32B-GPTQ-Int4,run01_endpoint_structured_records,8,0.0,1880,16.406,16.268,57.957
1,JunHowie/Qwen3-32B-GPTQ-Int4,run01_endpoint_structured_records,16,75.0,448,16.406,2.209,13.811
1,JunHowie/Qwen3-32B-GPTQ-Int4,run01_endpoint_structured_records,16,50.0,928,16.406,5.346,28.608
1,JunHowie/Qwen3-32B-GPTQ-Int4,run01_endpoint_structured_records,16,25.0,1392,16.406,9.579,42.912
1,JunHowie/Qwen3-32B-GPTQ-Int4,run01_endpoint_structured_records,16,12.5,1632,16.406,12.488,50.311
1,JunHowie/Qwen3-32B-GPTQ-Int4,run01_endpoint_structured_records,16,6.25,1744,16.406,14.081,53.764
1,JunHowie/Qwen3-32B-GPTQ-Int4,run01_endpoint_structured_records,16,3.125,1808,16.406,15.072,55.737
1,JunHowie/Qwen3-32B-GPTQ-Int4,run01_endpoint_structured_records,16,1.0,1840,16.406,15.593,56.723
1,JunHowie/Qwen3-32B-GPTQ-Int4,run01_endpoint_structured_records,16,0.0,1872,16.406,16.131,57.71
1,JunHowie/Qwen3-32B-GPTQ-Int4,run01_endpoint_structured_records,32,75.0,416,16.406,2.031,12.824
1,JunHowie/Qwen3-32B-GPTQ-Int4,run01_endpoint_structured_records,32,50.0,896,16.406,5.104,27.622
1,JunHowie/Qwen3-32B-GPTQ-Int4,run01_endpoint_structured_records,32,25.0,1376,16.406,9.406,42.419
1,JunHowie/Qwen3-32B-GPTQ-Int4,run01_endpoint_structured_records,32,12.5,1600,16.406,12.063,49.325
1,JunHowie/Qwen3-32B-GPTQ-Int4,run01_endpoint_structured_records,32,6.25,1728,16.406,13.843,53.271
1,JunHowie/Qwen3-32B-GPTQ-Int4,run01_endpoint_structured_records,32,3.125,1792,16.406,14.819,55.244
1,JunHowie/Qwen3-32B-GPTQ-Int4,run01_endpoint_structured_records,32,1.0,1824,16.406,15.33,56.23
1,JunHowie/Qwen3-32B-GPTQ-Int4,run01_endpoint_structured_records,32,0.0,1856,16.406,15.859,57.217
1,JunHowie/Qwen3-32B-GPTQ-Int4,run01_endpoint_structured_records,64,75.0,384,16.406,1.857,11.838
1,JunHowie/Qwen3-32B-GPTQ-Int4,run01_endpoint_structured_records,64,50.0,896,16.406,5.104,27.622
1,JunHowie/Qwen3-32B-GPTQ-Int4,run01_endpoint_structured_records,64,25.0,1344,16.406,9.067,41.433
1,JunHowie/Qwen3-32B-GPTQ-Int4,run01_endpoint_structured_records,64,12.5,1600,16.406,12.063,49.325
1,JunHowie/Qwen3-32B-GPTQ-Int4,run01_endpoint_structured_records,64,6.25,1728,16.406,13.843,53.271
1,JunHowie/Qwen3-32B-GPTQ-Int4,run01_endpoint_structured_records,64,3.125,1792,16.406,14.819,55.244
1,JunHowie/Qwen3-32B-GPTQ-Int4,run01_endpoint_structured_records,64,1.0,1792,16.406,14.819,55.244
1,JunHowie/Qwen3-32B-GPTQ-Int4,run01_endpoint_structured_records,64,0.0,1824,16.406,15.33,56.23
1,JunHowie/Qwen3-32B-GPTQ-Int4,run01_endpoint_structured_records,128,75.0,256,16.406,1.193,7.892
1,JunHowie/Qwen3-32B-GPTQ-Int4,run01_endpoint_structured_records,128,50.0,768,16.406,4.189,23.676
1,JunHowie/Qwen3-32B-GPTQ-Int4,run01_endpoint_structured_records,128,25.0,1280,16.406,8.413,39.46
1,JunHowie/Qwen3-32B-GPTQ-Int4,run01_endpoint_structured_records,128,12.5,1536,16.406,11.25,47.352
1,JunHowie/Qwen3-32B-GPTQ-Int4,run01_endpoint_structured_records,128,6.25,1664,16.406,12.926,51.298
1,JunHowie/Qwen3-32B-GPTQ-Int4,run01_endpoint_structured_records,128,3.125,1664,16.406,12.926,51.298
1,JunHowie/Qwen3-32B-GPTQ-Int4,run01_endpoint_structured_records,128,1.0,1664,16.406,12.926,51.298
1,JunHowie/Qwen3-32B-GPTQ-Int4,run01_endpoint_structured_records,128,0.0,1760,16.406,14.323,54.257
1,JunHowie/Qwen3-32B-GPTQ-Int4,run01_endpoint_instruction_persistence,8,75.0,352,16.406,2.258,14.081
1,JunHowie/Qwen3-32B-GPTQ-Int4,run01_endpoint_instruction_persistence,8,50.0,720,16.406,5.394,28.802
1,JunHowie/Qwen3-32B-GPTQ-Int4,run01_endpoint_instruction_persistence,8,25.0,1080,16.406,9.682,43.202
1,JunHowie/Qwen3-32B-GPTQ-Int4,run01_endpoint_instruction_persistence,8,12.5,1264,16.406,12.599,50.563
1,JunHowie/Qwen3-32B-GPTQ-Int4,run01_endpoint_instruction_persistence,8,6.25,1352,16.406,14.237,54.083
1,JunHowie/Qwen3-32B-GPTQ-Int4,run01_endpoint_instruction_persistence,8,3.125,1400,16.406,15.211,56.003
1,JunHowie/Qwen3-32B-GPTQ-Int4,run01_endpoint_instruction_persistence,8,1.0,1432,16.406,15.896,57.283
1,JunHowie/Qwen3-32B-GPTQ-Int4,run01_endpoint_instruction_persistence,8,0.0,1447,16.406,16.227,57.883
1,JunHowie/Qwen3-32B-GPTQ-Int4,run01_endpoint_instruction_persistence,16,75.0,336,16.406,2.142,13.441
1,JunHowie/Qwen3-32B-GPTQ-Int4,run01_endpoint_instruction_persistence,16,50.0,704,16.406,5.236,28.162
1,JunHowie/Qwen3-32B-GPTQ-Int4,run01_endpoint_instruction_persistence,16,25.0,1072,16.406,9.569,42.882
1,JunHowie/Qwen3-32B-GPTQ-Int4,run01_endpoint_instruction_persistence,16,12.5,1248,16.406,12.319,49.923
1,JunHowie/Qwen3-32B-GPTQ-Int4,run01_endpoint_instruction_persistence,16,6.25,1344,16.406,14.08,53.763
1,JunHowie/Qwen3-32B-GPTQ-Int4,run01_endpoint_instruction_persistence,16,3.125,1392,16.406,15.044,55.683
1,JunHowie/Qwen3-32B-GPTQ-Int4,run01_endpoint_instruction_persistence,16,1.0,1424,16.406,15.722,56.963
1,JunHowie/Qwen3-32B-GPTQ-Int4,run01_endpoint_instruction_persistence,16,0.0,1439,16.406,16.049,57.563
1,JunHowie/Qwen3-32B-GPTQ-Int4,run01_endpoint_instruction_persistence,32,75.0,320,16.406,2.027,12.801
1,JunHowie/Qwen3-32B-GPTQ-Int4,run01_endpoint_instruction_persistence,32,50.0,704,16.406,5.236,28.162
1,JunHowie/Qwen3-32B-GPTQ-Int4,run01_endpoint_instruction_persistence,32,25.0,1056,16.406,9.345,42.242
1,JunHowie/Qwen3-32B-GPTQ-Int4,run01_endpoint_instruction_persistence,32,12.5,1248,16.406,12.319,49.923
1,JunHowie/Qwen3-32B-GPTQ-Int4,run01_endpoint_instruction_persistence,32,6.25,1344,16.406,14.08,53.763
1,JunHowie/Qwen3-32B-GPTQ-Int4,run01_endpoint_instruction_persistence,32,3.125,1376,16.406,14.716,55.043
1,JunHowie/Qwen3-32B-GPTQ-Int4,run01_endpoint_instruction_persistence,32,1.0,1408,16.406,15.379,56.323
1,JunHowie/Qwen3-32B-GPTQ-Int4,run01_endpoint_instruction_persistence,32,0.0,1423,16.406,15.7,56.923
1,JunHowie/Qwen3-32B-GPTQ-Int4,run01_endpoint_instruction_persistence,64,75.0,256,16.406,1.583,10.241
1,JunHowie/Qwen3-32B-GPTQ-Int4,run01_endpoint_instruction_persistence,64,50.0,640,16.406,4.626,25.601
1,JunHowie/Qwen3-32B-GPTQ-Int4,run01_endpoint_instruction_persistence,64,25.0,1024,16.406,8.908,40.962
1,JunHowie/Qwen3-32B-GPTQ-Int4,run01_endpoint_instruction_persistence,64,12.5,1216,16.406,11.777,48.643
1,JunHowie/Qwen3-32B-GPTQ-Int4,run01_endpoint_instruction_persistence,64,6.25,1280,16.406,12.883,51.203
1,JunHowie/Qwen3-32B-GPTQ-Int4,run01_endpoint_instruction_persistence,64,3.125,1344,16.406,14.08,53.763
1,JunHowie/Qwen3-32B-GPTQ-Int4,run01_endpoint_instruction_persistence,64,1.0,1344,16.406,14.08,53.763
1,JunHowie/Qwen3-32B-GPTQ-Int4,run01_endpoint_instruction_persistence,64,0.0,1391,16.406,15.024,55.643
1,JunHowie/Qwen3-32B-GPTQ-Int4,run01_endpoint_instruction_persistence,128,75.0,256,16.406,1.583,10.241
1,JunHowie/Qwen3-32B-GPTQ-Int4,run01_endpoint_instruction_persistence,128,50.0,640,16.406,4.626,25.601
1,JunHowie/Qwen3-32B-GPTQ-Int4,run01_endpoint_instruction_persistence,128,25.0,1024,16.406,8.908,40.962
1,JunHowie/Qwen3-32B-GPTQ-Int4,run01_endpoint_instruction_persistence,128,12.5,1152,16.406,10.751,46.082
1,JunHowie/Qwen3-32B-GPTQ-Int4,run01_endpoint_instruction_persistence,128,6.25,1280,16.406,12.883,51.203
1,JunHowie/Qwen3-32B-GPTQ-Int4,run01_endpoint_instruction_persistence,128,3.125,1280,16.406,12.883,51.203
1,JunHowie/Qwen3-32B-GPTQ-Int4,run01_endpoint_instruction_persistence,128,1.0,1280,16.406,12.883,51.203
1,JunHowie/Qwen3-32B-GPTQ-Int4,run01_endpoint_instruction_persistence,128,0.0,1327,16.406,13.753,53.083
1,JunHowie/Qwen3-32B-GPTQ-Int4,run01_endpoint_multi_hop_bridge,8,75.0,224,16.406,2.222,13.884
1,JunHowie/Qwen3-32B-GPTQ-Int4,run01_endpoint_multi_hop_bridge,8,50.0,464,16.406,5.384,28.761
1,JunHowie/Qwen3-32B-GPTQ-Int4,run01_endpoint_multi_hop_bridge,8,25.0,696,16.406,9.661,43.141
1,JunHowie/Qwen3-32B-GPTQ-Int4,run01_endpoint_multi_hop_bridge,8,12.5,816,16.406,12.606,50.579
1,JunHowie/Qwen3-32B-GPTQ-Int4,run01_endpoint_multi_hop_bridge,8,6.25,872,16.406,14.221,54.05
1,JunHowie/Qwen3-32B-GPTQ-Int4,run01_endpoint_multi_hop_bridge,8,3.125,904,16.406,15.227,56.034
1,JunHowie/Qwen3-32B-GPTQ-Int4,run01_endpoint_multi_hop_bridge,8,1.0,920,16.406,15.755,57.025
1,JunHowie/Qwen3-32B-GPTQ-Int4,run01_endpoint_multi_hop_bridge,8,0.0,931,16.406,16.129,57.707
1,JunHowie/Qwen3-32B-GPTQ-Int4,run01_endpoint_multi_hop_bridge,16,75.0,208,16.406,2.043,12.893
1,JunHowie/Qwen3-32B-GPTQ-Int4,run01_endpoint_multi_hop_bridge,16,50.0,448,16.406,5.14,27.769
1,JunHowie/Qwen3-32B-GPTQ-Int4,run01_endpoint_multi_hop_bridge,16,25.0,688,16.406,9.485,42.645
1,JunHowie/Qwen3-32B-GPTQ-Int4,run01_endpoint_multi_hop_bridge,16,12.5,800,16.406,12.175,49.587
1,JunHowie/Qwen3-32B-GPTQ-Int4,run01_endpoint_multi_hop_bridge,16,6.25,864,16.406,13.979,53.554
1,JunHowie/Qwen3-32B-GPTQ-Int4,run01_endpoint_multi_hop_bridge,16,3.125,896,16.406,14.969,55.538
1,JunHowie/Qwen3-32B-GPTQ-Int4,run01_endpoint_multi_hop_bridge,16,1.0,912,16.406,15.489,56.53
1,JunHowie/Qwen3-32B-GPTQ-Int4,run01_endpoint_multi_hop_bridge,16,0.0,923,16.406,15.857,57.211
1,JunHowie/Qwen3-32B-GPTQ-Int4,run01_endpoint_multi_hop_bridge,32,75.0,192,16.406,1.868,11.901
1,JunHowie/Qwen3-32B-GPTQ-Int4,run01_endpoint_multi_hop_bridge,32,50.0,448,16.406,5.14,27.769
1,JunHowie/Qwen3-32B-GPTQ-Int4,run01_endpoint_multi_hop_bridge,32,25.0,672,16.406,9.142,41.653
1,JunHowie/Qwen3-32B-GPTQ-Int4,run01_endpoint_multi_hop_bridge,32,12.5,800,16.406,12.175,49.587
1,JunHowie/Qwen3-32B-GPTQ-Int4,run01_endpoint_multi_hop_bridge,32,6.25,864,16.406,13.979,53.554
1,JunHowie/Qwen3-32B-GPTQ-Int4,run01_endpoint_multi_hop_bridge,32,3.125,896,16.406,14.969,55.538
1,JunHowie/Qwen3-32B-GPTQ-Int4,run01_endpoint_multi_hop_bridge,32,1.0,896,16.406,14.969,55.538
1,JunHowie/Qwen3-32B-GPTQ-Int4,run01_endpoint_multi_hop_bridge,32,0.0,907,16.406,15.325,56.22
1,JunHowie/Qwen3-32B-GPTQ-Int4,run01_endpoint_multi_hop_bridge,64,75.0,128,16.406,1.2,7.934
1,JunHowie/Qwen3-32B-GPTQ-Int4,run01_endpoint_multi_hop_bridge,64,50.0,384,16.406,4.217,23.802
1,JunHowie/Qwen3-32B-GPTQ-Int4,run01_endpoint_multi_hop_bridge,64,25.0,640,16.406,8.481,39.67
1,JunHowie/Qwen3-32B-GPTQ-Int4,run01_endpoint_multi_hop_bridge,64,12.5,768,16.406,11.351,47.604
1,JunHowie/Qwen3-32B-GPTQ-Int4,run01_endpoint_multi_hop_bridge,64,6.25,832,16.406,13.05,51.571
1,JunHowie/Qwen3-32B-GPTQ-Int4,run01_endpoint_multi_hop_bridge,64,3.125,832,16.406,13.05,51.571
1,JunHowie/Qwen3-32B-GPTQ-Int4,run01_endpoint_multi_hop_bridge,64,1.0,832,16.406,13.05,51.571
1,JunHowie/Qwen3-32B-GPTQ-Int4,run01_endpoint_multi_hop_bridge,64,0.0,875,16.406,14.313,54.236
1,JunHowie/Qwen3-32B-GPTQ-Int4,run01_endpoint_multi_hop_bridge,128,75.0,128,16.406,1.2,7.934
1,JunHowie/Qwen3-32B-GPTQ-Int4,run01_endpoint_multi_hop_bridge,128,50.0,384,16.406,4.217,23.802
1,JunHowie/Qwen3-32B-GPTQ-Int4,run01_endpoint_multi_hop_bridge,128,25.0,640,16.406,8.481,39.67
1,JunHowie/Qwen3-32B-GPTQ-Int4,run01_endpoint_multi_hop_bridge,128,12.5,768,16.406,11.351,47.604
1,JunHowie/Qwen3-32B-GPTQ-Int4,run01_endpoint_multi_hop_bridge,128,6.25,768,16.406,11.351,47.604
1,JunHowie/Qwen3-32B-GPTQ-Int4,run01_endpoint_multi_hop_bridge,128,3.125,768,16.406,11.351,47.604
1,JunHowie/Qwen3-32B-GPTQ-Int4,run01_endpoint_multi_hop_bridge,128,1.0,768,16.406,11.351,47.604
1,JunHowie/Qwen3-32B-GPTQ-Int4,run01_endpoint_multi_hop_bridge,128,0.0,811,16.406,12.47,50.269
1,JunHowie/Qwen3-32B-GPTQ-Int4,run01_endpoint_payload_dense,8,75.0,328,16.406,2.24,13.986
1,JunHowie/Qwen3-32B-GPTQ-Int4,run01_endpoint_payload_dense,8,50.0,672,16.406,5.357,28.654
1,JunHowie/Qwen3-32B-GPTQ-Int4,run01_endpoint_payload_dense,8,25.0,1016,16.406,9.725,43.322
1,JunHowie/Qwen3-32B-GPTQ-Int4,run01_endpoint_payload_dense,8,12.5,1184,16.406,12.565,50.485
1,JunHowie/Qwen3-32B-GPTQ-Int4,run01_endpoint_payload_dense,8,6.25,1272,16.406,14.313,54.238
1,JunHowie/Qwen3-32B-GPTQ-Int4,run01_endpoint_payload_dense,8,3.125,1312,16.406,15.18,55.943
1,JunHowie/Qwen3-32B-GPTQ-Int4,run01_endpoint_payload_dense,8,1.0,1344,16.406,15.909,57.308
1,JunHowie/Qwen3-32B-GPTQ-Int4,run01_endpoint_payload_dense,8,0.0,1357,16.406,16.215,57.862
1,JunHowie/Qwen3-32B-GPTQ-Int4,run01_endpoint_payload_dense,16,75.0,320,16.406,2.178,13.645
1,JunHowie/Qwen3-32B-GPTQ-Int4,run01_endpoint_payload_dense,16,50.0,672,16.406,5.357,28.654
1,JunHowie/Qwen3-32B-GPTQ-Int4,run01_endpoint_payload_dense,16,25.0,1008,16.406,9.604,42.981
1,JunHowie/Qwen3-32B-GPTQ-Int4,run01_endpoint_payload_dense,16,12.5,1184,16.406,12.565,50.485
1,JunHowie/Qwen3-32B-GPTQ-Int4,run01_endpoint_payload_dense,16,6.25,1264,16.406,14.146,53.897
1,JunHowie/Qwen3-32B-GPTQ-Int4,run01_endpoint_payload_dense,16,3.125,1312,16.406,15.18,55.943
1,JunHowie/Qwen3-32B-GPTQ-Int4,run01_endpoint_payload_dense,16,1.0,1344,16.406,15.909,57.308
1,JunHowie/Qwen3-32B-GPTQ-Int4,run01_endpoint_payload_dense,16,0.0,1349,16.406,16.026,57.521
1,JunHowie/Qwen3-32B-GPTQ-Int4,run01_endpoint_payload_dense,32,75.0,288,16.406,1.935,12.28
1,JunHowie/Qwen3-32B-GPTQ-Int4,run01_endpoint_payload_dense,32,50.0,640,16.406,5.024,27.289
1,JunHowie/Qwen3-32B-GPTQ-Int4,run01_endpoint_payload_dense,32,25.0,992,16.406,9.364,42.299
1,JunHowie/Qwen3-32B-GPTQ-Int4,run01_endpoint_payload_dense,32,12.5,1152,16.406,11.977,49.121
1,JunHowie/Qwen3-32B-GPTQ-Int4,run01_endpoint_payload_dense,32,6.25,1248,16.406,13.816,53.214
1,JunHowie/Qwen3-32B-GPTQ-Int4,run01_endpoint_payload_dense,32,3.125,1280,16.406,14.483,54.579
1,JunHowie/Qwen3-32B-GPTQ-Int4,run01_endpoint_payload_dense,32,1.0,1312,16.406,15.18,55.943
1,JunHowie/Qwen3-32B-GPTQ-Int4,run01_endpoint_payload_dense,32,0.0,1333,16.406,15.655,56.839
1,JunHowie/Qwen3-32B-GPTQ-Int4,run01_endpoint_payload_dense,64,75.0,256,16.406,1.698,10.916
1,JunHowie/Qwen3-32B-GPTQ-Int4,run01_endpoint_payload_dense,64,50.0,640,16.406,5.024,27.289
1,JunHowie/Qwen3-32B-GPTQ-Int4,run01_endpoint_payload_dense,64,25.0,960,16.406,8.898,40.934
1,JunHowie/Qwen3-32B-GPTQ-Int4,run01_endpoint_payload_dense,64,12.5,1152,16.406,11.977,49.121
1,JunHowie/Qwen3-32B-GPTQ-Int4,run01_endpoint_payload_dense,64,6.25,1216,16.406,13.177,51.85
1,JunHowie/Qwen3-32B-GPTQ-Int4,run01_endpoint_payload_dense,64,3.125,1280,16.406,14.483,54.579
1,JunHowie/Qwen3-32B-GPTQ-Int4,run01_endpoint_payload_dense,64,1.0,1280,16.406,14.483,54.579
1,JunHowie/Qwen3-32B-GPTQ-Int4,run01_endpoint_payload_dense,64,0.0,1301,16.406,14.937,55.474
1,JunHowie/Qwen3-32B-GPTQ-Int4,run01_endpoint_payload_dense,128,75.0,128,16.406,0.807,5.458
1,JunHowie/Qwen3-32B-GPTQ-Int4,run01_endpoint_payload_dense,128,50.0,512,16.406,3.787,21.832
1,JunHowie/Qwen3-32B-GPTQ-Int4,run01_endpoint_payload_dense,128,25.0,896,16.406,8.015,38.205
1,JunHowie/Qwen3-32B-GPTQ-Int4,run01_endpoint_payload_dense,128,12.5,1024,16.406,9.848,43.663
1,JunHowie/Qwen3-32B-GPTQ-Int4,run01_endpoint_payload_dense,128,6.25,1152,16.406,11.977,49.121
1,JunHowie/Qwen3-32B-GPTQ-Int4,run01_endpoint_payload_dense,128,3.125,1152,16.406,11.977,49.121
1,JunHowie/Qwen3-32B-GPTQ-Int4,run01_endpoint_payload_dense,128,1.0,1152,16.406,11.977,49.121
1,JunHowie/Qwen3-32B-GPTQ-Int4,run01_endpoint_payload_dense,128,0.0,1237,16.406,13.593,52.745
1,JunHowie/Qwen3-32B-GPTQ-Int4,run01_endpoint_long_generation_systems,8,75.0,312,16.406,2.271,14.154
1,JunHowie/Qwen3-32B-GPTQ-Int4,run01_endpoint_long_generation_systems,8,50.0,632,16.406,5.361,28.671
1,JunHowie/Qwen3-32B-GPTQ-Int4,run01_endpoint_long_generation_systems,8,25.0,952,16.406,9.677,43.187
1,JunHowie/Qwen3-32B-GPTQ-Int4,run01_endpoint_long_generation_systems,8,12.5,1112,16.406,12.547,50.446
1,JunHowie/Qwen3-32B-GPTQ-Int4,run01_endpoint_long_generation_systems,8,6.25,1192,16.406,14.233,54.075
1,JunHowie/Qwen3-32B-GPTQ-Int4,run01_endpoint_long_generation_systems,8,3.125,1232,16.406,15.152,55.89
1,JunHowie/Qwen3-32B-GPTQ-Int4,run01_endpoint_long_generation_systems,8,1.0,1264,16.406,15.927,57.341
1,JunHowie/Qwen3-32B-GPTQ-Int4,run01_endpoint_long_generation_systems,8,0.0,1275,16.406,16.203,57.84
1,JunHowie/Qwen3-32B-GPTQ-Int4,run01_endpoint_long_generation_systems,16,75.0,304,16.406,2.205,13.791
1,JunHowie/Qwen3-32B-GPTQ-Int4,run01_endpoint_long_generation_systems,16,50.0,624,16.406,5.272,28.308
1,JunHowie/Qwen3-32B-GPTQ-Int4,run01_endpoint_long_generation_systems,16,25.0,944,16.406,9.548,42.824
1,JunHowie/Qwen3-32B-GPTQ-Int4,run01_endpoint_long_generation_systems,16,12.5,1104,16.406,12.389,50.083
1,JunHowie/Qwen3-32B-GPTQ-Int4,run01_endpoint_long_generation_systems,16,6.25,1184,16.406,14.056,53.712
1,JunHowie/Qwen3-32B-GPTQ-Int4,run01_endpoint_long_generation_systems,16,3.125,1232,16.406,15.152,55.89
1,JunHowie/Qwen3-32B-GPTQ-Int4,run01_endpoint_long_generation_systems,16,1.0,1264,16.406,15.927,57.341
1,JunHowie/Qwen3-32B-GPTQ-Int4,run01_endpoint_long_generation_systems,16,0.0,1267,16.406,16.002,57.477
1,JunHowie/Qwen3-32B-GPTQ-Int4,run01_endpoint_long_generation_systems,32,75.0,288,16.406,2.074,13.065
1,JunHowie/Qwen3-32B-GPTQ-Int4,run01_endpoint_long_generation_systems,32,50.0,608,16.406,5.094,27.582
1,JunHowie/Qwen3-32B-GPTQ-Int4,run01_endpoint_long_generation_systems,32,25.0,928,16.406,9.295,42.099
1,JunHowie/Qwen3-32B-GPTQ-Int4,run01_endpoint_long_generation_systems,32,12.5,1088,16.406,12.077,49.357
1,JunHowie/Qwen3-32B-GPTQ-Int4,run01_endpoint_long_generation_systems,32,6.25,1184,16.406,14.056,53.712
1,JunHowie/Qwen3-32B-GPTQ-Int4,run01_endpoint_long_generation_systems,32,3.125,1216,16.406,14.778,55.164
1,JunHowie/Qwen3-32B-GPTQ-Int4,run01_endpoint_long_generation_systems,32,1.0,1248,16.406,15.535,56.615
1,JunHowie/Qwen3-32B-GPTQ-Int4,run01_endpoint_long_generation_systems,32,0.0,1251,16.406,15.608,56.751
1,JunHowie/Qwen3-32B-GPTQ-Int4,run01_endpoint_long_generation_systems,64,75.0,256,16.406,1.818,11.613
1,JunHowie/Qwen3-32B-GPTQ-Int4,run01_endpoint_long_generation_systems,64,50.0,576,16.406,4.749,26.13
1,JunHowie/Qwen3-32B-GPTQ-Int4,run01_endpoint_long_generation_systems,64,25.0,896,16.406,8.802,40.647
1,JunHowie/Qwen3-32B-GPTQ-Int4,run01_endpoint_long_generation_systems,64,12.5,1088,16.406,12.077,49.357
1,JunHowie/Qwen3-32B-GPTQ-Int4,run01_endpoint_long_generation_systems,64,6.25,1152,16.406,13.366,52.26
1,JunHowie/Qwen3-32B-GPTQ-Int4,run01_endpoint_long_generation_systems,64,3.125,1216,16.406,14.778,55.164
1,JunHowie/Qwen3-32B-GPTQ-Int4,run01_endpoint_long_generation_systems,64,1.0,1216,16.406,14.778,55.164
1,JunHowie/Qwen3-32B-GPTQ-Int4,run01_endpoint_long_generation_systems,64,0.0,1219,16.406,14.847,55.3
1,JunHowie/Qwen3-32B-GPTQ-Int4,run01_endpoint_long_generation_systems,128,75.0,128,16.406,0.861,5.807
1,JunHowie/Qwen3-32B-GPTQ-Int4,run01_endpoint_long_generation_systems,128,50.0,512,16.406,4.09,23.227
1,JunHowie/Qwen3-32B-GPTQ-Int4,run01_endpoint_long_generation_systems,128,25.0,896,16.406,8.802,40.647
1,JunHowie/Qwen3-32B-GPTQ-Int4,run01_endpoint_long_generation_systems,128,12.5,1024,16.406,10.895,46.454
1,JunHowie/Qwen3-32B-GPTQ-Int4,run01_endpoint_long_generation_systems,128,6.25,1152,16.406,13.366,52.26
1,JunHowie/Qwen3-32B-GPTQ-Int4,run01_endpoint_long_generation_systems,128,3.125,1152,16.406,13.366,52.26
1,JunHowie/Qwen3-32B-GPTQ-Int4,run01_endpoint_long_generation_systems,128,1.0,1152,16.406,13.366,52.26
1,JunHowie/Qwen3-32B-GPTQ-Int4,run01_endpoint_long_generation_systems,128,0.0,1155,16.406,13.43,52.396
1,JunHowie/Qwen3-32B-GPTQ-Int4,run01_single_token,8,75.0,48,16.406,1.815,11.592
1,JunHowie/Qwen3-32B-GPTQ-Int4,run01_single_token,8,50.0,112,16.406,4.966,27.049
1,JunHowie/Qwen3-32B-GPTQ-Int4,run01_single_token,8,25.0,176,16.406,9.436,42.505
1,JunHowie/Qwen3-32B-GPTQ-Int4,run01_single_token,8,12.5,208,16.406,12.454,50.233
1,JunHowie/Qwen3-32B-GPTQ-Int4,run01_single_token,8,6.25,224,16.406,14.244,54.098
1,JunHowie/Qwen3-32B-GPTQ-Int4,run01_single_token,8,3.125,232,16.406,15.225,56.03
1,JunHowie/Qwen3-32B-GPTQ-Int4,run01_single_token,8,1.0,232,16.406,15.225,56.03
1,JunHowie/Qwen3-32B-GPTQ-Int4,run01_single_token,8,0.0,233,16.406,15.352,56.271
1,JunHowie/Qwen3-32B-GPTQ-Int4,run01_single_token,16,75.0,48,16.406,1.815,11.592
1,JunHowie/Qwen3-32B-GPTQ-Int4,run01_single_token,16,50.0,112,16.406,4.966,27.049
1,JunHowie/Qwen3-32B-GPTQ-Int4,run01_single_token,16,25.0,176,16.406,9.436,42.505
1,JunHowie/Qwen3-32B-GPTQ-Int4,run01_single_token,16,12.5,208,16.406,12.454,50.233
1,JunHowie/Qwen3-32B-GPTQ-Int4,run01_single_token,16,6.25,224,16.406,14.244,54.098
1,JunHowie/Qwen3-32B-GPTQ-Int4,run01_single_token,16,3.125,224,16.406,14.244,54.098
1,JunHowie/Qwen3-32B-GPTQ-Int4,run01_single_token,16,1.0,224,16.406,14.244,54.098
1,JunHowie/Qwen3-32B-GPTQ-Int4,run01_single_token,16,0.0,225,16.406,14.363,54.339
1,JunHowie/Qwen3-32B-GPTQ-Int4,run01_single_token,32,75.0,32,16.406,1.167,7.728
1,JunHowie/Qwen3-32B-GPTQ-Int4,run01_single_token,32,50.0,96,16.406,4.08,23.185
1,JunHowie/Qwen3-32B-GPTQ-Int4,run01_single_token,32,25.0,160,16.406,8.152,38.641
1,JunHowie/Qwen3-32B-GPTQ-Int4,run01_single_token,32,12.5,192,16.406,10.862,46.369
1,JunHowie/Qwen3-32B-GPTQ-Int4,run01_single_token,32,6.25,192,16.406,10.862,46.369
1,JunHowie/Qwen3-32B-GPTQ-Int4,run01_single_token,32,3.125,192,16.406,10.862,46.369
1,JunHowie/Qwen3-32B-GPTQ-Int4,run01_single_token,32,1.0,192,16.406,10.862,46.369
1,JunHowie/Qwen3-32B-GPTQ-Int4,run01_single_token,32,0.0,209,16.406,12.56,50.475
1,JunHowie/Qwen3-32B-GPTQ-Int4,run01_single_token,64,50.0,64,16.406,2.512,15.456
1,JunHowie/Qwen3-32B-GPTQ-Int4,run01_single_token,64,25.0,128,16.406,5.932,30.913
1,JunHowie/Qwen3-32B-GPTQ-Int4,run01_single_token,64,12.5,128,16.406,5.932,30.913
1,JunHowie/Qwen3-32B-GPTQ-Int4,run01_single_token,64,6.25,128,16.406,5.932,30.913
1,JunHowie/Qwen3-32B-GPTQ-Int4,run01_single_token,64,3.125,128,16.406,5.932,30.913
1,JunHowie/Qwen3-32B-GPTQ-Int4,run01_single_token,64,1.0,128,16.406,5.932,30.913
1,JunHowie/Qwen3-32B-GPTQ-Int4,run01_single_token,64,0.0,177,16.406,9.521,42.747
1,JunHowie/Qwen3-32B-GPTQ-Int4,run01_single_token,128,0.0,113,16.406,5.024,27.29
1,JunHowie/Qwen3-32B-GPTQ-Int4,run01_anchor_only_decode_zero,8,75.0,16,16.406,1.396,9.13
1,JunHowie/Qwen3-32B-GPTQ-Int4,run01_anchor_only_decode_zero,8,50.0,40,16.406,4.002,22.825
1,JunHowie/Qwen3-32B-GPTQ-Int4,run01_anchor_only_decode_zero,8,25.0,64,16.406,7.5,36.52
1,JunHowie/Qwen3-32B-GPTQ-Int4,run01_anchor_only_decode_zero,8,12.5,80,16.406,10.585,45.65
1,JunHowie/Qwen3-32B-GPTQ-Int4,run01_anchor_only_decode_zero,8,6.25,88,16.406,12.446,50.214
1,JunHowie/Qwen3-32B-GPTQ-Int4,run01_anchor_only_decode_zero,8,3.125,88,16.406,12.446,50.214
1,JunHowie/Qwen3-32B-GPTQ-Int4,run01_anchor_only_decode_zero,8,1.0,88,16.406,12.446,50.214
1,JunHowie/Qwen3-32B-GPTQ-Int4,run01_anchor_only_decode_zero,8,0.0,94,16.406,14.02,53.638
1,JunHowie/Qwen3-32B-GPTQ-Int4,run01_anchor_only_decode_zero,16,50.0,32,16.406,3.052,18.26
1,JunHowie/Qwen3-32B-GPTQ-Int4,run01_anchor_only_decode_zero,16,25.0,64,16.406,7.5,36.52
1,JunHowie/Qwen3-32B-GPTQ-Int4,run01_anchor_only_decode_zero,16,12.5,80,16.406,10.585,45.65
1,JunHowie/Qwen3-32B-GPTQ-Int4,run01_anchor_only_decode_zero,16,6.25,80,16.406,10.585,45.65
1,JunHowie/Qwen3-32B-GPTQ-Int4,run01_anchor_only_decode_zero,16,3.125,80,16.406,10.585,45.65
1,JunHowie/Qwen3-32B-GPTQ-Int4,run01_anchor_only_decode_zero,16,1.0,80,16.406,10.585,45.65
1,JunHowie/Qwen3-32B-GPTQ-Int4,run01_anchor_only_decode_zero,16,0.0,86,16.406,11.957,49.073
1,JunHowie/Qwen3-32B-GPTQ-Int4,run01_anchor_only_decode_zero,32,50.0,32,16.406,3.052,18.26
1,JunHowie/Qwen3-32B-GPTQ-Int4,run01_anchor_only_decode_zero,32,25.0,64,16.406,7.5,36.52
1,JunHowie/Qwen3-32B-GPTQ-Int4,run01_anchor_only_decode_zero,32,12.5,64,16.406,7.5,36.52
1,JunHowie/Qwen3-32B-GPTQ-Int4,run01_anchor_only_decode_zero,32,6.25,64,16.406,7.5,36.52
1,JunHowie/Qwen3-32B-GPTQ-Int4,run01_anchor_only_decode_zero,32,3.125,64,16.406,7.5,36.52
1,JunHowie/Qwen3-32B-GPTQ-Int4,run01_anchor_only_decode_zero,32,1.0,64,16.406,7.5,36.52
1,JunHowie/Qwen3-32B-GPTQ-Int4,run01_anchor_only_decode_zero,32,0.0,70,16.406,8.57,39.943
1,JunHowie/Qwen3-32B-GPTQ-Int4,run01_anchor_only_decode_zero,64,0.0,38,16.406,3.756,21.684
1,JunHowie/Qwen3-32B-GPTQ-Int4,run01_first_page_decode,8,50.0,16,16.406,2.853,17.245
1,JunHowie/Qwen3-32B-GPTQ-Int4,run01_first_page_decode,8,25.0,32,16.406,6.908,34.491
1,JunHowie/Qwen3-32B-GPTQ-Int4,run01_first_page_decode,8,12.5,40,16.406,9.651,43.113
1,JunHowie/Qwen3-32B-GPTQ-Int4,run01_first_page_decode,8,6.25,40,16.406,9.651,43.113
1,JunHowie/Qwen3-32B-GPTQ-Int4,run01_first_page_decode,8,3.125,40,16.406,9.651,43.113
1,JunHowie/Qwen3-32B-GPTQ-Int4,run01_first_page_decode,8,1.0,40,16.406,9.651,43.113
1,JunHowie/Qwen3-32B-GPTQ-Int4,run01_first_page_decode,8,0.0,46,16.406,12.172,49.58
1,JunHowie/Qwen3-32B-GPTQ-Int4,run01_first_page_decode,16,50.0,16,16.406,2.853,17.245
1,JunHowie/Qwen3-32B-GPTQ-Int4,run01_first_page_decode,16,25.0,32,16.406,6.908,34.491
1,JunHowie/Qwen3-32B-GPTQ-Int4,run01_first_page_decode,16,12.5,32,16.406,6.908,34.491
1,JunHowie/Qwen3-32B-GPTQ-Int4,run01_first_page_decode,16,6.25,32,16.406,6.908,34.491
1,JunHowie/Qwen3-32B-GPTQ-Int4,run01_first_page_decode,16,3.125,32,16.406,6.908,34.491
1,JunHowie/Qwen3-32B-GPTQ-Int4,run01_first_page_decode,16,1.0,32,16.406,6.908,34.491
1,JunHowie/Qwen3-32B-GPTQ-Int4,run01_first_page_decode,16,0.0,38,16.406,8.906,40.958
1,JunHowie/Qwen3-32B-GPTQ-Int4,run01_first_page_decode,32,0.0,22,16.406,4.197,23.712
1,JunHowie/Qwen3-32B-GPTQ-Int4,run01_exact_small_boundary,8,75.0,48,16.406,1.921,12.2
1,JunHowie/Qwen3-32B-GPTQ-Int4,run01_exact_small_boundary,8,50.0,104,16.406,4.82,26.433
1,JunHowie/Qwen3-32B-GPTQ-Int4,run01_exact_small_boundary,8,25.0,160,16.406,8.809,40.666
1,JunHowie/Qwen3-32B-GPTQ-Int4,run01_exact_small_boundary,8,12.5,192,16.406,11.842,48.799
1,JunHowie/Qwen3-32B-GPTQ-Int4,run01_exact_small_boundary,8,6.25,208,16.406,13.65,52.866
1,JunHowie/Qwen3-32B-GPTQ-Int4,run01_exact_small_boundary,8,3.125,216,16.406,14.644,54.899
1,JunHowie/Qwen3-32B-GPTQ-Int4,run01_exact_small_boundary,8,1.0,216,16.406,14.644,54.899
1,JunHowie/Qwen3-32B-GPTQ-Int4,run01_exact_small_boundary,8,0.0,221,16.406,15.299,56.17
1,JunHowie/Qwen3-32B-GPTQ-Int4,run01_exact_small_boundary,16,75.0,32,16.406,1.232,8.133
1,JunHowie/Qwen3-32B-GPTQ-Int4,run01_exact_small_boundary,16,50.0,96,16.406,4.351,24.4
1,JunHowie/Qwen3-32B-GPTQ-Int4,run01_exact_small_boundary,16,25.0,160,16.406,8.809,40.666
1,JunHowie/Qwen3-32B-GPTQ-Int4,run01_exact_small_boundary,16,12.5,192,16.406,11.842,48.799
1,JunHowie/Qwen3-32B-GPTQ-Int4,run01_exact_small_boundary,16,6.25,208,16.406,13.65,52.866
1,JunHowie/Qwen3-32B-GPTQ-Int4,run01_exact_small_boundary,16,3.125,208,16.406,13.65,52.866
1,JunHowie/Qwen3-32B-GPTQ-Int4,run01_exact_small_boundary,16,1.0,208,16.406,13.65,52.866
1,JunHowie/Qwen3-32B-GPTQ-Int4,run01_exact_small_boundary,16,0.0,213,16.406,14.263,54.137
1,JunHowie/Qwen3-32B-GPTQ-Int4,run01_exact_small_boundary,32,75.0,32,16.406,1.232,8.133
1,JunHowie/Qwen3-32B-GPTQ-Int4,run01_exact_small_boundary,32,50.0,96,16.406,4.351,24.4
1,JunHowie/Qwen3-32B-GPTQ-Int4,run01_exact_small_boundary,32,25.0,160,16.406,8.809,40.666
1,JunHowie/Qwen3-32B-GPTQ-Int4,run01_exact_small_boundary,32,12.5,192,16.406,11.842,48.799
1,JunHowie/Qwen3-32B-GPTQ-Int4,run01_exact_small_boundary,32,6.25,192,16.406,11.842,48.799
1,JunHowie/Qwen3-32B-GPTQ-Int4,run01_exact_small_boundary,32,3.125,192,16.406,11.842,48.799
1,JunHowie/Qwen3-32B-GPTQ-Int4,run01_exact_small_boundary,32,1.0,192,16.406,11.842,48.799
1,JunHowie/Qwen3-32B-GPTQ-Int4,run01_exact_small_boundary,32,0.0,197,16.406,12.383,50.07
1,JunHowie/Qwen3-32B-GPTQ-Int4,run01_exact_small_boundary,64,50.0,64,16.406,2.665,16.266
1,JunHowie/Qwen3-32B-GPTQ-Int4,run01_exact_small_boundary,64,25.0,128,16.406,6.364,32.533
1,JunHowie/Qwen3-32B-GPTQ-Int4,run01_exact_small_boundary,64,12.5,128,16.406,6.364,32.533
1,JunHowie/Qwen3-32B-GPTQ-Int4,run01_exact_small_boundary,64,6.25,128,16.406,6.364,32.533
1,JunHowie/Qwen3-32B-GPTQ-Int4,run01_exact_small_boundary,64,3.125,128,16.406,6.364,32.533
1,JunHowie/Qwen3-32B-GPTQ-Int4,run01_exact_small_boundary,64,1.0,128,16.406,6.364,32.533
1,JunHowie/Qwen3-32B-GPTQ-Int4,run01_exact_small_boundary,64,0.0,165,16.406,9.239,41.937
1,JunHowie/Qwen3-32B-GPTQ-Int4,run01_exact_small_boundary,128,0.0,101,16.406,4.642,25.67
1,JunHowie/Qwen3-32B-GPTQ-Int4,run01_cross_small_boundary,8,75.0,48,16.406,1.979,12.528
1,JunHowie/Qwen3-32B-GPTQ-Int4,run01_cross_small_boundary,8,50.0,104,16.406,4.989,27.144
1,JunHowie/Qwen3-32B-GPTQ-Int4,run01_cross_small_boundary,8,25.0,160,16.406,9.178,41.76
1,JunHowie/Qwen3-32B-GPTQ-Int4,run01_cross_small_boundary,8,12.5,184,16.406,11.522,48.024
1,JunHowie/Qwen3-32B-GPTQ-Int4,run01_cross_small_boundary,8,6.25,200,16.406,13.338,52.2
1,JunHowie/Qwen3-32B-GPTQ-Int4,run01_cross_small_boundary,8,3.125,208,16.406,14.338,54.288
1,JunHowie/Qwen3-32B-GPTQ-Int4,run01_cross_small_boundary,8,1.0,208,16.406,14.338,54.288
1,JunHowie/Qwen3-32B-GPTQ-Int4,run01_cross_small_boundary,8,0.0,215,16.406,15.27,56.115
1,JunHowie/Qwen3-32B-GPTQ-Int4,run01_cross_small_boundary,16,75.0,32,16.406,1.268,8.352
1,JunHowie/Qwen3-32B-GPTQ-Int4,run01_cross_small_boundary,16,50.0,96,16.406,4.5,25.056
1,JunHowie/Qwen3-32B-GPTQ-Int4,run01_cross_small_boundary,16,25.0,144,16.406,7.823,37.584
1,JunHowie/Qwen3-32B-GPTQ-Int4,run01_cross_small_boundary,16,12.5,176,16.406,10.694,45.936
1,JunHowie/Qwen3-32B-GPTQ-Int4,run01_cross_small_boundary,16,6.25,192,16.406,12.402,50.112
1,JunHowie/Qwen3-32B-GPTQ-Int4,run01_cross_small_boundary,16,3.125,192,16.406,12.402,50.112
1,JunHowie/Qwen3-32B-GPTQ-Int4,run01_cross_small_boundary,16,1.0,192,16.406,12.402,50.112
1,JunHowie/Qwen3-32B-GPTQ-Int4,run01_cross_small_boundary,16,0.0,207,16.406,14.21,54.027
1,JunHowie/Qwen3-32B-GPTQ-Int4,run01_cross_small_boundary,32,50.0,64,16.406,2.749,16.704
1,JunHowie/Qwen3-32B-GPTQ-Int4,run01_cross_small_boundary,32,25.0,128,16.406,6.604,33.408
1,JunHowie/Qwen3-32B-GPTQ-Int4,run01_cross_small_boundary,32,12.5,160,16.406,9.178,41.76
1,JunHowie/Qwen3-32B-GPTQ-Int4,run01_cross_small_boundary,32,6.25,160,16.406,9.178,41.76
1,JunHowie/Qwen3-32B-GPTQ-Int4,run01_cross_small_boundary,32,3.125,160,16.406,9.178,41.76
1,JunHowie/Qwen3-32B-GPTQ-Int4,run01_cross_small_boundary,32,1.0,160,16.406,9.178,41.76
1,JunHowie/Qwen3-32B-GPTQ-Int4,run01_cross_small_boundary,32,0.0,191,16.406,12.289,49.851
1,JunHowie/Qwen3-32B-GPTQ-Int4,run01_cross_small_boundary,64,50.0,64,16.406,2.749,16.704
1,JunHowie/Qwen3-32B-GPTQ-Int4,run01_cross_small_boundary,64,25.0,128,16.406,6.604,33.408
1,JunHowie/Qwen3-32B-GPTQ-Int4,run01_cross_small_boundary,64,12.5,128,16.406,6.604,33.408
1,JunHowie/Qwen3-32B-GPTQ-Int4,run01_cross_small_boundary,64,6.25,128,16.406,6.604,33.408
1,JunHowie/Qwen3-32B-GPTQ-Int4,run01_cross_small_boundary,64,3.125,128,16.406,6.604,33.408
1,JunHowie/Qwen3-32B-GPTQ-Int4,run01_cross_small_boundary,64,1.0,128,16.406,6.604,33.408
1,JunHowie/Qwen3-32B-GPTQ-Int4,run01_cross_small_boundary,64,0.0,159,16.406,9.089,41.499
1,JunHowie/Qwen3-32B-GPTQ-Int4,run01_cross_small_boundary,128,0.0,95,16.406,4.44,24.795
1,JunHowie/Qwen3-32B-GPTQ-Int4,run01_exact_sixteen,8,75.0,32,16.406,1.836,11.714
1,JunHowie/Qwen3-32B-GPTQ-Int4,run01_exact_sixteen,8,50.0,72,16.406,4.802,26.356
1,JunHowie/Qwen3-32B-GPTQ-Int4,run01_exact_sixteen,8,25.0,112,16.406,8.92,40.998
1,JunHowie/Qwen3-32B-GPTQ-Int4,run01_exact_sixteen,8,12.5,128,16.406,11.053,46.855
1,JunHowie/Qwen3-32B-GPTQ-Int4,run01_exact_sixteen,8,6.25,136,16.406,12.26,49.784
1,JunHowie/Qwen3-32B-GPTQ-Int4,run01_exact_sixteen,8,3.125,144,16.406,13.578,52.712
1,JunHowie/Qwen3-32B-GPTQ-Int4,run01_exact_sixteen,8,1.0,144,16.406,13.578,52.712
1,JunHowie/Qwen3-32B-GPTQ-Int4,run01_exact_sixteen,8,0.0,151,16.406,14.834,55.275
1,JunHowie/Qwen3-32B-GPTQ-Int4,run01_exact_sixteen,16,75.0,16,16.406,0.869,5.857
1,JunHowie/Qwen3-32B-GPTQ-Int4,run01_exact_sixteen,16,50.0,64,16.406,4.134,23.428
1,JunHowie/Qwen3-32B-GPTQ-Int4,run01_exact_sixteen,16,25.0,96,16.406,7.095,35.142
1,JunHowie/Qwen3-32B-GPTQ-Int4,run01_exact_sixteen,16,12.5,112,16.406,8.92,40.998
1,JunHowie/Qwen3-32B-GPTQ-Int4,run01_exact_sixteen,16,6.25,128,16.406,11.053,46.855
1,JunHowie/Qwen3-32B-GPTQ-Int4,run01_exact_sixteen,16,3.125,128,16.406,11.053,46.855
1,JunHowie/Qwen3-32B-GPTQ-Int4,run01_exact_sixteen,16,1.0,128,16.406,11.053,46.855
1,JunHowie/Qwen3-32B-GPTQ-Int4,run01_exact_sixteen,16,0.0,143,16.406,13.406,52.346
1,JunHowie/Qwen3-32B-GPTQ-Int4,run01_exact_sixteen,32,50.0,32,16.406,1.836,11.714
1,JunHowie/Qwen3-32B-GPTQ-Int4,run01_exact_sixteen,32,25.0,64,16.406,4.134,23.428
1,JunHowie/Qwen3-32B-GPTQ-Int4,run01_exact_sixteen,32,12.5,96,16.406,7.095,35.142
1,JunHowie/Qwen3-32B-GPTQ-Int4,run01_exact_sixteen,32,6.25,96,16.406,7.095,35.142
1,JunHowie/Qwen3-32B-GPTQ-Int4,run01_exact_sixteen,32,3.125,96,16.406,7.095,35.142
1,JunHowie/Qwen3-32B-GPTQ-Int4,run01_exact_sixteen,32,1.0,96,16.406,7.095,35.142
1,JunHowie/Qwen3-32B-GPTQ-Int4,run01_exact_sixteen,32,0.0,127,16.406,10.909,46.489
1,JunHowie/Qwen3-32B-GPTQ-Int4,run01_exact_sixteen,64,25.0,64,16.406,4.134,23.428
1,JunHowie/Qwen3-32B-GPTQ-Int4,run01_exact_sixteen,64,12.5,64,16.406,4.134,23.428
1,JunHowie/Qwen3-32B-GPTQ-Int4,run01_exact_sixteen,64,6.25,64,16.406,4.134,23.428
1,JunHowie/Qwen3-32B-GPTQ-Int4,run01_exact_sixteen,64,3.125,64,16.406,4.134,23.428
1,JunHowie/Qwen3-32B-GPTQ-Int4,run01_exact_sixteen,64,1.0,64,16.406,4.134,23.428
1,JunHowie/Qwen3-32B-GPTQ-Int4,run01_exact_sixteen,64,0.0,95,16.406,6.989,34.775
1,JunHowie/Qwen3-32B-GPTQ-Int4,run01_exact_sixteen,128,0.0,31,16.406,1.772,11.348
1,JunHowie/Qwen3-32B-GPTQ-Int4,run01_cross_sixteen,8,75.0,40,16.406,1.783,11.412
1,JunHowie/Qwen3-32B-GPTQ-Int4,run01_cross_sixteen,8,50.0,96,16.406,5.048,27.39
1,JunHowie/Qwen3-32B-GPTQ-Int4,run01_cross_sixteen,8,25.0,144,16.406,8.949,41.085
1,JunHowie/Qwen3-32B-GPTQ-Int4,run01_cross_sixteen,8,12.5,168,16.406,11.484,47.932
1,JunHowie/Qwen3-32B-GPTQ-Int4,run01_cross_sixteen,8,6.25,184,16.406,13.477,52.497
1,JunHowie/Qwen3-32B-GPTQ-Int4,run01_cross_sixteen,8,3.125,192,16.406,14.583,54.779
1,JunHowie/Qwen3-32B-GPTQ-Int4,run01_cross_sixteen,8,1.0,192,16.406,14.583,54.779
1,JunHowie/Qwen3-32B-GPTQ-Int4,run01_cross_sixteen,8,0.0,196,16.406,15.168,55.921
1,JunHowie/Qwen3-32B-GPTQ-Int4,run01_cross_sixteen,16,75.0,32,16.406,1.396,9.13
1,JunHowie/Qwen3-32B-GPTQ-Int4,run01_cross_sixteen,16,50.0,80,16.406,4.002,22.825
1,JunHowie/Qwen3-32B-GPTQ-Int4,run01_cross_sixteen,16,25.0,128,16.406,7.5,36.52
1,JunHowie/Qwen3-32B-GPTQ-Int4,run01_cross_sixteen,16,12.5,160,16.406,10.585,45.65
1,JunHowie/Qwen3-32B-GPTQ-Int4,run01_cross_sixteen,16,6.25,176,16.406,12.446,50.214
1,JunHowie/Qwen3-32B-GPTQ-Int4,run01_cross_sixteen,16,3.125,176,16.406,12.446,50.214
1,JunHowie/Qwen3-32B-GPTQ-Int4,run01_cross_sixteen,16,1.0,176,16.406,12.446,50.214
1,JunHowie/Qwen3-32B-GPTQ-Int4,run01_cross_sixteen,16,0.0,188,16.406,14.02,53.638
1,JunHowie/Qwen3-32B-GPTQ-Int4,run01_cross_sixteen,32,50.0,64,16.406,3.052,18.26
1,JunHowie/Qwen3-32B-GPTQ-Int4,run01_cross_sixteen,32,25.0,128,16.406,7.5,36.52
1,JunHowie/Qwen3-32B-GPTQ-Int4,run01_cross_sixteen,32,12.5,160,16.406,10.585,45.65
1,JunHowie/Qwen3-32B-GPTQ-Int4,run01_cross_sixteen,32,6.25,160,16.406,10.585,45.65
1,JunHowie/Qwen3-32B-GPTQ-Int4,run01_cross_sixteen,32,3.125,160,16.406,10.585,45.65
1,JunHowie/Qwen3-32B-GPTQ-Int4,run01_cross_sixteen,32,1.0,160,16.406,10.585,45.65
1,JunHowie/Qwen3-32B-GPTQ-Int4,run01_cross_sixteen,32,0.0,172,16.406,11.957,49.073
1,JunHowie/Qwen3-32B-GPTQ-Int4,run01_cross_sixteen,64,50.0,64,16.406,3.052,18.26
1,JunHowie/Qwen3-32B-GPTQ-Int4,run01_cross_sixteen,64,25.0,128,16.406,7.5,36.52
1,JunHowie/Qwen3-32B-GPTQ-Int4,run01_cross_sixteen,64,12.5,128,16.406,7.5,36.52
1,JunHowie/Qwen3-32B-GPTQ-Int4,run01_cross_sixteen,64,6.25,128,16.406,7.5,36.52
1,JunHowie/Qwen3-32B-GPTQ-Int4,run01_cross_sixteen,64,3.125,128,16.406,7.5,36.52
1,JunHowie/Qwen3-32B-GPTQ-Int4,run01_cross_sixteen,64,1.0,128,16.406,7.5,36.52
1,JunHowie/Qwen3-32B-GPTQ-Int4,run01_cross_sixteen,64,0.0,140,16.406,8.57,39.943
1,JunHowie/Qwen3-32B-GPTQ-Int4,run01_cross_sixteen,128,0.0,76,16.406,3.756,21.684
1,JunHowie/Qwen3-32B-GPTQ-Int4,run01_decode_heavy_short_prompt,8,75.0,176,16.406,2.228,13.918
1,JunHowie/Qwen3-32B-GPTQ-Int4,run01_decode_heavy_short_prompt,8,50.0,360,16.406,5.311,28.469
1,JunHowie/Qwen3-32B-GPTQ-Int4,run01_decode_heavy_short_prompt,8,25.0,544,16.406,9.617,43.02
1,JunHowie/Qwen3-32B-GPTQ-Int4,run01_decode_heavy_short_prompt,8,12.5,632,16.406,12.344,49.979
1,JunHowie/Qwen3-32B-GPTQ-Int4,run01_decode_heavy_short_prompt,8,6.25,680,16.406,14.086,53.775
1,JunHowie/Qwen3-32B-GPTQ-Int4,run01_decode_heavy_short_prompt,8,3.125,704,16.406,15.039,55.673
1,JunHowie/Qwen3-32B-GPTQ-Int4,run01_decode_heavy_short_prompt,8,1.0,720,16.406,15.708,56.938
1,JunHowie/Qwen3-32B-GPTQ-Int4,run01_decode_heavy_short_prompt,8,0.0,728,16.406,16.053,57.57
1,JunHowie/Qwen3-32B-GPTQ-Int4,run01_decode_heavy_short_prompt,16,75.0,160,16.406,2.001,12.653
1,JunHowie/Qwen3-32B-GPTQ-Int4,run01_decode_heavy_short_prompt,16,50.0,352,16.406,5.156,27.836
1,JunHowie/Qwen3-32B-GPTQ-Int4,run01_decode_heavy_short_prompt,16,25.0,528,16.406,9.176,41.754
1,JunHowie/Qwen3-32B-GPTQ-Int4,run01_decode_heavy_short_prompt,16,12.5,624,16.406,12.073,49.346
1,JunHowie/Qwen3-32B-GPTQ-Int4,run01_decode_heavy_short_prompt,16,6.25,672,16.406,13.781,53.142
1,JunHowie/Qwen3-32B-GPTQ-Int4,run01_decode_heavy_short_prompt,16,3.125,688,16.406,14.397,54.407
1,JunHowie/Qwen3-32B-GPTQ-Int4,run01_decode_heavy_short_prompt,16,1.0,704,16.406,15.039,55.673
1,JunHowie/Qwen3-32B-GPTQ-Int4,run01_decode_heavy_short_prompt,16,0.0,720,16.406,15.708,56.938
1,JunHowie/Qwen3-32B-GPTQ-Int4,run01_decode_heavy_short_prompt,32,75.0,128,16.406,1.562,10.122
1,JunHowie/Qwen3-32B-GPTQ-Int4,run01_decode_heavy_short_prompt,32,50.0,320,16.406,4.557,25.306
1,JunHowie/Qwen3-32B-GPTQ-Int4,run01_decode_heavy_short_prompt,32,25.0,512,16.406,8.75,40.489
1,JunHowie/Qwen3-32B-GPTQ-Int4,run01_decode_heavy_short_prompt,32,12.5,608,16.406,11.545,48.081
1,JunHowie/Qwen3-32B-GPTQ-Int4,run01_decode_heavy_short_prompt,32,6.25,640,16.406,12.62,50.611
1,JunHowie/Qwen3-32B-GPTQ-Int4,run01_decode_heavy_short_prompt,32,3.125,672,16.406,13.781,53.142
1,JunHowie/Qwen3-32B-GPTQ-Int4,run01_decode_heavy_short_prompt,32,1.0,672,16.406,13.781,53.142
1,JunHowie/Qwen3-32B-GPTQ-Int4,run01_decode_heavy_short_prompt,32,0.0,704,16.406,15.039,55.673
1,JunHowie/Qwen3-32B-GPTQ-Int4,run01_decode_heavy_short_prompt,64,75.0,128,16.406,1.562,10.122
1,JunHowie/Qwen3-32B-GPTQ-Int4,run01_decode_heavy_short_prompt,64,50.0,320,16.406,4.557,25.306
1,JunHowie/Qwen3-32B-GPTQ-Int4,run01_decode_heavy_short_prompt,64,25.0,512,16.406,8.75,40.489
1,JunHowie/Qwen3-32B-GPTQ-Int4,run01_decode_heavy_short_prompt,64,12.5,576,16.406,10.547,45.55
1,JunHowie/Qwen3-32B-GPTQ-Int4,run01_decode_heavy_short_prompt,64,6.25,640,16.406,12.62,50.611
1,JunHowie/Qwen3-32B-GPTQ-Int4,run01_decode_heavy_short_prompt,64,3.125,640,16.406,12.62,50.611
1,JunHowie/Qwen3-32B-GPTQ-Int4,run01_decode_heavy_short_prompt,64,1.0,640,16.406,12.62,50.611
1,JunHowie/Qwen3-32B-GPTQ-Int4,run01_decode_heavy_short_prompt,64,0.0,672,16.406,13.781,53.142
1,JunHowie/Qwen3-32B-GPTQ-Int4,run01_decode_heavy_short_prompt,128,50.0,256,16.406,3.454,20.245
1,JunHowie/Qwen3-32B-GPTQ-Int4,run01_decode_heavy_short_prompt,128,25.0,384,16.406,5.79,30.367
1,JunHowie/Qwen3-32B-GPTQ-Int4,run01_decode_heavy_short_prompt,128,12.5,512,16.406,8.75,40.489
1,JunHowie/Qwen3-32B-GPTQ-Int4,run01_decode_heavy_short_prompt,128,6.25,512,16.406,8.75,40.489
1,JunHowie/Qwen3-32B-GPTQ-Int4,run01_decode_heavy_short_prompt,128,3.125,512,16.406,8.75,40.489
1,JunHowie/Qwen3-32B-GPTQ-Int4,run01_decode_heavy_short_prompt,128,1.0,512,16.406,8.75,40.489
1,JunHowie/Qwen3-32B-GPTQ-Int4,run01_decode_heavy_short_prompt,128,0.0,608,16.406,11.545,48.081
1,JunHowie/Qwen3-32B-GPTQ-Int4,run01_prompt_heavy_short_decode,8,75.0,184,16.406,2.249,14.036
1,JunHowie/Qwen3-32B-GPTQ-Int4,run01_prompt_heavy_short_decode,8,50.0,376,16.406,5.364,28.682
1,JunHowie/Qwen3-32B-GPTQ-Int4,run01_prompt_heavy_short_decode,8,25.0,568,16.406,9.727,43.328
1,JunHowie/Qwen3-32B-GPTQ-Int4,run01_prompt_heavy_short_decode,8,12.5,664,16.406,12.638,50.651
1,JunHowie/Qwen3-32B-GPTQ-Int4,run01_prompt_heavy_short_decode,8,6.25,712,16.406,14.35,54.313
1,JunHowie/Qwen3-32B-GPTQ-Int4,run01_prompt_heavy_short_decode,8,3.125,736,16.406,15.285,56.144
1,JunHowie/Qwen3-32B-GPTQ-Int4,run01_prompt_heavy_short_decode,8,1.0,752,16.406,15.94,57.364
1,JunHowie/Qwen3-32B-GPTQ-Int4,run01_prompt_heavy_short_decode,8,0.0,755,16.406,16.066,57.593
1,JunHowie/Qwen3-32B-GPTQ-Int4,run01_prompt_heavy_short_decode,16,75.0,176,16.406,2.139,13.426
1,JunHowie/Qwen3-32B-GPTQ-Int4,run01_prompt_heavy_short_decode,16,50.0,368,16.406,5.214,28.072
1,JunHowie/Qwen3-32B-GPTQ-Int4,run01_prompt_heavy_short_decode,16,25.0,560,16.406,9.511,42.718
1,JunHowie/Qwen3-32B-GPTQ-Int4,run01_prompt_heavy_short_decode,16,12.5,656,16.406,12.371,50.041
1,JunHowie/Qwen3-32B-GPTQ-Int4,run01_prompt_heavy_short_decode,16,6.25,704,16.406,14.051,53.702
1,JunHowie/Qwen3-32B-GPTQ-Int4,run01_prompt_heavy_short_decode,16,3.125,720,16.406,14.656,54.923
1,JunHowie/Qwen3-32B-GPTQ-Int4,run01_prompt_heavy_short_decode,16,1.0,736,16.406,15.285,56.144
1,JunHowie/Qwen3-32B-GPTQ-Int4,run01_prompt_heavy_short_decode,16,0.0,747,16.406,15.732,56.983
1,JunHowie/Qwen3-32B-GPTQ-Int4,run01_prompt_heavy_short_decode,32,75.0,160,16.406,1.922,12.205
1,JunHowie/Qwen3-32B-GPTQ-Int4,run01_prompt_heavy_short_decode,32,50.0,352,16.406,4.919,26.851
1,JunHowie/Qwen3-32B-GPTQ-Int4,run01_prompt_heavy_short_decode,32,25.0,544,16.406,9.089,41.497
1,JunHowie/Qwen3-32B-GPTQ-Int4,run01_prompt_heavy_short_decode,32,12.5,640,16.406,11.851,48.82
1,JunHowie/Qwen3-32B-GPTQ-Int4,run01_prompt_heavy_short_decode,32,6.25,672,16.406,12.91,51.261
1,JunHowie/Qwen3-32B-GPTQ-Int4,run01_prompt_heavy_short_decode,32,3.125,704,16.406,14.051,53.702
1,JunHowie/Qwen3-32B-GPTQ-Int4,run01_prompt_heavy_short_decode,32,1.0,704,16.406,14.051,53.702
1,JunHowie/Qwen3-32B-GPTQ-Int4,run01_prompt_heavy_short_decode,32,0.0,731,16.406,15.085,55.762
1,JunHowie/Qwen3-32B-GPTQ-Int4,run01_prompt_heavy_short_decode,64,75.0,128,16.406,1.502,9.764
1,JunHowie/Qwen3-32B-GPTQ-Int4,run01_prompt_heavy_short_decode,64,50.0,320,16.406,4.353,24.41
1,JunHowie/Qwen3-32B-GPTQ-Int4,run01_prompt_heavy_short_decode,64,25.0,512,16.406,8.284,39.056
1,JunHowie/Qwen3-32B-GPTQ-Int4,run01_prompt_heavy_short_decode,64,12.5,576,16.406,9.947,43.938
1,JunHowie/Qwen3-32B-GPTQ-Int4,run01_prompt_heavy_short_decode,64,6.25,640,16.406,11.851,48.82
1,JunHowie/Qwen3-32B-GPTQ-Int4,run01_prompt_heavy_short_decode,64,3.125,640,16.406,11.851,48.82
1,JunHowie/Qwen3-32B-GPTQ-Int4,run01_prompt_heavy_short_decode,64,1.0,640,16.406,11.851,48.82
1,JunHowie/Qwen3-32B-GPTQ-Int4,run01_prompt_heavy_short_decode,64,0.0,699,16.406,13.867,53.321
1,JunHowie/Qwen3-32B-GPTQ-Int4,run01_prompt_heavy_short_decode,128,50.0,256,16.406,3.307,19.528
1,JunHowie/Qwen3-32B-GPTQ-Int4,run01_prompt_heavy_short_decode,128,25.0,384,16.406,5.517,29.292
1,JunHowie/Qwen3-32B-GPTQ-Int4,run01_prompt_heavy_short_decode,128,12.5,512,16.406,8.284,39.056
1,JunHowie/Qwen3-32B-GPTQ-Int4,run01_prompt_heavy_short_decode,128,6.25,512,16.406,8.284,39.056
1,JunHowie/Qwen3-32B-GPTQ-Int4,run01_prompt_heavy_short_decode,128,3.125,512,16.406,8.284,39.056
1,JunHowie/Qwen3-32B-GPTQ-Int4,run01_prompt_heavy_short_decode,128,1.0,512,16.406,8.284,39.056
1,JunHowie/Qwen3-32B-GPTQ-Int4,run01_prompt_heavy_short_decode,128,0.0,635,16.406,11.692,48.439
1,JunHowie/Qwen3-32B-GPTQ-Int4,run01_exact_512_prompt,8,75.0,120,16.406,2.187,13.695
1,JunHowie/Qwen3-32B-GPTQ-Int4,run01_exact_512_prompt,8,50.0,248,16.406,5.27,28.303
1,JunHowie/Qwen3-32B-GPTQ-Int4,run01_exact_512_prompt,8,25.0,376,16.406,9.579,42.911
1,JunHowie/Qwen3-32B-GPTQ-Int4,run01_exact_512_prompt,8,12.5,440,16.406,12.446,50.214
1,JunHowie/Qwen3-32B-GPTQ-Int4,run01_exact_512_prompt,8,6.25,472,16.406,14.131,53.866
1,JunHowie/Qwen3-32B-GPTQ-Int4,run01_exact_512_prompt,8,3.125,488,16.406,15.049,55.692
1,JunHowie/Qwen3-32B-GPTQ-Int4,run01_exact_512_prompt,8,1.0,496,16.406,15.53,56.605
1,JunHowie/Qwen3-32B-GPTQ-Int4,run01_exact_512_prompt,8,0.0,502,16.406,15.899,57.29
1,JunHowie/Qwen3-32B-GPTQ-Int4,run01_exact_512_prompt,16,75.0,112,16.406,2.024,12.782
1,JunHowie/Qwen3-32B-GPTQ-Int4,run01_exact_512_prompt,16,50.0,240,16.406,5.048,27.39
1,JunHowie/Qwen3-32B-GPTQ-Int4,run01_exact_512_prompt,16,25.0,368,16.406,9.26,41.998
1,JunHowie/Qwen3-32B-GPTQ-Int4,run01_exact_512_prompt,16,12.5,432,16.406,12.054,49.301
1,JunHowie/Qwen3-32B-GPTQ-Int4,run01_exact_512_prompt,16,6.25,464,16.406,13.692,52.953
1,JunHowie/Qwen3-32B-GPTQ-Int4,run01_exact_512_prompt,16,3.125,480,16.406,14.583,54.779
1,JunHowie/Qwen3-32B-GPTQ-Int4,run01_exact_512_prompt,16,1.0,480,16.406,14.583,54.779
1,JunHowie/Qwen3-32B-GPTQ-Int4,run01_exact_512_prompt,16,0.0,494,16.406,15.408,56.377
1,JunHowie/Qwen3-32B-GPTQ-Int4,run01_exact_512_prompt,32,75.0,96,16.406,1.705,10.956
1,JunHowie/Qwen3-32B-GPTQ-Int4,run01_exact_512_prompt,32,50.0,224,16.406,4.617,25.564
1,JunHowie/Qwen3-32B-GPTQ-Int4,run01_exact_512_prompt,32,25.0,352,16.406,8.645,40.172
1,JunHowie/Qwen3-32B-GPTQ-Int4,run01_exact_512_prompt,32,12.5,416,16.406,11.3,47.475
1,JunHowie/Qwen3-32B-GPTQ-Int4,run01_exact_512_prompt,32,6.25,448,16.406,12.85,51.127
1,JunHowie/Qwen3-32B-GPTQ-Int4,run01_exact_512_prompt,32,3.125,448,16.406,12.85,51.127
1,JunHowie/Qwen3-32B-GPTQ-Int4,run01_exact_512_prompt,32,1.0,448,16.406,12.85,51.127
1,JunHowie/Qwen3-32B-GPTQ-Int4,run01_exact_512_prompt,32,0.0,478,16.406,14.469,54.551
1,JunHowie/Qwen3-32B-GPTQ-Int4,run01_exact_512_prompt,64,75.0,64,16.406,1.098,7.304
1,JunHowie/Qwen3-32B-GPTQ-Int4,run01_exact_512_prompt,64,50.0,192,16.406,3.804,21.912
1,JunHowie/Qwen3-32B-GPTQ-Int4,run01_exact_512_prompt,64,25.0,320,16.406,7.5,36.52
1,JunHowie/Qwen3-32B-GPTQ-Int4,run01_exact_512_prompt,64,12.5,384,16.406,9.906,43.824
1,JunHowie/Qwen3-32B-GPTQ-Int4,run01_exact_512_prompt,64,6.25,384,16.406,9.906,43.824
1,JunHowie/Qwen3-32B-GPTQ-Int4,run01_exact_512_prompt,64,3.125,384,16.406,9.906,43.824
1,JunHowie/Qwen3-32B-GPTQ-Int4,run01_exact_512_prompt,64,1.0,384,16.406,9.906,43.824
1,JunHowie/Qwen3-32B-GPTQ-Int4,run01_exact_512_prompt,64,0.0,446,16.406,12.748,50.899
1,JunHowie/Qwen3-32B-GPTQ-Int4,run01_exact_512_prompt,128,50.0,128,16.406,2.354,14.608
1,JunHowie/Qwen3-32B-GPTQ-Int4,run01_exact_512_prompt,128,25.0,256,16.406,5.497,29.216
1,JunHowie/Qwen3-32B-GPTQ-Int4,run01_exact_512_prompt,128,12.5,256,16.406,5.497,29.216
1,JunHowie/Qwen3-32B-GPTQ-Int4,run01_exact_512_prompt,128,6.25,256,16.406,5.497,29.216
1,JunHowie/Qwen3-32B-GPTQ-Int4,run01_exact_512_prompt,128,3.125,256,16.406,5.497,29.216
1,JunHowie/Qwen3-32B-GPTQ-Int4,run01_exact_512_prompt,128,1.0,256,16.406,5.497,29.216
1,JunHowie/Qwen3-32B-GPTQ-Int4,run01_exact_512_prompt,128,0.0,382,16.406,9.823,43.595
1,JunHowie/Qwen3-32B-GPTQ-Int4,run01_cross_512_prompt,8,75.0,144,16.406,2.208,13.808
1,JunHowie/Qwen3-32B-GPTQ-Int4,run01_cross_512_prompt,8,50.0,296,16.406,5.29,28.382
1,JunHowie/Qwen3-32B-GPTQ-Int4,run01_cross_512_prompt,8,25.0,448,16.406,9.595,42.957
1,JunHowie/Qwen3-32B-GPTQ-Int4,run01_cross_512_prompt,8,12.5,520,16.406,12.293,49.861
1,JunHowie/Qwen3-32B-GPTQ-Int4,run01_cross_512_prompt,8,6.25,560,16.406,14.048,53.696
1,JunHowie/Qwen3-32B-GPTQ-Int4,run01_cross_512_prompt,8,3.125,576,16.406,14.812,55.231
1,JunHowie/Qwen3-32B-GPTQ-Int4,run01_cross_512_prompt,8,1.0,592,16.406,15.615,56.765
1,JunHowie/Qwen3-32B-GPTQ-Int4,run01_cross_512_prompt,8,0.0,599,16.406,15.979,57.436
1,JunHowie/Qwen3-32B-GPTQ-Int4,run01_cross_512_prompt,16,75.0,128,16.406,1.934,12.273
1,JunHowie/Qwen3-32B-GPTQ-Int4,run01_cross_512_prompt,16,50.0,288,16.406,5.103,27.615
1,JunHowie/Qwen3-32B-GPTQ-Int4,run01_cross_512_prompt,16,25.0,432,16.406,9.063,41.423
1,JunHowie/Qwen3-32B-GPTQ-Int4,run01_cross_512_prompt,16,12.5,512,16.406,11.966,49.094
1,JunHowie/Qwen3-32B-GPTQ-Int4,run01_cross_512_prompt,16,6.25,544,16.406,13.321,52.162
1,JunHowie/Qwen3-32B-GPTQ-Int4,run01_cross_512_prompt,16,3.125,560,16.406,14.048,53.696
1,JunHowie/Qwen3-32B-GPTQ-Int4,run01_cross_512_prompt,16,1.0,576,16.406,14.812,55.231
1,JunHowie/Qwen3-32B-GPTQ-Int4,run01_cross_512_prompt,16,0.0,591,16.406,15.564,56.669
1,JunHowie/Qwen3-32B-GPTQ-Int4,run01_cross_512_prompt,32,75.0,96,16.406,1.409,9.205
1,JunHowie/Qwen3-32B-GPTQ-Int4,run01_cross_512_prompt,32,50.0,256,16.406,4.384,24.547
1,JunHowie/Qwen3-32B-GPTQ-Int4,run01_cross_512_prompt,32,25.0,416,16.406,8.553,39.889
1,JunHowie/Qwen3-32B-GPTQ-Int4,run01_cross_512_prompt,32,12.5,480,16.406,10.729,46.026
1,JunHowie/Qwen3-32B-GPTQ-Int4,run01_cross_512_prompt,32,6.25,512,16.406,11.966,49.094
1,JunHowie/Qwen3-32B-GPTQ-Int4,run01_cross_512_prompt,32,3.125,544,16.406,13.321,52.162
1,JunHowie/Qwen3-32B-GPTQ-Int4,run01_cross_512_prompt,32,1.0,544,16.406,13.321,52.162
1,JunHowie/Qwen3-32B-GPTQ-Int4,run01_cross_512_prompt,32,0.0,575,16.406,14.763,55.135
1,JunHowie/Qwen3-32B-GPTQ-Int4,run01_cross_512_prompt,64,75.0,64,16.406,0.913,6.137
1,JunHowie/Qwen3-32B-GPTQ-Int4,run01_cross_512_prompt,64,50.0,256,16.406,4.384,24.547
1,JunHowie/Qwen3-32B-GPTQ-Int4,run01_cross_512_prompt,64,25.0,384,16.406,7.59,36.82
1,JunHowie/Qwen3-32B-GPTQ-Int4,run01_cross_512_prompt,64,12.5,448,16.406,9.595,42.957
1,JunHowie/Qwen3-32B-GPTQ-Int4,run01_cross_512_prompt,64,6.25,512,16.406,11.966,49.094
1,JunHowie/Qwen3-32B-GPTQ-Int4,run01_cross_512_prompt,64,3.125,512,16.406,11.966,49.094
1,JunHowie/Qwen3-32B-GPTQ-Int4,run01_cross_512_prompt,64,1.0,512,16.406,11.966,49.094
1,JunHowie/Qwen3-32B-GPTQ-Int4,run01_cross_512_prompt,64,0.0,543,16.406,13.277,52.066
1,JunHowie/Qwen3-32B-GPTQ-Int4,run01_cross_512_prompt,128,50.0,128,16.406,1.934,12.273
1,JunHowie/Qwen3-32B-GPTQ-Int4,run01_cross_512_prompt,128,25.0,256,16.406,4.384,24.547
1,JunHowie/Qwen3-32B-GPTQ-Int4,run01_cross_512_prompt,128,12.5,384,16.406,7.59,36.82
1,JunHowie/Qwen3-32B-GPTQ-Int4,run01_cross_512_prompt,128,6.25,384,16.406,7.59,36.82
1,JunHowie/Qwen3-32B-GPTQ-Int4,run01_cross_512_prompt,128,3.125,384,16.406,7.59,36.82
1,JunHowie/Qwen3-32B-GPTQ-Int4,run01_cross_512_prompt,128,1.0,384,16.406,7.59,36.82
1,JunHowie/Qwen3-32B-GPTQ-Int4,run01_cross_512_prompt,128,0.0,479,16.406,10.692,45.93
1,JunHowie/Qwen3-32B-GPTQ-Int4,run01_long_anchor_tail,8,75.0,456,16.406,2.271,14.155
1,JunHowie/Qwen3-32B-GPTQ-Int4,run01_long_anchor_tail,8,50.0,928,16.406,5.395,28.807
1,JunHowie/Qwen3-32B-GPTQ-Int4,run01_long_anchor_tail,8,25.0,1400,16.406,9.774,43.458
1,JunHowie/Qwen3-32B-GPTQ-Int4,run01_long_anchor_tail,8,12.5,1632,16.406,12.642,50.66
1,JunHowie/Qwen3-32B-GPTQ-Int4,run01_long_anchor_tail,8,6.25,1752,16.406,14.386,54.385
1,JunHowie/Qwen3-32B-GPTQ-Int4,run01_long_anchor_tail,8,3.125,1808,16.406,15.274,56.123
1,JunHowie/Qwen3-32B-GPTQ-Int4,run01_long_anchor_tail,8,1.0,1848,16.406,15.94,57.365
1,JunHowie/Qwen3-32B-GPTQ-Int4,run01_long_anchor_tail,8,0.0,1867,16.406,16.267,57.955
1,JunHowie/Qwen3-32B-GPTQ-Int4,run01_long_anchor_tail,16,75.0,448,16.406,2.226,13.907
1,JunHowie/Qwen3-32B-GPTQ-Int4,run01_long_anchor_tail,16,50.0,928,16.406,5.395,28.807
1,JunHowie/Qwen3-32B-GPTQ-Int4,run01_long_anchor_tail,16,25.0,1392,16.406,9.685,43.21
1,JunHowie/Qwen3-32B-GPTQ-Int4,run01_long_anchor_tail,16,12.5,1632,16.406,12.642,50.66
