layer_start,layer_end,page_start,page_end,semantic_class,pin,k_precision_name,v_precision_name,residency_tier,promotion_priority,demotion_priority,recompute_priority,authority,case,budget_pct,kv_layout,range_ordinal,used_pages,prompt_pages,recent_start_page,plan_validation_ok,shadowed_layer_page_matches
0,47,0,0,prompt_anchor,1,raw,raw,pinned,100,0,0,hard,early_anchor_long_tail,75.0,tmh_fidelity_paged_kv,0,166,154,41,True,0
0,47,41,165,recent_tail,0,raw,raw,hot,100,0,0,hard,early_anchor_long_tail,75.0,tmh_fidelity_paged_kv,1,166,154,41,True,0
0,31,1,40,prefill_payload,0,int8,int4,warm,25,75,50,hard,early_anchor_long_tail,75.0,tmh_fidelity_paged_kv,2,166,154,41,True,0
32,47,1,40,late_layer_payload,0,int8,int8,warm,35,65,50,hard,early_anchor_long_tail,75.0,tmh_fidelity_paged_kv,3,166,154,41,True,0
0,47,0,0,prompt_anchor,1,raw,raw,pinned,100,0,0,hard,middle_anchor_detour,75.0,tmh_fidelity_paged_kv,0,136,120,34,True,0
0,47,34,135,recent_tail,0,raw,raw,hot,100,0,0,hard,middle_anchor_detour,75.0,tmh_fidelity_paged_kv,1,136,120,34,True,0
0,31,1,33,prefill_payload,0,int8,int4,warm,25,75,50,hard,middle_anchor_detour,75.0,tmh_fidelity_paged_kv,2,136,120,34,True,0
32,47,1,33,late_layer_payload,0,int8,int8,warm,35,65,50,hard,middle_anchor_detour,75.0,tmh_fidelity_paged_kv,3,136,120,34,True,0
0,47,0,0,prompt_anchor,1,raw,raw,pinned,100,0,0,hard,late_anchor_control,75.0,tmh_fidelity_paged_kv,0,90,78,22,True,0
0,47,22,89,recent_tail,0,raw,raw,hot,100,0,0,hard,late_anchor_control,75.0,tmh_fidelity_paged_kv,1,90,78,22,True,0
0,31,1,21,prefill_payload,0,int8,int4,warm,25,75,50,hard,late_anchor_control,75.0,tmh_fidelity_paged_kv,2,90,78,22,True,0
32,47,1,21,late_layer_payload,0,int8,int8,warm,35,65,50,hard,late_anchor_control,75.0,tmh_fidelity_paged_kv,3,90,78,22,True,0
0,47,0,0,prompt_anchor,1,raw,raw,pinned,100,0,0,hard,decoy_collision,75.0,tmh_fidelity_paged_kv,0,101,85,25,True,0
0,47,25,100,recent_tail,0,raw,raw,hot,100,0,0,hard,decoy_collision,75.0,tmh_fidelity_paged_kv,1,101,85,25,True,0
0,31,1,24,prefill_payload,0,int8,int4,warm,25,75,50,hard,decoy_collision,75.0,tmh_fidelity_paged_kv,2,101,85,25,True,0
32,47,1,24,late_layer_payload,0,int8,int8,warm,35,65,50,hard,decoy_collision,75.0,tmh_fidelity_paged_kv,3,101,85,25,True,0
0,47,0,0,prompt_anchor,1,raw,raw,pinned,100,0,0,hard,routing_table,75.0,tmh_fidelity_paged_kv,0,99,83,24,True,0
0,47,24,98,recent_tail,0,raw,raw,hot,100,0,0,hard,routing_table,75.0,tmh_fidelity_paged_kv,1,99,83,24,True,0
0,31,1,23,prefill_payload,0,int8,int4,warm,25,75,50,hard,routing_table,75.0,tmh_fidelity_paged_kv,2,99,83,24,True,0
32,47,1,23,late_layer_payload,0,int8,int8,warm,35,65,50,hard,routing_table,75.0,tmh_fidelity_paged_kv,3,99,83,24,True,0
0,47,0,0,prompt_anchor,1,raw,raw,pinned,100,0,0,hard,structured_records,75.0,tmh_fidelity_paged_kv,0,104,84,26,True,0
0,47,26,103,recent_tail,0,raw,raw,hot,100,0,0,hard,structured_records,75.0,tmh_fidelity_paged_kv,1,104,84,26,True,0
0,31,1,25,prefill_payload,0,int8,int4,warm,25,75,50,hard,structured_records,75.0,tmh_fidelity_paged_kv,2,104,84,26,True,0
32,47,1,25,late_layer_payload,0,int8,int8,warm,35,65,50,hard,structured_records,75.0,tmh_fidelity_paged_kv,3,104,84,26,True,0
0,47,0,0,prompt_anchor,1,raw,raw,pinned,100,0,0,hard,instruction_persistence,75.0,tmh_fidelity_paged_kv,0,172,156,43,True,0
0,47,43,171,recent_tail,0,raw,raw,hot,100,0,0,hard,instruction_persistence,75.0,tmh_fidelity_paged_kv,1,172,156,43,True,0
0,31,1,42,prefill_payload,0,int8,int4,warm,25,75,50,hard,instruction_persistence,75.0,tmh_fidelity_paged_kv,2,172,156,43,True,0
32,47,1,42,late_layer_payload,0,int8,int8,warm,35,65,50,hard,instruction_persistence,75.0,tmh_fidelity_paged_kv,3,172,156,43,True,0
0,47,0,0,prompt_anchor,1,raw,raw,pinned,100,0,0,hard,multi_hop_bridge,75.0,tmh_fidelity_paged_kv,0,100,80,25,True,0
0,47,25,99,recent_tail,0,raw,raw,hot,100,0,0,hard,multi_hop_bridge,75.0,tmh_fidelity_paged_kv,1,100,80,25,True,0
0,31,1,24,prefill_payload,0,int8,int4,warm,25,75,50,hard,multi_hop_bridge,75.0,tmh_fidelity_paged_kv,2,100,80,25,True,0
32,47,1,24,late_layer_payload,0,int8,int8,warm,35,65,50,hard,multi_hop_bridge,75.0,tmh_fidelity_paged_kv,3,100,80,25,True,0
0,47,0,0,prompt_anchor,1,raw,raw,pinned,100,0,0,hard,payload_dense,75.0,tmh_fidelity_paged_kv,0,178,154,44,True,0
0,47,44,177,recent_tail,0,raw,raw,hot,100,0,0,hard,payload_dense,75.0,tmh_fidelity_paged_kv,1,178,154,44,True,0
0,31,1,43,prefill_payload,0,int8,int4,warm,25,75,50,hard,payload_dense,75.0,tmh_fidelity_paged_kv,2,178,154,44,True,0
32,47,1,43,late_layer_payload,0,int8,int8,warm,35,65,50,hard,payload_dense,75.0,tmh_fidelity_paged_kv,3,178,154,44,True,0
0,47,0,0,prompt_anchor,1,raw,raw,pinned,100,0,0,hard,long_generation_systems,75.0,tmh_fidelity_paged_kv,0,93,45,23,True,0
0,47,23,92,recent_tail,0,raw,raw,hot,100,0,0,hard,long_generation_systems,75.0,tmh_fidelity_paged_kv,1,93,45,23,True,0
0,31,1,22,prefill_payload,0,int8,int4,warm,25,75,50,hard,long_generation_systems,75.0,tmh_fidelity_paged_kv,2,93,45,23,True,0
32,47,1,22,late_layer_payload,0,int8,int8,warm,35,65,50,hard,long_generation_systems,75.0,tmh_fidelity_paged_kv,3,93,45,23,True,0
0,47,0,0,prompt_anchor,1,raw,raw,pinned,100,0,0,hard,early_anchor_long_tail,50.0,tmh_fidelity_paged_kv,0,166,154,83,True,0
0,47,83,165,recent_tail,0,raw,raw,hot,100,0,0,hard,early_anchor_long_tail,50.0,tmh_fidelity_paged_kv,1,166,154,83,True,0
0,31,1,82,prefill_payload,0,int8,int4,warm,25,75,50,hard,early_anchor_long_tail,50.0,tmh_fidelity_paged_kv,2,166,154,83,True,0
32,47,1,82,late_layer_payload,0,int8,int8,warm,35,65,50,hard,early_anchor_long_tail,50.0,tmh_fidelity_paged_kv,3,166,154,83,True,0
0,47,0,0,prompt_anchor,1,raw,raw,pinned,100,0,0,hard,middle_anchor_detour,50.0,tmh_fidelity_paged_kv,0,136,120,68,True,0
0,47,68,135,recent_tail,0,raw,raw,hot,100,0,0,hard,middle_anchor_detour,50.0,tmh_fidelity_paged_kv,1,136,120,68,True,0
0,31,1,67,prefill_payload,0,int8,int4,warm,25,75,50,hard,middle_anchor_detour,50.0,tmh_fidelity_paged_kv,2,136,120,68,True,0
32,47,1,67,late_layer_payload,0,int8,int8,warm,35,65,50,hard,middle_anchor_detour,50.0,tmh_fidelity_paged_kv,3,136,120,68,True,0
0,47,0,0,prompt_anchor,1,raw,raw,pinned,100,0,0,hard,late_anchor_control,50.0,tmh_fidelity_paged_kv,0,90,78,45,True,0
0,47,45,89,recent_tail,0,raw,raw,hot,100,0,0,hard,late_anchor_control,50.0,tmh_fidelity_paged_kv,1,90,78,45,True,0
0,31,1,44,prefill_payload,0,int8,int4,warm,25,75,50,hard,late_anchor_control,50.0,tmh_fidelity_paged_kv,2,90,78,45,True,0
32,47,1,44,late_layer_payload,0,int8,int8,warm,35,65,50,hard,late_anchor_control,50.0,tmh_fidelity_paged_kv,3,90,78,45,True,0
0,47,0,0,prompt_anchor,1,raw,raw,pinned,100,0,0,hard,decoy_collision,50.0,tmh_fidelity_paged_kv,0,101,85,50,True,0
0,47,50,100,recent_tail,0,raw,raw,hot,100,0,0,hard,decoy_collision,50.0,tmh_fidelity_paged_kv,1,101,85,50,True,0
0,31,1,49,prefill_payload,0,int8,int4,warm,25,75,50,hard,decoy_collision,50.0,tmh_fidelity_paged_kv,2,101,85,50,True,0
32,47,1,49,late_layer_payload,0,int8,int8,warm,35,65,50,hard,decoy_collision,50.0,tmh_fidelity_paged_kv,3,101,85,50,True,0
0,47,0,0,prompt_anchor,1,raw,raw,pinned,100,0,0,hard,routing_table,50.0,tmh_fidelity_paged_kv,0,99,83,49,True,0
0,47,49,98,recent_tail,0,raw,raw,hot,100,0,0,hard,routing_table,50.0,tmh_fidelity_paged_kv,1,99,83,49,True,0
0,31,1,48,prefill_payload,0,int8,int4,warm,25,75,50,hard,routing_table,50.0,tmh_fidelity_paged_kv,2,99,83,49,True,0
32,47,1,48,late_layer_payload,0,int8,int8,warm,35,65,50,hard,routing_table,50.0,tmh_fidelity_paged_kv,3,99,83,49,True,0
0,47,0,0,prompt_anchor,1,raw,raw,pinned,100,0,0,hard,structured_records,50.0,tmh_fidelity_paged_kv,0,104,84,52,True,0
0,47,52,103,recent_tail,0,raw,raw,hot,100,0,0,hard,structured_records,50.0,tmh_fidelity_paged_kv,1,104,84,52,True,0
0,31,1,51,prefill_payload,0,int8,int4,warm,25,75,50,hard,structured_records,50.0,tmh_fidelity_paged_kv,2,104,84,52,True,0
32,47,1,51,late_layer_payload,0,int8,int8,warm,35,65,50,hard,structured_records,50.0,tmh_fidelity_paged_kv,3,104,84,52,True,0
0,47,0,0,prompt_anchor,1,raw,raw,pinned,100,0,0,hard,instruction_persistence,50.0,tmh_fidelity_paged_kv,0,172,156,86,True,0
0,47,86,171,recent_tail,0,raw,raw,hot,100,0,0,hard,instruction_persistence,50.0,tmh_fidelity_paged_kv,1,172,156,86,True,0
0,31,1,85,prefill_payload,0,int8,int4,warm,25,75,50,hard,instruction_persistence,50.0,tmh_fidelity_paged_kv,2,172,156,86,True,0
32,47,1,85,late_layer_payload,0,int8,int8,warm,35,65,50,hard,instruction_persistence,50.0,tmh_fidelity_paged_kv,3,172,156,86,True,0
0,47,0,0,prompt_anchor,1,raw,raw,pinned,100,0,0,hard,multi_hop_bridge,50.0,tmh_fidelity_paged_kv,0,100,80,50,True,0
0,47,50,99,recent_tail,0,raw,raw,hot,100,0,0,hard,multi_hop_bridge,50.0,tmh_fidelity_paged_kv,1,100,80,50,True,0
0,31,1,49,prefill_payload,0,int8,int4,warm,25,75,50,hard,multi_hop_bridge,50.0,tmh_fidelity_paged_kv,2,100,80,50,True,0
32,47,1,49,late_layer_payload,0,int8,int8,warm,35,65,50,hard,multi_hop_bridge,50.0,tmh_fidelity_paged_kv,3,100,80,50,True,0
0,47,0,0,prompt_anchor,1,raw,raw,pinned,100,0,0,hard,payload_dense,50.0,tmh_fidelity_paged_kv,0,178,154,89,True,0
0,47,89,177,recent_tail,0,raw,raw,hot,100,0,0,hard,payload_dense,50.0,tmh_fidelity_paged_kv,1,178,154,89,True,0
0,31,1,88,prefill_payload,0,int8,int4,warm,25,75,50,hard,payload_dense,50.0,tmh_fidelity_paged_kv,2,178,154,89,True,0
32,47,1,88,late_layer_payload,0,int8,int8,warm,35,65,50,hard,payload_dense,50.0,tmh_fidelity_paged_kv,3,178,154,89,True,0
0,47,0,0,prompt_anchor,1,raw,raw,pinned,100,0,0,hard,long_generation_systems,50.0,tmh_fidelity_paged_kv,0,93,45,46,True,0
0,47,46,92,recent_tail,0,raw,raw,hot,100,0,0,hard,long_generation_systems,50.0,tmh_fidelity_paged_kv,1,93,45,46,True,0
0,31,1,45,prefill_payload,0,int8,int4,warm,25,75,50,hard,long_generation_systems,50.0,tmh_fidelity_paged_kv,2,93,45,46,True,0
32,47,1,45,late_layer_payload,0,int8,int8,warm,35,65,50,hard,long_generation_systems,50.0,tmh_fidelity_paged_kv,3,93,45,46,True,0
0,47,0,0,prompt_anchor,1,raw,raw,pinned,100,0,0,hard,early_anchor_long_tail,25.0,tmh_fidelity_paged_kv,0,166,154,124,True,0
0,47,124,165,recent_tail,0,raw,raw,hot,100,0,0,hard,early_anchor_long_tail,25.0,tmh_fidelity_paged_kv,1,166,154,124,True,0
0,31,1,123,prefill_payload,0,int8,int4,warm,25,75,50,hard,early_anchor_long_tail,25.0,tmh_fidelity_paged_kv,2,166,154,124,True,0
32,47,1,123,late_layer_payload,0,int8,int8,warm,35,65,50,hard,early_anchor_long_tail,25.0,tmh_fidelity_paged_kv,3,166,154,124,True,0
0,47,0,0,prompt_anchor,1,raw,raw,pinned,100,0,0,hard,middle_anchor_detour,25.0,tmh_fidelity_paged_kv,0,136,120,102,True,0
0,47,102,135,recent_tail,0,raw,raw,hot,100,0,0,hard,middle_anchor_detour,25.0,tmh_fidelity_paged_kv,1,136,120,102,True,0
0,31,1,101,prefill_payload,0,int8,int4,warm,25,75,50,hard,middle_anchor_detour,25.0,tmh_fidelity_paged_kv,2,136,120,102,True,0
32,47,1,101,late_layer_payload,0,int8,int8,warm,35,65,50,hard,middle_anchor_detour,25.0,tmh_fidelity_paged_kv,3,136,120,102,True,0
0,47,0,0,prompt_anchor,1,raw,raw,pinned,100,0,0,hard,late_anchor_control,25.0,tmh_fidelity_paged_kv,0,90,78,67,True,0
0,47,67,89,recent_tail,0,raw,raw,hot,100,0,0,hard,late_anchor_control,25.0,tmh_fidelity_paged_kv,1,90,78,67,True,0
0,31,1,66,prefill_payload,0,int8,int4,warm,25,75,50,hard,late_anchor_control,25.0,tmh_fidelity_paged_kv,2,90,78,67,True,0
32,47,1,66,late_layer_payload,0,int8,int8,warm,35,65,50,hard,late_anchor_control,25.0,tmh_fidelity_paged_kv,3,90,78,67,True,0
0,47,0,0,prompt_anchor,1,raw,raw,pinned,100,0,0,hard,decoy_collision,25.0,tmh_fidelity_paged_kv,0,101,85,75,True,0
0,47,75,100,recent_tail,0,raw,raw,hot,100,0,0,hard,decoy_collision,25.0,tmh_fidelity_paged_kv,1,101,85,75,True,0
0,31,1,74,prefill_payload,0,int8,int4,warm,25,75,50,hard,decoy_collision,25.0,tmh_fidelity_paged_kv,2,101,85,75,True,0
32,47,1,74,late_layer_payload,0,int8,int8,warm,35,65,50,hard,decoy_collision,25.0,tmh_fidelity_paged_kv,3,101,85,75,True,0
0,47,0,0,prompt_anchor,1,raw,raw,pinned,100,0,0,hard,routing_table,25.0,tmh_fidelity_paged_kv,0,99,83,74,True,0
0,47,74,98,recent_tail,0,raw,raw,hot,100,0,0,hard,routing_table,25.0,tmh_fidelity_paged_kv,1,99,83,74,True,0
0,31,1,73,prefill_payload,0,int8,int4,warm,25,75,50,hard,routing_table,25.0,tmh_fidelity_paged_kv,2,99,83,74,True,0
32,47,1,73,late_layer_payload,0,int8,int8,warm,35,65,50,hard,routing_table,25.0,tmh_fidelity_paged_kv,3,99,83,74,True,0
0,47,0,0,prompt_anchor,1,raw,raw,pinned,100,0,0,hard,structured_records,25.0,tmh_fidelity_paged_kv,0,104,84,78,True,0
0,47,78,103,recent_tail,0,raw,raw,hot,100,0,0,hard,structured_records,25.0,tmh_fidelity_paged_kv,1,104,84,78,True,0
0,31,1,77,prefill_payload,0,int8,int4,warm,25,75,50,hard,structured_records,25.0,tmh_fidelity_paged_kv,2,104,84,78,True,0
32,47,1,77,late_layer_payload,0,int8,int8,warm,35,65,50,hard,structured_records,25.0,tmh_fidelity_paged_kv,3,104,84,78,True,0
0,47,0,0,prompt_anchor,1,raw,raw,pinned,100,0,0,hard,instruction_persistence,25.0,tmh_fidelity_paged_kv,0,172,156,129,True,0
0,47,129,171,recent_tail,0,raw,raw,hot,100,0,0,hard,instruction_persistence,25.0,tmh_fidelity_paged_kv,1,172,156,129,True,0
0,31,1,128,prefill_payload,0,int8,int4,warm,25,75,50,hard,instruction_persistence,25.0,tmh_fidelity_paged_kv,2,172,156,129,True,0
32,47,1,128,late_layer_payload,0,int8,int8,warm,35,65,50,hard,instruction_persistence,25.0,tmh_fidelity_paged_kv,3,172,156,129,True,0
0,47,0,0,prompt_anchor,1,raw,raw,pinned,100,0,0,hard,multi_hop_bridge,25.0,tmh_fidelity_paged_kv,0,100,80,75,True,0
0,47,75,99,recent_tail,0,raw,raw,hot,100,0,0,hard,multi_hop_bridge,25.0,tmh_fidelity_paged_kv,1,100,80,75,True,0
0,31,1,74,prefill_payload,0,int8,int4,warm,25,75,50,hard,multi_hop_bridge,25.0,tmh_fidelity_paged_kv,2,100,80,75,True,0
32,47,1,74,late_layer_payload,0,int8,int8,warm,35,65,50,hard,multi_hop_bridge,25.0,tmh_fidelity_paged_kv,3,100,80,75,True,0
0,47,0,0,prompt_anchor,1,raw,raw,pinned,100,0,0,hard,payload_dense,25.0,tmh_fidelity_paged_kv,0,178,154,133,True,0
0,47,133,177,recent_tail,0,raw,raw,hot,100,0,0,hard,payload_dense,25.0,tmh_fidelity_paged_kv,1,178,154,133,True,0
0,31,1,132,prefill_payload,0,int8,int4,warm,25,75,50,hard,payload_dense,25.0,tmh_fidelity_paged_kv,2,178,154,133,True,0
32,47,1,132,late_layer_payload,0,int8,int8,warm,35,65,50,hard,payload_dense,25.0,tmh_fidelity_paged_kv,3,178,154,133,True,0
0,47,0,0,prompt_anchor,1,raw,raw,pinned,100,0,0,hard,long_generation_systems,25.0,tmh_fidelity_paged_kv,0,93,45,69,True,0
0,47,69,92,recent_tail,0,raw,raw,hot,100,0,0,hard,long_generation_systems,25.0,tmh_fidelity_paged_kv,1,93,45,69,True,0
0,31,1,68,prefill_payload,0,int8,int4,warm,25,75,50,hard,long_generation_systems,25.0,tmh_fidelity_paged_kv,2,93,45,69,True,0
32,47,1,68,late_layer_payload,0,int8,int8,warm,35,65,50,hard,long_generation_systems,25.0,tmh_fidelity_paged_kv,3,93,45,69,True,0
0,47,0,0,prompt_anchor,1,raw,raw,pinned,100,0,0,hard,early_anchor_long_tail,12.5,tmh_fidelity_paged_kv,0,166,154,145,True,0
0,47,145,165,recent_tail,0,raw,raw,hot,100,0,0,hard,early_anchor_long_tail,12.5,tmh_fidelity_paged_kv,1,166,154,145,True,0
0,31,1,144,prefill_payload,0,int8,int4,warm,25,75,50,hard,early_anchor_long_tail,12.5,tmh_fidelity_paged_kv,2,166,154,145,True,0
32,47,1,144,late_layer_payload,0,int8,int8,warm,35,65,50,hard,early_anchor_long_tail,12.5,tmh_fidelity_paged_kv,3,166,154,145,True,0
0,47,0,0,prompt_anchor,1,raw,raw,pinned,100,0,0,hard,middle_anchor_detour,12.5,tmh_fidelity_paged_kv,0,136,120,119,True,0
0,47,119,135,recent_tail,0,raw,raw,hot,100,0,0,hard,middle_anchor_detour,12.5,tmh_fidelity_paged_kv,1,136,120,119,True,0
0,31,1,118,prefill_payload,0,int8,int4,warm,25,75,50,hard,middle_anchor_detour,12.5,tmh_fidelity_paged_kv,2,136,120,119,True,0
32,47,1,118,late_layer_payload,0,int8,int8,warm,35,65,50,hard,middle_anchor_detour,12.5,tmh_fidelity_paged_kv,3,136,120,119,True,0
0,47,0,0,prompt_anchor,1,raw,raw,pinned,100,0,0,hard,late_anchor_control,12.5,tmh_fidelity_paged_kv,0,90,78,78,True,0
0,47,78,89,recent_tail,0,raw,raw,hot,100,0,0,hard,late_anchor_control,12.5,tmh_fidelity_paged_kv,1,90,78,78,True,0
0,31,1,77,prefill_payload,0,int8,int4,warm,25,75,50,hard,late_anchor_control,12.5,tmh_fidelity_paged_kv,2,90,78,78,True,0
32,47,1,77,late_layer_payload,0,int8,int8,warm,35,65,50,hard,late_anchor_control,12.5,tmh_fidelity_paged_kv,3,90,78,78,True,0
0,47,0,0,prompt_anchor,1,raw,raw,pinned,100,0,0,hard,decoy_collision,12.5,tmh_fidelity_paged_kv,0,101,85,88,True,0
0,47,88,100,recent_tail,0,raw,raw,hot,100,0,0,hard,decoy_collision,12.5,tmh_fidelity_paged_kv,1,101,85,88,True,0
0,31,1,87,prefill_payload,0,int8,int4,warm,25,75,50,hard,decoy_collision,12.5,tmh_fidelity_paged_kv,2,101,85,88,True,0
32,47,1,87,late_layer_payload,0,int8,int8,warm,35,65,50,hard,decoy_collision,12.5,tmh_fidelity_paged_kv,3,101,85,88,True,0
0,47,0,0,prompt_anchor,1,raw,raw,pinned,100,0,0,hard,routing_table,12.5,tmh_fidelity_paged_kv,0,99,83,86,True,0
0,47,86,98,recent_tail,0,raw,raw,hot,100,0,0,hard,routing_table,12.5,tmh_fidelity_paged_kv,1,99,83,86,True,0
0,31,1,85,prefill_payload,0,int8,int4,warm,25,75,50,hard,routing_table,12.5,tmh_fidelity_paged_kv,2,99,83,86,True,0
32,47,1,85,late_layer_payload,0,int8,int8,warm,35,65,50,hard,routing_table,12.5,tmh_fidelity_paged_kv,3,99,83,86,True,0
0,47,0,0,prompt_anchor,1,raw,raw,pinned,100,0,0,hard,structured_records,12.5,tmh_fidelity_paged_kv,0,104,84,91,True,0
0,47,91,103,recent_tail,0,raw,raw,hot,100,0,0,hard,structured_records,12.5,tmh_fidelity_paged_kv,1,104,84,91,True,0
0,31,1,90,prefill_payload,0,int8,int4,warm,25,75,50,hard,structured_records,12.5,tmh_fidelity_paged_kv,2,104,84,91,True,0
32,47,1,90,late_layer_payload,0,int8,int8,warm,35,65,50,hard,structured_records,12.5,tmh_fidelity_paged_kv,3,104,84,91,True,0
0,47,0,0,prompt_anchor,1,raw,raw,pinned,100,0,0,hard,instruction_persistence,12.5,tmh_fidelity_paged_kv,0,172,156,150,True,0
0,47,150,171,recent_tail,0,raw,raw,hot,100,0,0,hard,instruction_persistence,12.5,tmh_fidelity_paged_kv,1,172,156,150,True,0
0,31,1,149,prefill_payload,0,int8,int4,warm,25,75,50,hard,instruction_persistence,12.5,tmh_fidelity_paged_kv,2,172,156,150,True,0
32,47,1,149,late_layer_payload,0,int8,int8,warm,35,65,50,hard,instruction_persistence,12.5,tmh_fidelity_paged_kv,3,172,156,150,True,0
0,47,0,0,prompt_anchor,1,raw,raw,pinned,100,0,0,hard,multi_hop_bridge,12.5,tmh_fidelity_paged_kv,0,100,80,87,True,0
0,47,87,99,recent_tail,0,raw,raw,hot,100,0,0,hard,multi_hop_bridge,12.5,tmh_fidelity_paged_kv,1,100,80,87,True,0
0,31,1,86,prefill_payload,0,int8,int4,warm,25,75,50,hard,multi_hop_bridge,12.5,tmh_fidelity_paged_kv,2,100,80,87,True,0
32,47,1,86,late_layer_payload,0,int8,int8,warm,35,65,50,hard,multi_hop_bridge,12.5,tmh_fidelity_paged_kv,3,100,80,87,True,0
0,47,0,0,prompt_anchor,1,raw,raw,pinned,100,0,0,hard,payload_dense,12.5,tmh_fidelity_paged_kv,0,178,154,155,True,0
0,47,155,177,recent_tail,0,raw,raw,hot,100,0,0,hard,payload_dense,12.5,tmh_fidelity_paged_kv,1,178,154,155,True,0
0,31,1,154,prefill_payload,0,int8,int4,warm,25,75,50,hard,payload_dense,12.5,tmh_fidelity_paged_kv,2,178,154,155,True,0
32,47,1,154,late_layer_payload,0,int8,int8,warm,35,65,50,hard,payload_dense,12.5,tmh_fidelity_paged_kv,3,178,154,155,True,0
0,47,0,0,prompt_anchor,1,raw,raw,pinned,100,0,0,hard,long_generation_systems,12.5,tmh_fidelity_paged_kv,0,93,45,81,True,0
0,47,81,92,recent_tail,0,raw,raw,hot,100,0,0,hard,long_generation_systems,12.5,tmh_fidelity_paged_kv,1,93,45,81,True,0
0,31,1,80,prefill_payload,0,int8,int4,warm,25,75,50,hard,long_generation_systems,12.5,tmh_fidelity_paged_kv,2,93,45,81,True,0
32,47,1,80,late_layer_payload,0,int8,int8,warm,35,65,50,hard,long_generation_systems,12.5,tmh_fidelity_paged_kv,3,93,45,81,True,0
0,47,0,0,prompt_anchor,1,raw,raw,pinned,100,0,0,hard,early_anchor_long_tail,6.25,tmh_fidelity_paged_kv,0,166,154,155,True,0
0,47,155,165,recent_tail,0,raw,raw,hot,100,0,0,hard,early_anchor_long_tail,6.25,tmh_fidelity_paged_kv,1,166,154,155,True,0
0,31,1,154,prefill_payload,0,int8,int4,warm,25,75,50,hard,early_anchor_long_tail,6.25,tmh_fidelity_paged_kv,2,166,154,155,True,0
32,47,1,154,late_layer_payload,0,int8,int8,warm,35,65,50,hard,early_anchor_long_tail,6.25,tmh_fidelity_paged_kv,3,166,154,155,True,0
0,47,0,0,prompt_anchor,1,raw,raw,pinned,100,0,0,hard,middle_anchor_detour,6.25,tmh_fidelity_paged_kv,0,136,120,127,True,0
0,47,127,135,recent_tail,0,raw,raw,hot,100,0,0,hard,middle_anchor_detour,6.25,tmh_fidelity_paged_kv,1,136,120,127,True,0
0,31,1,126,prefill_payload,0,int8,int4,warm,25,75,50,hard,middle_anchor_detour,6.25,tmh_fidelity_paged_kv,2,136,120,127,True,0
32,47,1,126,late_layer_payload,0,int8,int8,warm,35,65,50,hard,middle_anchor_detour,6.25,tmh_fidelity_paged_kv,3,136,120,127,True,0
0,47,0,0,prompt_anchor,1,raw,raw,pinned,100,0,0,hard,late_anchor_control,6.25,tmh_fidelity_paged_kv,0,90,78,84,True,0
0,47,84,89,recent_tail,0,raw,raw,hot,100,0,0,hard,late_anchor_control,6.25,tmh_fidelity_paged_kv,1,90,78,84,True,0
0,31,1,83,prefill_payload,0,int8,int4,warm,25,75,50,hard,late_anchor_control,6.25,tmh_fidelity_paged_kv,2,90,78,84,True,0
32,47,1,83,late_layer_payload,0,int8,int8,warm,35,65,50,hard,late_anchor_control,6.25,tmh_fidelity_paged_kv,3,90,78,84,True,0
0,47,0,0,prompt_anchor,1,raw,raw,pinned,100,0,0,hard,decoy_collision,6.25,tmh_fidelity_paged_kv,0,101,85,94,True,0
0,47,94,100,recent_tail,0,raw,raw,hot,100,0,0,hard,decoy_collision,6.25,tmh_fidelity_paged_kv,1,101,85,94,True,0
0,31,1,93,prefill_payload,0,int8,int4,warm,25,75,50,hard,decoy_collision,6.25,tmh_fidelity_paged_kv,2,101,85,94,True,0
32,47,1,93,late_layer_payload,0,int8,int8,warm,35,65,50,hard,decoy_collision,6.25,tmh_fidelity_paged_kv,3,101,85,94,True,0
0,47,0,0,prompt_anchor,1,raw,raw,pinned,100,0,0,hard,routing_table,6.25,tmh_fidelity_paged_kv,0,99,83,92,True,0
0,47,92,98,recent_tail,0,raw,raw,hot,100,0,0,hard,routing_table,6.25,tmh_fidelity_paged_kv,1,99,83,92,True,0
0,31,1,91,prefill_payload,0,int8,int4,warm,25,75,50,hard,routing_table,6.25,tmh_fidelity_paged_kv,2,99,83,92,True,0
32,47,1,91,late_layer_payload,0,int8,int8,warm,35,65,50,hard,routing_table,6.25,tmh_fidelity_paged_kv,3,99,83,92,True,0
0,47,0,0,prompt_anchor,1,raw,raw,pinned,100,0,0,hard,structured_records,6.25,tmh_fidelity_paged_kv,0,104,84,97,True,0
0,47,97,103,recent_tail,0,raw,raw,hot,100,0,0,hard,structured_records,6.25,tmh_fidelity_paged_kv,1,104,84,97,True,0
0,31,1,96,prefill_payload,0,int8,int4,warm,25,75,50,hard,structured_records,6.25,tmh_fidelity_paged_kv,2,104,84,97,True,0
32,47,1,96,late_layer_payload,0,int8,int8,warm,35,65,50,hard,structured_records,6.25,tmh_fidelity_paged_kv,3,104,84,97,True,0
0,47,0,0,prompt_anchor,1,raw,raw,pinned,100,0,0,hard,instruction_persistence,6.25,tmh_fidelity_paged_kv,0,172,156,161,True,0
0,47,161,171,recent_tail,0,raw,raw,hot,100,0,0,hard,instruction_persistence,6.25,tmh_fidelity_paged_kv,1,172,156,161,True,0
0,31,1,160,prefill_payload,0,int8,int4,warm,25,75,50,hard,instruction_persistence,6.25,tmh_fidelity_paged_kv,2,172,156,161,True,0
32,47,1,160,late_layer_payload,0,int8,int8,warm,35,65,50,hard,instruction_persistence,6.25,tmh_fidelity_paged_kv,3,172,156,161,True,0
0,47,0,0,prompt_anchor,1,raw,raw,pinned,100,0,0,hard,multi_hop_bridge,6.25,tmh_fidelity_paged_kv,0,100,80,93,True,0
0,47,93,99,recent_tail,0,raw,raw,hot,100,0,0,hard,multi_hop_bridge,6.25,tmh_fidelity_paged_kv,1,100,80,93,True,0
0,31,1,92,prefill_payload,0,int8,int4,warm,25,75,50,hard,multi_hop_bridge,6.25,tmh_fidelity_paged_kv,2,100,80,93,True,0
32,47,1,92,late_layer_payload,0,int8,int8,warm,35,65,50,hard,multi_hop_bridge,6.25,tmh_fidelity_paged_kv,3,100,80,93,True,0
0,47,0,0,prompt_anchor,1,raw,raw,pinned,100,0,0,hard,payload_dense,6.25,tmh_fidelity_paged_kv,0,178,154,166,True,0
0,47,166,177,recent_tail,0,raw,raw,hot,100,0,0,hard,payload_dense,6.25,tmh_fidelity_paged_kv,1,178,154,166,True,0
0,31,1,165,prefill_payload,0,int8,int4,warm,25,75,50,hard,payload_dense,6.25,tmh_fidelity_paged_kv,2,178,154,166,True,0
32,47,1,165,late_layer_payload,0,int8,int8,warm,35,65,50,hard,payload_dense,6.25,tmh_fidelity_paged_kv,3,178,154,166,True,0
0,47,0,0,prompt_anchor,1,raw,raw,pinned,100,0,0,hard,long_generation_systems,6.25,tmh_fidelity_paged_kv,0,93,45,87,True,0
0,47,87,92,recent_tail,0,raw,raw,hot,100,0,0,hard,long_generation_systems,6.25,tmh_fidelity_paged_kv,1,93,45,87,True,0
0,31,1,86,prefill_payload,0,int8,int4,warm,25,75,50,hard,long_generation_systems,6.25,tmh_fidelity_paged_kv,2,93,45,87,True,0
32,47,1,86,late_layer_payload,0,int8,int8,warm,35,65,50,hard,long_generation_systems,6.25,tmh_fidelity_paged_kv,3,93,45,87,True,0
0,47,0,0,prompt_anchor,1,raw,raw,pinned,100,0,0,hard,early_anchor_long_tail,3.125,tmh_fidelity_paged_kv,0,166,154,160,True,0
0,47,160,165,recent_tail,0,raw,raw,hot,100,0,0,hard,early_anchor_long_tail,3.125,tmh_fidelity_paged_kv,1,166,154,160,True,0
0,31,1,159,prefill_payload,0,int8,int4,warm,25,75,50,hard,early_anchor_long_tail,3.125,tmh_fidelity_paged_kv,2,166,154,160,True,0
32,47,1,159,late_layer_payload,0,int8,int8,warm,35,65,50,hard,early_anchor_long_tail,3.125,tmh_fidelity_paged_kv,3,166,154,160,True,0
0,47,0,0,prompt_anchor,1,raw,raw,pinned,100,0,0,hard,middle_anchor_detour,3.125,tmh_fidelity_paged_kv,0,136,120,131,True,0
0,47,131,135,recent_tail,0,raw,raw,hot,100,0,0,hard,middle_anchor_detour,3.125,tmh_fidelity_paged_kv,1,136,120,131,True,0
0,31,1,130,prefill_payload,0,int8,int4,warm,25,75,50,hard,middle_anchor_detour,3.125,tmh_fidelity_paged_kv,2,136,120,131,True,0
32,47,1,130,late_layer_payload,0,int8,int8,warm,35,65,50,hard,middle_anchor_detour,3.125,tmh_fidelity_paged_kv,3,136,120,131,True,0
0,47,0,0,prompt_anchor,1,raw,raw,pinned,100,0,0,hard,late_anchor_control,3.125,tmh_fidelity_paged_kv,0,90,78,87,True,0
0,47,87,89,recent_tail,0,raw,raw,hot,100,0,0,hard,late_anchor_control,3.125,tmh_fidelity_paged_kv,1,90,78,87,True,0
0,31,1,86,prefill_payload,0,int8,int4,warm,25,75,50,hard,late_anchor_control,3.125,tmh_fidelity_paged_kv,2,90,78,87,True,0
32,47,1,86,late_layer_payload,0,int8,int8,warm,35,65,50,hard,late_anchor_control,3.125,tmh_fidelity_paged_kv,3,90,78,87,True,0
0,47,0,0,prompt_anchor,1,raw,raw,pinned,100,0,0,hard,decoy_collision,3.125,tmh_fidelity_paged_kv,0,101,85,97,True,0
0,47,97,100,recent_tail,0,raw,raw,hot,100,0,0,hard,decoy_collision,3.125,tmh_fidelity_paged_kv,1,101,85,97,True,0
0,31,1,96,prefill_payload,0,int8,int4,warm,25,75,50,hard,decoy_collision,3.125,tmh_fidelity_paged_kv,2,101,85,97,True,0
32,47,1,96,late_layer_payload,0,int8,int8,warm,35,65,50,hard,decoy_collision,3.125,tmh_fidelity_paged_kv,3,101,85,97,True,0
0,47,0,0,prompt_anchor,1,raw,raw,pinned,100,0,0,hard,routing_table,3.125,tmh_fidelity_paged_kv,0,99,83,95,True,0
0,47,95,98,recent_tail,0,raw,raw,hot,100,0,0,hard,routing_table,3.125,tmh_fidelity_paged_kv,1,99,83,95,True,0
0,31,1,94,prefill_payload,0,int8,int4,warm,25,75,50,hard,routing_table,3.125,tmh_fidelity_paged_kv,2,99,83,95,True,0
32,47,1,94,late_layer_payload,0,int8,int8,warm,35,65,50,hard,routing_table,3.125,tmh_fidelity_paged_kv,3,99,83,95,True,0
0,47,0,0,prompt_anchor,1,raw,raw,pinned,100,0,0,hard,structured_records,3.125,tmh_fidelity_paged_kv,0,104,84,100,True,0
0,47,100,103,recent_tail,0,raw,raw,hot,100,0,0,hard,structured_records,3.125,tmh_fidelity_paged_kv,1,104,84,100,True,0
0,31,1,99,prefill_payload,0,int8,int4,warm,25,75,50,hard,structured_records,3.125,tmh_fidelity_paged_kv,2,104,84,100,True,0
32,47,1,99,late_layer_payload,0,int8,int8,warm,35,65,50,hard,structured_records,3.125,tmh_fidelity_paged_kv,3,104,84,100,True,0
0,47,0,0,prompt_anchor,1,raw,raw,pinned,100,0,0,hard,instruction_persistence,3.125,tmh_fidelity_paged_kv,0,172,156,166,True,0
0,47,166,171,recent_tail,0,raw,raw,hot,100,0,0,hard,instruction_persistence,3.125,tmh_fidelity_paged_kv,1,172,156,166,True,0
0,31,1,165,prefill_payload,0,int8,int4,warm,25,75,50,hard,instruction_persistence,3.125,tmh_fidelity_paged_kv,2,172,156,166,True,0
32,47,1,165,late_layer_payload,0,int8,int8,warm,35,65,50,hard,instruction_persistence,3.125,tmh_fidelity_paged_kv,3,172,156,166,True,0
0,47,0,0,prompt_anchor,1,raw,raw,pinned,100,0,0,hard,multi_hop_bridge,3.125,tmh_fidelity_paged_kv,0,100,80,96,True,0
0,47,96,99,recent_tail,0,raw,raw,hot,100,0,0,hard,multi_hop_bridge,3.125,tmh_fidelity_paged_kv,1,100,80,96,True,0
0,31,1,95,prefill_payload,0,int8,int4,warm,25,75,50,hard,multi_hop_bridge,3.125,tmh_fidelity_paged_kv,2,100,80,96,True,0
32,47,1,95,late_layer_payload,0,int8,int8,warm,35,65,50,hard,multi_hop_bridge,3.125,tmh_fidelity_paged_kv,3,100,80,96,True,0
0,47,0,0,prompt_anchor,1,raw,raw,pinned,100,0,0,hard,payload_dense,3.125,tmh_fidelity_paged_kv,0,178,154,172,True,0
0,47,172,177,recent_tail,0,raw,raw,hot,100,0,0,hard,payload_dense,3.125,tmh_fidelity_paged_kv,1,178,154,172,True,0
0,31,1,171,prefill_payload,0,int8,int4,warm,25,75,50,hard,payload_dense,3.125,tmh_fidelity_paged_kv,2,178,154,172,True,0
32,47,1,171,late_layer_payload,0,int8,int8,warm,35,65,50,hard,payload_dense,3.125,tmh_fidelity_paged_kv,3,178,154,172,True,0
0,47,0,0,prompt_anchor,1,raw,raw,pinned,100,0,0,hard,long_generation_systems,3.125,tmh_fidelity_paged_kv,0,93,45,90,True,0
0,47,90,92,recent_tail,0,raw,raw,hot,100,0,0,hard,long_generation_systems,3.125,tmh_fidelity_paged_kv,1,93,45,90,True,0
0,31,1,89,prefill_payload,0,int8,int4,warm,25,75,50,hard,long_generation_systems,3.125,tmh_fidelity_paged_kv,2,93,45,90,True,0
32,47,1,89,late_layer_payload,0,int8,int8,warm,35,65,50,hard,long_generation_systems,3.125,tmh_fidelity_paged_kv,3,93,45,90,True,0
0,47,0,0,prompt_anchor,1,raw,raw,pinned,100,0,0,hard,early_anchor_long_tail,0.0,tmh_fidelity_paged_kv,0,166,154,166,True,0
0,31,1,165,prefill_payload,0,int8,int4,warm,25,75,50,hard,early_anchor_long_tail,0.0,tmh_fidelity_paged_kv,1,166,154,166,True,0
32,47,1,165,late_layer_payload,0,int8,int8,warm,35,65,50,hard,early_anchor_long_tail,0.0,tmh_fidelity_paged_kv,2,166,154,166,True,0
0,47,0,0,prompt_anchor,1,raw,raw,pinned,100,0,0,hard,middle_anchor_detour,0.0,tmh_fidelity_paged_kv,0,136,120,136,True,0
0,31,1,135,prefill_payload,0,int8,int4,warm,25,75,50,hard,middle_anchor_detour,0.0,tmh_fidelity_paged_kv,1,136,120,136,True,0
32,47,1,135,late_layer_payload,0,int8,int8,warm,35,65,50,hard,middle_anchor_detour,0.0,tmh_fidelity_paged_kv,2,136,120,136,True,0
0,47,0,0,prompt_anchor,1,raw,raw,pinned,100,0,0,hard,late_anchor_control,0.0,tmh_fidelity_paged_kv,0,90,78,90,True,0
0,31,1,89,prefill_payload,0,int8,int4,warm,25,75,50,hard,late_anchor_control,0.0,tmh_fidelity_paged_kv,1,90,78,90,True,0
32,47,1,89,late_layer_payload,0,int8,int8,warm,35,65,50,hard,late_anchor_control,0.0,tmh_fidelity_paged_kv,2,90,78,90,True,0
0,47,0,0,prompt_anchor,1,raw,raw,pinned,100,0,0,hard,decoy_collision,0.0,tmh_fidelity_paged_kv,0,101,85,101,True,0
0,31,1,100,prefill_payload,0,int8,int4,warm,25,75,50,hard,decoy_collision,0.0,tmh_fidelity_paged_kv,1,101,85,101,True,0
32,47,1,100,late_layer_payload,0,int8,int8,warm,35,65,50,hard,decoy_collision,0.0,tmh_fidelity_paged_kv,2,101,85,101,True,0
0,47,0,0,prompt_anchor,1,raw,raw,pinned,100,0,0,hard,routing_table,0.0,tmh_fidelity_paged_kv,0,99,83,99,True,0
0,31,1,98,prefill_payload,0,int8,int4,warm,25,75,50,hard,routing_table,0.0,tmh_fidelity_paged_kv,1,99,83,99,True,0
32,47,1,98,late_layer_payload,0,int8,int8,warm,35,65,50,hard,routing_table,0.0,tmh_fidelity_paged_kv,2,99,83,99,True,0
0,47,0,0,prompt_anchor,1,raw,raw,pinned,100,0,0,hard,structured_records,0.0,tmh_fidelity_paged_kv,0,104,84,104,True,0
0,31,1,103,prefill_payload,0,int8,int4,warm,25,75,50,hard,structured_records,0.0,tmh_fidelity_paged_kv,1,104,84,104,True,0
32,47,1,103,late_layer_payload,0,int8,int8,warm,35,65,50,hard,structured_records,0.0,tmh_fidelity_paged_kv,2,104,84,104,True,0
0,47,0,0,prompt_anchor,1,raw,raw,pinned,100,0,0,hard,instruction_persistence,0.0,tmh_fidelity_paged_kv,0,172,156,172,True,0
0,31,1,171,prefill_payload,0,int8,int4,warm,25,75,50,hard,instruction_persistence,0.0,tmh_fidelity_paged_kv,1,172,156,172,True,0
32,47,1,171,late_layer_payload,0,int8,int8,warm,35,65,50,hard,instruction_persistence,0.0,tmh_fidelity_paged_kv,2,172,156,172,True,0
0,47,0,0,prompt_anchor,1,raw,raw,pinned,100,0,0,hard,multi_hop_bridge,0.0,tmh_fidelity_paged_kv,0,100,80,100,True,0
0,31,1,99,prefill_payload,0,int8,int4,warm,25,75,50,hard,multi_hop_bridge,0.0,tmh_fidelity_paged_kv,1,100,80,100,True,0
32,47,1,99,late_layer_payload,0,int8,int8,warm,35,65,50,hard,multi_hop_bridge,0.0,tmh_fidelity_paged_kv,2,100,80,100,True,0
0,47,0,0,prompt_anchor,1,raw,raw,pinned,100,0,0,hard,payload_dense,0.0,tmh_fidelity_paged_kv,0,178,154,178,True,0
0,31,1,177,prefill_payload,0,int8,int4,warm,25,75,50,hard,payload_dense,0.0,tmh_fidelity_paged_kv,1,178,154,178,True,0
32,47,1,177,late_layer_payload,0,int8,int8,warm,35,65,50,hard,payload_dense,0.0,tmh_fidelity_paged_kv,2,178,154,178,True,0
0,47,0,0,prompt_anchor,1,raw,raw,pinned,100,0,0,hard,long_generation_systems,0.0,tmh_fidelity_paged_kv,0,93,45,93,True,0
0,31,1,92,prefill_payload,0,int8,int4,warm,25,75,50,hard,long_generation_systems,0.0,tmh_fidelity_paged_kv,1,93,45,93,True,0
32,47,1,92,late_layer_payload,0,int8,int8,warm,35,65,50,hard,long_generation_systems,0.0,tmh_fidelity_paged_kv,2,93,45,93,True,0
0,47,0,0,prompt_anchor,1,raw,raw,pinned,100,0,0,hard,early_anchor_long_tail,75.0,tmh_fidelity_paged_kv,0,83,77,20,True,0
0,47,20,82,recent_tail,0,raw,raw,hot,100,0,0,hard,early_anchor_long_tail,75.0,tmh_fidelity_paged_kv,1,83,77,20,True,0
0,31,1,19,prefill_payload,0,int8,int4,warm,25,75,50,hard,early_anchor_long_tail,75.0,tmh_fidelity_paged_kv,2,83,77,20,True,0
32,47,1,19,late_layer_payload,0,int8,int8,warm,35,65,50,hard,early_anchor_long_tail,75.0,tmh_fidelity_paged_kv,3,83,77,20,True,0
0,47,0,0,prompt_anchor,1,raw,raw,pinned,100,0,0,hard,middle_anchor_detour,75.0,tmh_fidelity_paged_kv,0,68,60,17,True,0
0,47,17,67,recent_tail,0,raw,raw,hot,100,0,0,hard,middle_anchor_detour,75.0,tmh_fidelity_paged_kv,1,68,60,17,True,0
0,31,1,16,prefill_payload,0,int8,int4,warm,25,75,50,hard,middle_anchor_detour,75.0,tmh_fidelity_paged_kv,2,68,60,17,True,0
32,47,1,16,late_layer_payload,0,int8,int8,warm,35,65,50,hard,middle_anchor_detour,75.0,tmh_fidelity_paged_kv,3,68,60,17,True,0
0,47,0,0,prompt_anchor,1,raw,raw,pinned,100,0,0,hard,late_anchor_control,75.0,tmh_fidelity_paged_kv,0,45,39,11,True,0
0,47,11,44,recent_tail,0,raw,raw,hot,100,0,0,hard,late_anchor_control,75.0,tmh_fidelity_paged_kv,1,45,39,11,True,0
0,31,1,10,prefill_payload,0,int8,int4,warm,25,75,50,hard,late_anchor_control,75.0,tmh_fidelity_paged_kv,2,45,39,11,True,0
32,47,1,10,late_layer_payload,0,int8,int8,warm,35,65,50,hard,late_anchor_control,75.0,tmh_fidelity_paged_kv,3,45,39,11,True,0
0,47,0,0,prompt_anchor,1,raw,raw,pinned,100,0,0,hard,decoy_collision,75.0,tmh_fidelity_paged_kv,0,51,43,12,True,0
0,47,12,50,recent_tail,0,raw,raw,hot,100,0,0,hard,decoy_collision,75.0,tmh_fidelity_paged_kv,1,51,43,12,True,0
0,31,1,11,prefill_payload,0,int8,int4,warm,25,75,50,hard,decoy_collision,75.0,tmh_fidelity_paged_kv,2,51,43,12,True,0
32,47,1,11,late_layer_payload,0,int8,int8,warm,35,65,50,hard,decoy_collision,75.0,tmh_fidelity_paged_kv,3,51,43,12,True,0
0,47,0,0,prompt_anchor,1,raw,raw,pinned,100,0,0,hard,routing_table,75.0,tmh_fidelity_paged_kv,0,50,42,12,True,0
0,47,12,49,recent_tail,0,raw,raw,hot,100,0,0,hard,routing_table,75.0,tmh_fidelity_paged_kv,1,50,42,12,True,0
0,31,1,11,prefill_payload,0,int8,int4,warm,25,75,50,hard,routing_table,75.0,tmh_fidelity_paged_kv,2,50,42,12,True,0
32,47,1,11,late_layer_payload,0,int8,int8,warm,35,65,50,hard,routing_table,75.0,tmh_fidelity_paged_kv,3,50,42,12,True,0
0,47,0,0,prompt_anchor,1,raw,raw,pinned,100,0,0,hard,structured_records,75.0,tmh_fidelity_paged_kv,0,52,42,13,True,0
0,47,13,51,recent_tail,0,raw,raw,hot,100,0,0,hard,structured_records,75.0,tmh_fidelity_paged_kv,1,52,42,13,True,0
0,31,1,12,prefill_payload,0,int8,int4,warm,25,75,50,hard,structured_records,75.0,tmh_fidelity_paged_kv,2,52,42,13,True,0
32,47,1,12,late_layer_payload,0,int8,int8,warm,35,65,50,hard,structured_records,75.0,tmh_fidelity_paged_kv,3,52,42,13,True,0
0,47,0,0,prompt_anchor,1,raw,raw,pinned,100,0,0,hard,instruction_persistence,75.0,tmh_fidelity_paged_kv,0,86,78,21,True,0
0,47,21,85,recent_tail,0,raw,raw,hot,100,0,0,hard,instruction_persistence,75.0,tmh_fidelity_paged_kv,1,86,78,21,True,0
0,31,1,20,prefill_payload,0,int8,int4,warm,25,75,50,hard,instruction_persistence,75.0,tmh_fidelity_paged_kv,2,86,78,21,True,0
32,47,1,20,late_layer_payload,0,int8,int8,warm,35,65,50,hard,instruction_persistence,75.0,tmh_fidelity_paged_kv,3,86,78,21,True,0
0,47,0,0,prompt_anchor,1,raw,raw,pinned,100,0,0,hard,multi_hop_bridge,75.0,tmh_fidelity_paged_kv,0,50,40,12,True,0
0,47,12,49,recent_tail,0,raw,raw,hot,100,0,0,hard,multi_hop_bridge,75.0,tmh_fidelity_paged_kv,1,50,40,12,True,0
0,31,1,11,prefill_payload,0,int8,int4,warm,25,75,50,hard,multi_hop_bridge,75.0,tmh_fidelity_paged_kv,2,50,40,12,True,0
32,47,1,11,late_layer_payload,0,int8,int8,warm,35,65,50,hard,multi_hop_bridge,75.0,tmh_fidelity_paged_kv,3,50,40,12,True,0
0,47,0,0,prompt_anchor,1,raw,raw,pinned,100,0,0,hard,payload_dense,75.0,tmh_fidelity_paged_kv,0,89,77,22,True,0
0,47,22,88,recent_tail,0,raw,raw,hot,100,0,0,hard,payload_dense,75.0,tmh_fidelity_paged_kv,1,89,77,22,True,0
0,31,1,21,prefill_payload,0,int8,int4,warm,25,75,50,hard,payload_dense,75.0,tmh_fidelity_paged_kv,2,89,77,22,True,0
32,47,1,21,late_layer_payload,0,int8,int8,warm,35,65,50,hard,payload_dense,75.0,tmh_fidelity_paged_kv,3,89,77,22,True,0
0,47,0,0,prompt_anchor,1,raw,raw,pinned,100,0,0,hard,long_generation_systems,75.0,tmh_fidelity_paged_kv,0,47,23,11,True,0
0,47,11,46,recent_tail,0,raw,raw,hot,100,0,0,hard,long_generation_systems,75.0,tmh_fidelity_paged_kv,1,47,23,11,True,0
0,31,1,10,prefill_payload,0,int8,int4,warm,25,75,50,hard,long_generation_systems,75.0,tmh_fidelity_paged_kv,2,47,23,11,True,0
32,47,1,10,late_layer_payload,0,int8,int8,warm,35,65,50,hard,long_generation_systems,75.0,tmh_fidelity_paged_kv,3,47,23,11,True,0
0,47,0,0,prompt_anchor,1,raw,raw,pinned,100,0,0,hard,early_anchor_long_tail,50.0,tmh_fidelity_paged_kv,0,83,77,41,True,0
0,47,41,82,recent_tail,0,raw,raw,hot,100,0,0,hard,early_anchor_long_tail,50.0,tmh_fidelity_paged_kv,1,83,77,41,True,0
0,31,1,40,prefill_payload,0,int8,int4,warm,25,75,50,hard,early_anchor_long_tail,50.0,tmh_fidelity_paged_kv,2,83,77,41,True,0
32,47,1,40,late_layer_payload,0,int8,int8,warm,35,65,50,hard,early_anchor_long_tail,50.0,tmh_fidelity_paged_kv,3,83,77,41,True,0
0,47,0,0,prompt_anchor,1,raw,raw,pinned,100,0,0,hard,middle_anchor_detour,50.0,tmh_fidelity_paged_kv,0,68,60,34,True,0
0,47,34,67,recent_tail,0,raw,raw,hot,100,0,0,hard,middle_anchor_detour,50.0,tmh_fidelity_paged_kv,1,68,60,34,True,0
0,31,1,33,prefill_payload,0,int8,int4,warm,25,75,50,hard,middle_anchor_detour,50.0,tmh_fidelity_paged_kv,2,68,60,34,True,0
32,47,1,33,late_layer_payload,0,int8,int8,warm,35,65,50,hard,middle_anchor_detour,50.0,tmh_fidelity_paged_kv,3,68,60,34,True,0
0,47,0,0,prompt_anchor,1,raw,raw,pinned,100,0,0,hard,late_anchor_control,50.0,tmh_fidelity_paged_kv,0,45,39,22,True,0
0,47,22,44,recent_tail,0,raw,raw,hot,100,0,0,hard,late_anchor_control,50.0,tmh_fidelity_paged_kv,1,45,39,22,True,0
0,31,1,21,prefill_payload,0,int8,int4,warm,25,75,50,hard,late_anchor_control,50.0,tmh_fidelity_paged_kv,2,45,39,22,True,0
32,47,1,21,late_layer_payload,0,int8,int8,warm,35,65,50,hard,late_anchor_control,50.0,tmh_fidelity_paged_kv,3,45,39,22,True,0
0,47,0,0,prompt_anchor,1,raw,raw,pinned,100,0,0,hard,decoy_collision,50.0,tmh_fidelity_paged_kv,0,51,43,25,True,0
0,47,25,50,recent_tail,0,raw,raw,hot,100,0,0,hard,decoy_collision,50.0,tmh_fidelity_paged_kv,1,51,43,25,True,0
0,31,1,24,prefill_payload,0,int8,int4,warm,25,75,50,hard,decoy_collision,50.0,tmh_fidelity_paged_kv,2,51,43,25,True,0
32,47,1,24,late_layer_payload,0,int8,int8,warm,35,65,50,hard,decoy_collision,50.0,tmh_fidelity_paged_kv,3,51,43,25,True,0
0,47,0,0,prompt_anchor,1,raw,raw,pinned,100,0,0,hard,routing_table,50.0,tmh_fidelity_paged_kv,0,50,42,25,True,0
0,47,25,49,recent_tail,0,raw,raw,hot,100,0,0,hard,routing_table,50.0,tmh_fidelity_paged_kv,1,50,42,25,True,0
0,31,1,24,prefill_payload,0,int8,int4,warm,25,75,50,hard,routing_table,50.0,tmh_fidelity_paged_kv,2,50,42,25,True,0
32,47,1,24,late_layer_payload,0,int8,int8,warm,35,65,50,hard,routing_table,50.0,tmh_fidelity_paged_kv,3,50,42,25,True,0
0,47,0,0,prompt_anchor,1,raw,raw,pinned,100,0,0,hard,structured_records,50.0,tmh_fidelity_paged_kv,0,52,42,26,True,0
0,47,26,51,recent_tail,0,raw,raw,hot,100,0,0,hard,structured_records,50.0,tmh_fidelity_paged_kv,1,52,42,26,True,0
0,31,1,25,prefill_payload,0,int8,int4,warm,25,75,50,hard,structured_records,50.0,tmh_fidelity_paged_kv,2,52,42,26,True,0
32,47,1,25,late_layer_payload,0,int8,int8,warm,35,65,50,hard,structured_records,50.0,tmh_fidelity_paged_kv,3,52,42,26,True,0
0,47,0,0,prompt_anchor,1,raw,raw,pinned,100,0,0,hard,instruction_persistence,50.0,tmh_fidelity_paged_kv,0,86,78,43,True,0
0,47,43,85,recent_tail,0,raw,raw,hot,100,0,0,hard,instruction_persistence,50.0,tmh_fidelity_paged_kv,1,86,78,43,True,0
0,31,1,42,prefill_payload,0,int8,int4,warm,25,75,50,hard,instruction_persistence,50.0,tmh_fidelity_paged_kv,2,86,78,43,True,0
32,47,1,42,late_layer_payload,0,int8,int8,warm,35,65,50,hard,instruction_persistence,50.0,tmh_fidelity_paged_kv,3,86,78,43,True,0
0,47,0,0,prompt_anchor,1,raw,raw,pinned,100,0,0,hard,multi_hop_bridge,50.0,tmh_fidelity_paged_kv,0,50,40,25,True,0
0,47,25,49,recent_tail,0,raw,raw,hot,100,0,0,hard,multi_hop_bridge,50.0,tmh_fidelity_paged_kv,1,50,40,25,True,0
0,31,1,24,prefill_payload,0,int8,int4,warm,25,75,50,hard,multi_hop_bridge,50.0,tmh_fidelity_paged_kv,2,50,40,25,True,0
32,47,1,24,late_layer_payload,0,int8,int8,warm,35,65,50,hard,multi_hop_bridge,50.0,tmh_fidelity_paged_kv,3,50,40,25,True,0
0,47,0,0,prompt_anchor,1,raw,raw,pinned,100,0,0,hard,payload_dense,50.0,tmh_fidelity_paged_kv,0,89,77,44,True,0
0,47,44,88,recent_tail,0,raw,raw,hot,100,0,0,hard,payload_dense,50.0,tmh_fidelity_paged_kv,1,89,77,44,True,0
0,31,1,43,prefill_payload,0,int8,int4,warm,25,75,50,hard,payload_dense,50.0,tmh_fidelity_paged_kv,2,89,77,44,True,0
32,47,1,43,late_layer_payload,0,int8,int8,warm,35,65,50,hard,payload_dense,50.0,tmh_fidelity_paged_kv,3,89,77,44,True,0
0,47,0,0,prompt_anchor,1,raw,raw,pinned,100,0,0,hard,long_generation_systems,50.0,tmh_fidelity_paged_kv,0,47,23,23,True,0
0,47,23,46,recent_tail,0,raw,raw,hot,100,0,0,hard,long_generation_systems,50.0,tmh_fidelity_paged_kv,1,47,23,23,True,0
0,31,1,22,prefill_payload,0,int8,int4,warm,25,75,50,hard,long_generation_systems,50.0,tmh_fidelity_paged_kv,2,47,23,23,True,0
32,47,1,22,late_layer_payload,0,int8,int8,warm,35,65,50,hard,long_generation_systems,50.0,tmh_fidelity_paged_kv,3,47,23,23,True,0
0,47,0,0,prompt_anchor,1,raw,raw,pinned,100,0,0,hard,early_anchor_long_tail,25.0,tmh_fidelity_paged_kv,0,83,77,62,True,0
0,47,62,82,recent_tail,0,raw,raw,hot,100,0,0,hard,early_anchor_long_tail,25.0,tmh_fidelity_paged_kv,1,83,77,62,True,0
0,31,1,61,prefill_payload,0,int8,int4,warm,25,75,50,hard,early_anchor_long_tail,25.0,tmh_fidelity_paged_kv,2,83,77,62,True,0
32,47,1,61,late_layer_payload,0,int8,int8,warm,35,65,50,hard,early_anchor_long_tail,25.0,tmh_fidelity_paged_kv,3,83,77,62,True,0
0,47,0,0,prompt_anchor,1,raw,raw,pinned,100,0,0,hard,middle_anchor_detour,25.0,tmh_fidelity_paged_kv,0,68,60,51,True,0
0,47,51,67,recent_tail,0,raw,raw,hot,100,0,0,hard,middle_anchor_detour,25.0,tmh_fidelity_paged_kv,1,68,60,51,True,0
0,31,1,50,prefill_payload,0,int8,int4,warm,25,75,50,hard,middle_anchor_detour,25.0,tmh_fidelity_paged_kv,2,68,60,51,True,0
32,47,1,50,late_layer_payload,0,int8,int8,warm,35,65,50,hard,middle_anchor_detour,25.0,tmh_fidelity_paged_kv,3,68,60,51,True,0
0,47,0,0,prompt_anchor,1,raw,raw,pinned,100,0,0,hard,late_anchor_control,25.0,tmh_fidelity_paged_kv,0,45,39,33,True,0
0,47,33,44,recent_tail,0,raw,raw,hot,100,0,0,hard,late_anchor_control,25.0,tmh_fidelity_paged_kv,1,45,39,33,True,0
0,31,1,32,prefill_payload,0,int8,int4,warm,25,75,50,hard,late_anchor_control,25.0,tmh_fidelity_paged_kv,2,45,39,33,True,0
32,47,1,32,late_layer_payload,0,int8,int8,warm,35,65,50,hard,late_anchor_control,25.0,tmh_fidelity_paged_kv,3,45,39,33,True,0
0,47,0,0,prompt_anchor,1,raw,raw,pinned,100,0,0,hard,decoy_collision,25.0,tmh_fidelity_paged_kv,0,51,43,38,True,0
0,47,38,50,recent_tail,0,raw,raw,hot,100,0,0,hard,decoy_collision,25.0,tmh_fidelity_paged_kv,1,51,43,38,True,0
0,31,1,37,prefill_payload,0,int8,int4,warm,25,75,50,hard,decoy_collision,25.0,tmh_fidelity_paged_kv,2,51,43,38,True,0
32,47,1,37,late_layer_payload,0,int8,int8,warm,35,65,50,hard,decoy_collision,25.0,tmh_fidelity_paged_kv,3,51,43,38,True,0
0,47,0,0,prompt_anchor,1,raw,raw,pinned,100,0,0,hard,routing_table,25.0,tmh_fidelity_paged_kv,0,50,42,37,True,0
0,47,37,49,recent_tail,0,raw,raw,hot,100,0,0,hard,routing_table,25.0,tmh_fidelity_paged_kv,1,50,42,37,True,0
0,31,1,36,prefill_payload,0,int8,int4,warm,25,75,50,hard,routing_table,25.0,tmh_fidelity_paged_kv,2,50,42,37,True,0
32,47,1,36,late_layer_payload,0,int8,int8,warm,35,65,50,hard,routing_table,25.0,tmh_fidelity_paged_kv,3,50,42,37,True,0
0,47,0,0,prompt_anchor,1,raw,raw,pinned,100,0,0,hard,structured_records,25.0,tmh_fidelity_paged_kv,0,52,42,39,True,0
0,47,39,51,recent_tail,0,raw,raw,hot,100,0,0,hard,structured_records,25.0,tmh_fidelity_paged_kv,1,52,42,39,True,0
0,31,1,38,prefill_payload,0,int8,int4,warm,25,75,50,hard,structured_records,25.0,tmh_fidelity_paged_kv,2,52,42,39,True,0
32,47,1,38,late_layer_payload,0,int8,int8,warm,35,65,50,hard,structured_records,25.0,tmh_fidelity_paged_kv,3,52,42,39,True,0
0,47,0,0,prompt_anchor,1,raw,raw,pinned,100,0,0,hard,instruction_persistence,25.0,tmh_fidelity_paged_kv,0,86,78,64,True,0
0,47,64,85,recent_tail,0,raw,raw,hot,100,0,0,hard,instruction_persistence,25.0,tmh_fidelity_paged_kv,1,86,78,64,True,0
0,31,1,63,prefill_payload,0,int8,int4,warm,25,75,50,hard,instruction_persistence,25.0,tmh_fidelity_paged_kv,2,86,78,64,True,0
32,47,1,63,late_layer_payload,0,int8,int8,warm,35,65,50,hard,instruction_persistence,25.0,tmh_fidelity_paged_kv,3,86,78,64,True,0
0,47,0,0,prompt_anchor,1,raw,raw,pinned,100,0,0,hard,multi_hop_bridge,25.0,tmh_fidelity_paged_kv,0,50,40,37,True,0
0,47,37,49,recent_tail,0,raw,raw,hot,100,0,0,hard,multi_hop_bridge,25.0,tmh_fidelity_paged_kv,1,50,40,37,True,0
0,31,1,36,prefill_payload,0,int8,int4,warm,25,75,50,hard,multi_hop_bridge,25.0,tmh_fidelity_paged_kv,2,50,40,37,True,0
32,47,1,36,late_layer_payload,0,int8,int8,warm,35,65,50,hard,multi_hop_bridge,25.0,tmh_fidelity_paged_kv,3,50,40,37,True,0
0,47,0,0,prompt_anchor,1,raw,raw,pinned,100,0,0,hard,payload_dense,25.0,tmh_fidelity_paged_kv,0,89,77,66,True,0
0,47,66,88,recent_tail,0,raw,raw,hot,100,0,0,hard,payload_dense,25.0,tmh_fidelity_paged_kv,1,89,77,66,True,0
0,31,1,65,prefill_payload,0,int8,int4,warm,25,75,50,hard,payload_dense,25.0,tmh_fidelity_paged_kv,2,89,77,66,True,0
32,47,1,65,late_layer_payload,0,int8,int8,warm,35,65,50,hard,payload_dense,25.0,tmh_fidelity_paged_kv,3,89,77,66,True,0
0,47,0,0,prompt_anchor,1,raw,raw,pinned,100,0,0,hard,long_generation_systems,25.0,tmh_fidelity_paged_kv,0,47,23,35,True,0
0,47,35,46,recent_tail,0,raw,raw,hot,100,0,0,hard,long_generation_systems,25.0,tmh_fidelity_paged_kv,1,47,23,35,True,0
0,31,1,34,prefill_payload,0,int8,int4,warm,25,75,50,hard,long_generation_systems,25.0,tmh_fidelity_paged_kv,2,47,23,35,True,0
32,47,1,34,late_layer_payload,0,int8,int8,warm,35,65,50,hard,long_generation_systems,25.0,tmh_fidelity_paged_kv,3,47,23,35,True,0
0,47,0,0,prompt_anchor,1,raw,raw,pinned,100,0,0,hard,early_anchor_long_tail,12.5,tmh_fidelity_paged_kv,0,83,77,72,True,0
0,47,72,82,recent_tail,0,raw,raw,hot,100,0,0,hard,early_anchor_long_tail,12.5,tmh_fidelity_paged_kv,1,83,77,72,True,0
0,31,1,71,prefill_payload,0,int8,int4,warm,25,75,50,hard,early_anchor_long_tail,12.5,tmh_fidelity_paged_kv,2,83,77,72,True,0
32,47,1,71,late_layer_payload,0,int8,int8,warm,35,65,50,hard,early_anchor_long_tail,12.5,tmh_fidelity_paged_kv,3,83,77,72,True,0
0,47,0,0,prompt_anchor,1,raw,raw,pinned,100,0,0,hard,middle_anchor_detour,12.5,tmh_fidelity_paged_kv,0,68,60,59,True,0
0,47,59,67,recent_tail,0,raw,raw,hot,100,0,0,hard,middle_anchor_detour,12.5,tmh_fidelity_paged_kv,1,68,60,59,True,0
0,31,1,58,prefill_payload,0,int8,int4,warm,25,75,50,hard,middle_anchor_detour,12.5,tmh_fidelity_paged_kv,2,68,60,59,True,0
32,47,1,58,late_layer_payload,0,int8,int8,warm,35,65,50,hard,middle_anchor_detour,12.5,tmh_fidelity_paged_kv,3,68,60,59,True,0
0,47,0,0,prompt_anchor,1,raw,raw,pinned,100,0,0,hard,late_anchor_control,12.5,tmh_fidelity_paged_kv,0,45,39,39,True,0
0,47,39,44,recent_tail,0,raw,raw,hot,100,0,0,hard,late_anchor_control,12.5,tmh_fidelity_paged_kv,1,45,39,39,True,0
0,31,1,38,prefill_payload,0,int8,int4,warm,25,75,50,hard,late_anchor_control,12.5,tmh_fidelity_paged_kv,2,45,39,39,True,0
32,47,1,38,late_layer_payload,0,int8,int8,warm,35,65,50,hard,late_anchor_control,12.5,tmh_fidelity_paged_kv,3,45,39,39,True,0
0,47,0,0,prompt_anchor,1,raw,raw,pinned,100,0,0,hard,decoy_collision,12.5,tmh_fidelity_paged_kv,0,51,43,44,True,0
0,47,44,50,recent_tail,0,raw,raw,hot,100,0,0,hard,decoy_collision,12.5,tmh_fidelity_paged_kv,1,51,43,44,True,0
0,31,1,43,prefill_payload,0,int8,int4,warm,25,75,50,hard,decoy_collision,12.5,tmh_fidelity_paged_kv,2,51,43,44,True,0
32,47,1,43,late_layer_payload,0,int8,int8,warm,35,65,50,hard,decoy_collision,12.5,tmh_fidelity_paged_kv,3,51,43,44,True,0
0,47,0,0,prompt_anchor,1,raw,raw,pinned,100,0,0,hard,routing_table,12.5,tmh_fidelity_paged_kv,0,50,42,43,True,0
0,47,43,49,recent_tail,0,raw,raw,hot,100,0,0,hard,routing_table,12.5,tmh_fidelity_paged_kv,1,50,42,43,True,0
0,31,1,42,prefill_payload,0,int8,int4,warm,25,75,50,hard,routing_table,12.5,tmh_fidelity_paged_kv,2,50,42,43,True,0
32,47,1,42,late_layer_payload,0,int8,int8,warm,35,65,50,hard,routing_table,12.5,tmh_fidelity_paged_kv,3,50,42,43,True,0
0,47,0,0,prompt_anchor,1,raw,raw,pinned,100,0,0,hard,structured_records,12.5,tmh_fidelity_paged_kv,0,52,42,45,True,0
0,47,45,51,recent_tail,0,raw,raw,hot,100,0,0,hard,structured_records,12.5,tmh_fidelity_paged_kv,1,52,42,45,True,0
0,31,1,44,prefill_payload,0,int8,int4,warm,25,75,50,hard,structured_records,12.5,tmh_fidelity_paged_kv,2,52,42,45,True,0
32,47,1,44,late_layer_payload,0,int8,int8,warm,35,65,50,hard,structured_records,12.5,tmh_fidelity_paged_kv,3,52,42,45,True,0
0,47,0,0,prompt_anchor,1,raw,raw,pinned,100,0,0,hard,instruction_persistence,12.5,tmh_fidelity_paged_kv,0,86,78,75,True,0
0,47,75,85,recent_tail,0,raw,raw,hot,100,0,0,hard,instruction_persistence,12.5,tmh_fidelity_paged_kv,1,86,78,75,True,0
0,31,1,74,prefill_payload,0,int8,int4,warm,25,75,50,hard,instruction_persistence,12.5,tmh_fidelity_paged_kv,2,86,78,75,True,0
32,47,1,74,late_layer_payload,0,int8,int8,warm,35,65,50,hard,instruction_persistence,12.5,tmh_fidelity_paged_kv,3,86,78,75,True,0
0,47,0,0,prompt_anchor,1,raw,raw,pinned,100,0,0,hard,multi_hop_bridge,12.5,tmh_fidelity_paged_kv,0,50,40,43,True,0
0,47,43,49,recent_tail,0,raw,raw,hot,100,0,0,hard,multi_hop_bridge,12.5,tmh_fidelity_paged_kv,1,50,40,43,True,0
0,31,1,42,prefill_payload,0,int8,int4,warm,25,75,50,hard,multi_hop_bridge,12.5,tmh_fidelity_paged_kv,2,50,40,43,True,0
32,47,1,42,late_layer_payload,0,int8,int8,warm,35,65,50,hard,multi_hop_bridge,12.5,tmh_fidelity_paged_kv,3,50,40,43,True,0
0,47,0,0,prompt_anchor,1,raw,raw,pinned,100,0,0,hard,payload_dense,12.5,tmh_fidelity_paged_kv,0,89,77,77,True,0
0,47,77,88,recent_tail,0,raw,raw,hot,100,0,0,hard,payload_dense,12.5,tmh_fidelity_paged_kv,1,89,77,77,True,0
0,31,1,76,prefill_payload,0,int8,int4,warm,25,75,50,hard,payload_dense,12.5,tmh_fidelity_paged_kv,2,89,77,77,True,0
32,47,1,76,late_layer_payload,0,int8,int8,warm,35,65,50,hard,payload_dense,12.5,tmh_fidelity_paged_kv,3,89,77,77,True,0
0,47,0,0,prompt_anchor,1,raw,raw,pinned,100,0,0,hard,long_generation_systems,12.5,tmh_fidelity_paged_kv,0,47,23,41,True,0
0,47,41,46,recent_tail,0,raw,raw,hot,100,0,0,hard,long_generation_systems,12.5,tmh_fidelity_paged_kv,1,47,23,41,True,0
0,31,1,40,prefill_payload,0,int8,int4,warm,25,75,50,hard,long_generation_systems,12.5,tmh_fidelity_paged_kv,2,47,23,41,True,0
32,47,1,40,late_layer_payload,0,int8,int8,warm,35,65,50,hard,long_generation_systems,12.5,tmh_fidelity_paged_kv,3,47,23,41,True,0
0,47,0,0,prompt_anchor,1,raw,raw,pinned,100,0,0,hard,early_anchor_long_tail,6.25,tmh_fidelity_paged_kv,0,83,77,77,True,0
0,47,77,82,recent_tail,0,raw,raw,hot,100,0,0,hard,early_anchor_long_tail,6.25,tmh_fidelity_paged_kv,1,83,77,77,True,0
0,31,1,76,prefill_payload,0,int8,int4,warm,25,75,50,hard,early_anchor_long_tail,6.25,tmh_fidelity_paged_kv,2,83,77,77,True,0
32,47,1,76,late_layer_payload,0,int8,int8,warm,35,65,50,hard,early_anchor_long_tail,6.25,tmh_fidelity_paged_kv,3,83,77,77,True,0
0,47,0,0,prompt_anchor,1,raw,raw,pinned,100,0,0,hard,middle_anchor_detour,6.25,tmh_fidelity_paged_kv,0,68,60,63,True,0
0,47,63,67,recent_tail,0,raw,raw,hot,100,0,0,hard,middle_anchor_detour,6.25,tmh_fidelity_paged_kv,1,68,60,63,True,0
0,31,1,62,prefill_payload,0,int8,int4,warm,25,75,50,hard,middle_anchor_detour,6.25,tmh_fidelity_paged_kv,2,68,60,63,True,0
32,47,1,62,late_layer_payload,0,int8,int8,warm,35,65,50,hard,middle_anchor_detour,6.25,tmh_fidelity_paged_kv,3,68,60,63,True,0
0,47,0,0,prompt_anchor,1,raw,raw,pinned,100,0,0,hard,late_anchor_control,6.25,tmh_fidelity_paged_kv,0,45,39,42,True,0
0,47,42,44,recent_tail,0,raw,raw,hot,100,0,0,hard,late_anchor_control,6.25,tmh_fidelity_paged_kv,1,45,39,42,True,0
0,31,1,41,prefill_payload,0,int8,int4,warm,25,75,50,hard,late_anchor_control,6.25,tmh_fidelity_paged_kv,2,45,39,42,True,0
32,47,1,41,late_layer_payload,0,int8,int8,warm,35,65,50,hard,late_anchor_control,6.25,tmh_fidelity_paged_kv,3,45,39,42,True,0
0,47,0,0,prompt_anchor,1,raw,raw,pinned,100,0,0,hard,decoy_collision,6.25,tmh_fidelity_paged_kv,0,51,43,47,True,0
0,47,47,50,recent_tail,0,raw,raw,hot,100,0,0,hard,decoy_collision,6.25,tmh_fidelity_paged_kv,1,51,43,47,True,0
0,31,1,46,prefill_payload,0,int8,int4,warm,25,75,50,hard,decoy_collision,6.25,tmh_fidelity_paged_kv,2,51,43,47,True,0
32,47,1,46,late_layer_payload,0,int8,int8,warm,35,65,50,hard,decoy_collision,6.25,tmh_fidelity_paged_kv,3,51,43,47,True,0
0,47,0,0,prompt_anchor,1,raw,raw,pinned,100,0,0,hard,routing_table,6.25,tmh_fidelity_paged_kv,0,50,42,46,True,0
0,47,46,49,recent_tail,0,raw,raw,hot,100,0,0,hard,routing_table,6.25,tmh_fidelity_paged_kv,1,50,42,46,True,0
0,31,1,45,prefill_payload,0,int8,int4,warm,25,75,50,hard,routing_table,6.25,tmh_fidelity_paged_kv,2,50,42,46,True,0
32,47,1,45,late_layer_payload,0,int8,int8,warm,35,65,50,hard,routing_table,6.25,tmh_fidelity_paged_kv,3,50,42,46,True,0
0,47,0,0,prompt_anchor,1,raw,raw,pinned,100,0,0,hard,structured_records,6.25,tmh_fidelity_paged_kv,0,52,42,48,True,0
0,47,48,51,recent_tail,0,raw,raw,hot,100,0,0,hard,structured_records,6.25,tmh_fidelity_paged_kv,1,52,42,48,True,0
0,31,1,47,prefill_payload,0,int8,int4,warm,25,75,50,hard,structured_records,6.25,tmh_fidelity_paged_kv,2,52,42,48,True,0
32,47,1,47,late_layer_payload,0,int8,int8,warm,35,65,50,hard,structured_records,6.25,tmh_fidelity_paged_kv,3,52,42,48,True,0
0,47,0,0,prompt_anchor,1,raw,raw,pinned,100,0,0,hard,instruction_persistence,6.25,tmh_fidelity_paged_kv,0,86,78,80,True,0
0,47,80,85,recent_tail,0,raw,raw,hot,100,0,0,hard,instruction_persistence,6.25,tmh_fidelity_paged_kv,1,86,78,80,True,0
0,31,1,79,prefill_payload,0,int8,int4,warm,25,75,50,hard,instruction_persistence,6.25,tmh_fidelity_paged_kv,2,86,78,80,True,0
32,47,1,79,late_layer_payload,0,int8,int8,warm,35,65,50,hard,instruction_persistence,6.25,tmh_fidelity_paged_kv,3,86,78,80,True,0
0,47,0,0,prompt_anchor,1,raw,raw,pinned,100,0,0,hard,multi_hop_bridge,6.25,tmh_fidelity_paged_kv,0,50,40,46,True,0
0,47,46,49,recent_tail,0,raw,raw,hot,100,0,0,hard,multi_hop_bridge,6.25,tmh_fidelity_paged_kv,1,50,40,46,True,0
0,31,1,45,prefill_payload,0,int8,int4,warm,25,75,50,hard,multi_hop_bridge,6.25,tmh_fidelity_paged_kv,2,50,40,46,True,0
32,47,1,45,late_layer_payload,0,int8,int8,warm,35,65,50,hard,multi_hop_bridge,6.25,tmh_fidelity_paged_kv,3,50,40,46,True,0
0,47,0,0,prompt_anchor,1,raw,raw,pinned,100,0,0,hard,payload_dense,6.25,tmh_fidelity_paged_kv,0,89,77,83,True,0
0,47,83,88,recent_tail,0,raw,raw,hot,100,0,0,hard,payload_dense,6.25,tmh_fidelity_paged_kv,1,89,77,83,True,0
0,31,1,82,prefill_payload,0,int8,int4,warm,25,75,50,hard,payload_dense,6.25,tmh_fidelity_paged_kv,2,89,77,83,True,0
32,47,1,82,late_layer_payload,0,int8,int8,warm,35,65,50,hard,payload_dense,6.25,tmh_fidelity_paged_kv,3,89,77,83,True,0
0,47,0,0,prompt_anchor,1,raw,raw,pinned,100,0,0,hard,long_generation_systems,6.25,tmh_fidelity_paged_kv,0,47,23,44,True,0
0,47,44,46,recent_tail,0,raw,raw,hot,100,0,0,hard,long_generation_systems,6.25,tmh_fidelity_paged_kv,1,47,23,44,True,0
0,31,1,43,prefill_payload,0,int8,int4,warm,25,75,50,hard,long_generation_systems,6.25,tmh_fidelity_paged_kv,2,47,23,44,True,0
32,47,1,43,late_layer_payload,0,int8,int8,warm,35,65,50,hard,long_generation_systems,6.25,tmh_fidelity_paged_kv,3,47,23,44,True,0
0,47,0,0,prompt_anchor,1,raw,raw,pinned,100,0,0,hard,early_anchor_long_tail,3.125,tmh_fidelity_paged_kv,0,83,77,80,True,0
0,47,80,82,recent_tail,0,raw,raw,hot,100,0,0,hard,early_anchor_long_tail,3.125,tmh_fidelity_paged_kv,1,83,77,80,True,0
0,31,1,79,prefill_payload,0,int8,int4,warm,25,75,50,hard,early_anchor_long_tail,3.125,tmh_fidelity_paged_kv,2,83,77,80,True,0
32,47,1,79,late_layer_payload,0,int8,int8,warm,35,65,50,hard,early_anchor_long_tail,3.125,tmh_fidelity_paged_kv,3,83,77,80,True,0
0,47,0,0,prompt_anchor,1,raw,raw,pinned,100,0,0,hard,middle_anchor_detour,3.125,tmh_fidelity_paged_kv,0,68,60,65,True,0
0,47,65,67,recent_tail,0,raw,raw,hot,100,0,0,hard,middle_anchor_detour,3.125,tmh_fidelity_paged_kv,1,68,60,65,True,0
0,31,1,64,prefill_payload,0,int8,int4,warm,25,75,50,hard,middle_anchor_detour,3.125,tmh_fidelity_paged_kv,2,68,60,65,True,0
32,47,1,64,late_layer_payload,0,int8,int8,warm,35,65,50,hard,middle_anchor_detour,3.125,tmh_fidelity_paged_kv,3,68,60,65,True,0
0,47,0,0,prompt_anchor,1,raw,raw,pinned,100,0,0,hard,late_anchor_control,3.125,tmh_fidelity_paged_kv,0,45,39,43,True,0
0,47,43,44,recent_tail,0,raw,raw,hot,100,0,0,hard,late_anchor_control,3.125,tmh_fidelity_paged_kv,1,45,39,43,True,0
0,31,1,42,prefill_payload,0,int8,int4,warm,25,75,50,hard,late_anchor_control,3.125,tmh_fidelity_paged_kv,2,45,39,43,True,0
32,47,1,42,late_layer_payload,0,int8,int8,warm,35,65,50,hard,late_anchor_control,3.125,tmh_fidelity_paged_kv,3,45,39,43,True,0
0,47,0,0,prompt_anchor,1,raw,raw,pinned,100,0,0,hard,decoy_collision,3.125,tmh_fidelity_paged_kv,0,51,43,49,True,0
0,47,49,50,recent_tail,0,raw,raw,hot,100,0,0,hard,decoy_collision,3.125,tmh_fidelity_paged_kv,1,51,43,49,True,0
0,31,1,48,prefill_payload,0,int8,int4,warm,25,75,50,hard,decoy_collision,3.125,tmh_fidelity_paged_kv,2,51,43,49,True,0
32,47,1,48,late_layer_payload,0,int8,int8,warm,35,65,50,hard,decoy_collision,3.125,tmh_fidelity_paged_kv,3,51,43,49,True,0
0,47,0,0,prompt_anchor,1,raw,raw,pinned,100,0,0,hard,routing_table,3.125,tmh_fidelity_paged_kv,0,50,42,48,True,0
0,47,48,49,recent_tail,0,raw,raw,hot,100,0,0,hard,routing_table,3.125,tmh_fidelity_paged_kv,1,50,42,48,True,0
0,31,1,47,prefill_payload,0,int8,int4,warm,25,75,50,hard,routing_table,3.125,tmh_fidelity_paged_kv,2,50,42,48,True,0
32,47,1,47,late_layer_payload,0,int8,int8,warm,35,65,50,hard,routing_table,3.125,tmh_fidelity_paged_kv,3,50,42,48,True,0
0,47,0,0,prompt_anchor,1,raw,raw,pinned,100,0,0,hard,structured_records,3.125,tmh_fidelity_paged_kv,0,52,42,50,True,0
0,47,50,51,recent_tail,0,raw,raw,hot,100,0,0,hard,structured_records,3.125,tmh_fidelity_paged_kv,1,52,42,50,True,0
0,31,1,49,prefill_payload,0,int8,int4,warm,25,75,50,hard,structured_records,3.125,tmh_fidelity_paged_kv,2,52,42,50,True,0
32,47,1,49,late_layer_payload,0,int8,int8,warm,35,65,50,hard,structured_records,3.125,tmh_fidelity_paged_kv,3,52,42,50,True,0
0,47,0,0,prompt_anchor,1,raw,raw,pinned,100,0,0,hard,instruction_persistence,3.125,tmh_fidelity_paged_kv,0,86,78,83,True,0
0,47,83,85,recent_tail,0,raw,raw,hot,100,0,0,hard,instruction_persistence,3.125,tmh_fidelity_paged_kv,1,86,78,83,True,0
0,31,1,82,prefill_payload,0,int8,int4,warm,25,75,50,hard,instruction_persistence,3.125,tmh_fidelity_paged_kv,2,86,78,83,True,0
32,47,1,82,late_layer_payload,0,int8,int8,warm,35,65,50,hard,instruction_persistence,3.125,tmh_fidelity_paged_kv,3,86,78,83,True,0
0,47,0,0,prompt_anchor,1,raw,raw,pinned,100,0,0,hard,multi_hop_bridge,3.125,tmh_fidelity_paged_kv,0,50,40,48,True,0
0,47,48,49,recent_tail,0,raw,raw,hot,100,0,0,hard,multi_hop_bridge,3.125,tmh_fidelity_paged_kv,1,50,40,48,True,0
0,31,1,47,prefill_payload,0,int8,int4,warm,25,75,50,hard,multi_hop_bridge,3.125,tmh_fidelity_paged_kv,2,50,40,48,True,0
32,47,1,47,late_layer_payload,0,int8,int8,warm,35,65,50,hard,multi_hop_bridge,3.125,tmh_fidelity_paged_kv,3,50,40,48,True,0
0,47,0,0,prompt_anchor,1,raw,raw,pinned,100,0,0,hard,payload_dense,3.125,tmh_fidelity_paged_kv,0,89,77,86,True,0
0,47,86,88,recent_tail,0,raw,raw,hot,100,0,0,hard,payload_dense,3.125,tmh_fidelity_paged_kv,1,89,77,86,True,0
0,31,1,85,prefill_payload,0,int8,int4,warm,25,75,50,hard,payload_dense,3.125,tmh_fidelity_paged_kv,2,89,77,86,True,0
32,47,1,85,late_layer_payload,0,int8,int8,warm,35,65,50,hard,payload_dense,3.125,tmh_fidelity_paged_kv,3,89,77,86,True,0
0,47,0,0,prompt_anchor,1,raw,raw,pinned,100,0,0,hard,long_generation_systems,3.125,tmh_fidelity_paged_kv,0,47,23,45,True,0
0,47,45,46,recent_tail,0,raw,raw,hot,100,0,0,hard,long_generation_systems,3.125,tmh_fidelity_paged_kv,1,47,23,45,True,0
0,31,1,44,prefill_payload,0,int8,int4,warm,25,75,50,hard,long_generation_systems,3.125,tmh_fidelity_paged_kv,2,47,23,45,True,0
32,47,1,44,late_layer_payload,0,int8,int8,warm,35,65,50,hard,long_generation_systems,3.125,tmh_fidelity_paged_kv,3,47,23,45,True,0
0,47,0,0,prompt_anchor,1,raw,raw,pinned,100,0,0,hard,early_anchor_long_tail,0.0,tmh_fidelity_paged_kv,0,83,77,83,True,0
0,31,1,82,prefill_payload,0,int8,int4,warm,25,75,50,hard,early_anchor_long_tail,0.0,tmh_fidelity_paged_kv,1,83,77,83,True,0
32,47,1,82,late_layer_payload,0,int8,int8,warm,35,65,50,hard,early_anchor_long_tail,0.0,tmh_fidelity_paged_kv,2,83,77,83,True,0
0,47,0,0,prompt_anchor,1,raw,raw,pinned,100,0,0,hard,middle_anchor_detour,0.0,tmh_fidelity_paged_kv,0,68,60,68,True,0
0,31,1,67,prefill_payload,0,int8,int4,warm,25,75,50,hard,middle_anchor_detour,0.0,tmh_fidelity_paged_kv,1,68,60,68,True,0
32,47,1,67,late_layer_payload,0,int8,int8,warm,35,65,50,hard,middle_anchor_detour,0.0,tmh_fidelity_paged_kv,2,68,60,68,True,0
0,47,0,0,prompt_anchor,1,raw,raw,pinned,100,0,0,hard,late_anchor_control,0.0,tmh_fidelity_paged_kv,0,45,39,45,True,0
0,31,1,44,prefill_payload,0,int8,int4,warm,25,75,50,hard,late_anchor_control,0.0,tmh_fidelity_paged_kv,1,45,39,45,True,0
32,47,1,44,late_layer_payload,0,int8,int8,warm,35,65,50,hard,late_anchor_control,0.0,tmh_fidelity_paged_kv,2,45,39,45,True,0
0,47,0,0,prompt_anchor,1,raw,raw,pinned,100,0,0,hard,decoy_collision,0.0,tmh_fidelity_paged_kv,0,51,43,51,True,0
0,31,1,50,prefill_payload,0,int8,int4,warm,25,75,50,hard,decoy_collision,0.0,tmh_fidelity_paged_kv,1,51,43,51,True,0
32,47,1,50,late_layer_payload,0,int8,int8,warm,35,65,50,hard,decoy_collision,0.0,tmh_fidelity_paged_kv,2,51,43,51,True,0
0,47,0,0,prompt_anchor,1,raw,raw,pinned,100,0,0,hard,routing_table,0.0,tmh_fidelity_paged_kv,0,50,42,50,True,0
0,31,1,49,prefill_payload,0,int8,int4,warm,25,75,50,hard,routing_table,0.0,tmh_fidelity_paged_kv,1,50,42,50,True,0
32,47,1,49,late_layer_payload,0,int8,int8,warm,35,65,50,hard,routing_table,0.0,tmh_fidelity_paged_kv,2,50,42,50,True,0
0,47,0,0,prompt_anchor,1,raw,raw,pinned,100,0,0,hard,structured_records,0.0,tmh_fidelity_paged_kv,0,52,42,52,True,0
0,31,1,51,prefill_payload,0,int8,int4,warm,25,75,50,hard,structured_records,0.0,tmh_fidelity_paged_kv,1,52,42,52,True,0
32,47,1,51,late_layer_payload,0,int8,int8,warm,35,65,50,hard,structured_records,0.0,tmh_fidelity_paged_kv,2,52,42,52,True,0
0,47,0,0,prompt_anchor,1,raw,raw,pinned,100,0,0,hard,instruction_persistence,0.0,tmh_fidelity_paged_kv,0,86,78,86,True,0
0,31,1,85,prefill_payload,0,int8,int4,warm,25,75,50,hard,instruction_persistence,0.0,tmh_fidelity_paged_kv,1,86,78,86,True,0
32,47,1,85,late_layer_payload,0,int8,int8,warm,35,65,50,hard,instruction_persistence,0.0,tmh_fidelity_paged_kv,2,86,78,86,True,0
0,47,0,0,prompt_anchor,1,raw,raw,pinned,100,0,0,hard,multi_hop_bridge,0.0,tmh_fidelity_paged_kv,0,50,40,50,True,0
0,31,1,49,prefill_payload,0,int8,int4,warm,25,75,50,hard,multi_hop_bridge,0.0,tmh_fidelity_paged_kv,1,50,40,50,True,0
32,47,1,49,late_layer_payload,0,int8,int8,warm,35,65,50,hard,multi_hop_bridge,0.0,tmh_fidelity_paged_kv,2,50,40,50,True,0
0,47,0,0,prompt_anchor,1,raw,raw,pinned,100,0,0,hard,payload_dense,0.0,tmh_fidelity_paged_kv,0,89,77,89,True,0
0,31,1,88,prefill_payload,0,int8,int4,warm,25,75,50,hard,payload_dense,0.0,tmh_fidelity_paged_kv,1,89,77,89,True,0
32,47,1,88,late_layer_payload,0,int8,int8,warm,35,65,50,hard,payload_dense,0.0,tmh_fidelity_paged_kv,2,89,77,89,True,0
0,47,0,0,prompt_anchor,1,raw,raw,pinned,100,0,0,hard,long_generation_systems,0.0,tmh_fidelity_paged_kv,0,47,23,47,True,0
0,31,1,46,prefill_payload,0,int8,int4,warm,25,75,50,hard,long_generation_systems,0.0,tmh_fidelity_paged_kv,1,47,23,47,True,0
32,47,1,46,late_layer_payload,0,int8,int8,warm,35,65,50,hard,long_generation_systems,0.0,tmh_fidelity_paged_kv,2,47,23,47,True,0
0,47,0,0,prompt_anchor,1,raw,raw,pinned,100,0,0,hard,early_anchor_long_tail,75.0,tmh_fidelity_paged_kv,0,42,39,10,True,0
0,47,10,41,recent_tail,0,raw,raw,hot,100,0,0,hard,early_anchor_long_tail,75.0,tmh_fidelity_paged_kv,1,42,39,10,True,0
0,31,1,9,prefill_payload,0,int8,int4,warm,25,75,50,hard,early_anchor_long_tail,75.0,tmh_fidelity_paged_kv,2,42,39,10,True,0
32,47,1,9,late_layer_payload,0,int8,int8,warm,35,65,50,hard,early_anchor_long_tail,75.0,tmh_fidelity_paged_kv,3,42,39,10,True,0
0,47,0,0,prompt_anchor,1,raw,raw,pinned,100,0,0,hard,middle_anchor_detour,75.0,tmh_fidelity_paged_kv,0,34,30,8,True,0
0,47,8,33,recent_tail,0,raw,raw,hot,100,0,0,hard,middle_anchor_detour,75.0,tmh_fidelity_paged_kv,1,34,30,8,True,0
0,31,1,7,prefill_payload,0,int8,int4,warm,25,75,50,hard,middle_anchor_detour,75.0,tmh_fidelity_paged_kv,2,34,30,8,True,0
32,47,1,7,late_layer_payload,0,int8,int8,warm,35,65,50,hard,middle_anchor_detour,75.0,tmh_fidelity_paged_kv,3,34,30,8,True,0
0,47,0,0,prompt_anchor,1,raw,raw,pinned,100,0,0,hard,late_anchor_control,75.0,tmh_fidelity_paged_kv,0,23,20,5,True,0
0,47,5,22,recent_tail,0,raw,raw,hot,100,0,0,hard,late_anchor_control,75.0,tmh_fidelity_paged_kv,1,23,20,5,True,0
0,31,1,4,prefill_payload,0,int8,int4,warm,25,75,50,hard,late_anchor_control,75.0,tmh_fidelity_paged_kv,2,23,20,5,True,0
32,47,1,4,late_layer_payload,0,int8,int8,warm,35,65,50,hard,late_anchor_control,75.0,tmh_fidelity_paged_kv,3,23,20,5,True,0
0,47,0,0,prompt_anchor,1,raw,raw,pinned,100,0,0,hard,decoy_collision,75.0,tmh_fidelity_paged_kv,0,26,22,6,True,0
0,47,6,25,recent_tail,0,raw,raw,hot,100,0,0,hard,decoy_collision,75.0,tmh_fidelity_paged_kv,1,26,22,6,True,0
0,31,1,5,prefill_payload,0,int8,int4,warm,25,75,50,hard,decoy_collision,75.0,tmh_fidelity_paged_kv,2,26,22,6,True,0
32,47,1,5,late_layer_payload,0,int8,int8,warm,35,65,50,hard,decoy_collision,75.0,tmh_fidelity_paged_kv,3,26,22,6,True,0
0,47,0,0,prompt_anchor,1,raw,raw,pinned,100,0,0,hard,routing_table,75.0,tmh_fidelity_paged_kv,0,25,21,6,True,0
0,47,6,24,recent_tail,0,raw,raw,hot,100,0,0,hard,routing_table,75.0,tmh_fidelity_paged_kv,1,25,21,6,True,0
0,31,1,5,prefill_payload,0,int8,int4,warm,25,75,50,hard,routing_table,75.0,tmh_fidelity_paged_kv,2,25,21,6,True,0
32,47,1,5,late_layer_payload,0,int8,int8,warm,35,65,50,hard,routing_table,75.0,tmh_fidelity_paged_kv,3,25,21,6,True,0
0,47,0,0,prompt_anchor,1,raw,raw,pinned,100,0,0,hard,structured_records,75.0,tmh_fidelity_paged_kv,0,26,21,6,True,0
0,47,6,25,recent_tail,0,raw,raw,hot,100,0,0,hard,structured_records,75.0,tmh_fidelity_paged_kv,1,26,21,6,True,0
0,31,1,5,prefill_payload,0,int8,int4,warm,25,75,50,hard,structured_records,75.0,tmh_fidelity_paged_kv,2,26,21,6,True,0
32,47,1,5,late_layer_payload,0,int8,int8,warm,35,65,50,hard,structured_records,75.0,tmh_fidelity_paged_kv,3,26,21,6,True,0
0,47,0,0,prompt_anchor,1,raw,raw,pinned,100,0,0,hard,instruction_persistence,75.0,tmh_fidelity_paged_kv,0,43,39,10,True,0
0,47,10,42,recent_tail,0,raw,raw,hot,100,0,0,hard,instruction_persistence,75.0,tmh_fidelity_paged_kv,1,43,39,10,True,0
0,31,1,9,prefill_payload,0,int8,int4,warm,25,75,50,hard,instruction_persistence,75.0,tmh_fidelity_paged_kv,2,43,39,10,True,0
32,47,1,9,late_layer_payload,0,int8,int8,warm,35,65,50,hard,instruction_persistence,75.0,tmh_fidelity_paged_kv,3,43,39,10,True,0
0,47,0,0,prompt_anchor,1,raw,raw,pinned,100,0,0,hard,multi_hop_bridge,75.0,tmh_fidelity_paged_kv,0,25,20,6,True,0
0,47,6,24,recent_tail,0,raw,raw,hot,100,0,0,hard,multi_hop_bridge,75.0,tmh_fidelity_paged_kv,1,25,20,6,True,0
0,31,1,5,prefill_payload,0,int8,int4,warm,25,75,50,hard,multi_hop_bridge,75.0,tmh_fidelity_paged_kv,2,25,20,6,True,0
32,47,1,5,late_layer_payload,0,int8,int8,warm,35,65,50,hard,multi_hop_bridge,75.0,tmh_fidelity_paged_kv,3,25,20,6,True,0
0,47,0,0,prompt_anchor,1,raw,raw,pinned,100,0,0,hard,payload_dense,75.0,tmh_fidelity_paged_kv,0,45,39,11,True,0
0,47,11,44,recent_tail,0,raw,raw,hot,100,0,0,hard,payload_dense,75.0,tmh_fidelity_paged_kv,1,45,39,11,True,0
0,31,1,10,prefill_payload,0,int8,int4,warm,25,75,50,hard,payload_dense,75.0,tmh_fidelity_paged_kv,2,45,39,11,True,0
32,47,1,10,late_layer_payload,0,int8,int8,warm,35,65,50,hard,payload_dense,75.0,tmh_fidelity_paged_kv,3,45,39,11,True,0
0,47,0,0,prompt_anchor,1,raw,raw,pinned,100,0,0,hard,long_generation_systems,75.0,tmh_fidelity_paged_kv,0,24,12,6,True,0
0,47,6,23,recent_tail,0,raw,raw,hot,100,0,0,hard,long_generation_systems,75.0,tmh_fidelity_paged_kv,1,24,12,6,True,0
0,31,1,5,prefill_payload,0,int8,int4,warm,25,75,50,hard,long_generation_systems,75.0,tmh_fidelity_paged_kv,2,24,12,6,True,0
32,47,1,5,late_layer_payload,0,int8,int8,warm,35,65,50,hard,long_generation_systems,75.0,tmh_fidelity_paged_kv,3,24,12,6,True,0
0,47,0,0,prompt_anchor,1,raw,raw,pinned,100,0,0,hard,early_anchor_long_tail,50.0,tmh_fidelity_paged_kv,0,42,39,21,True,0
0,47,21,41,recent_tail,0,raw,raw,hot,100,0,0,hard,early_anchor_long_tail,50.0,tmh_fidelity_paged_kv,1,42,39,21,True,0
0,31,1,20,prefill_payload,0,int8,int4,warm,25,75,50,hard,early_anchor_long_tail,50.0,tmh_fidelity_paged_kv,2,42,39,21,True,0
32,47,1,20,late_layer_payload,0,int8,int8,warm,35,65,50,hard,early_anchor_long_tail,50.0,tmh_fidelity_paged_kv,3,42,39,21,True,0
0,47,0,0,prompt_anchor,1,raw,raw,pinned,100,0,0,hard,middle_anchor_detour,50.0,tmh_fidelity_paged_kv,0,34,30,17,True,0
0,47,17,33,recent_tail,0,raw,raw,hot,100,0,0,hard,middle_anchor_detour,50.0,tmh_fidelity_paged_kv,1,34,30,17,True,0
0,31,1,16,prefill_payload,0,int8,int4,warm,25,75,50,hard,middle_anchor_detour,50.0,tmh_fidelity_paged_kv,2,34,30,17,True,0
32,47,1,16,late_layer_payload,0,int8,int8,warm,35,65,50,hard,middle_anchor_detour,50.0,tmh_fidelity_paged_kv,3,34,30,17,True,0
0,47,0,0,prompt_anchor,1,raw,raw,pinned,100,0,0,hard,late_anchor_control,50.0,tmh_fidelity_paged_kv,0,23,20,11,True,0
0,47,11,22,recent_tail,0,raw,raw,hot,100,0,0,hard,late_anchor_control,50.0,tmh_fidelity_paged_kv,1,23,20,11,True,0
0,31,1,10,prefill_payload,0,int8,int4,warm,25,75,50,hard,late_anchor_control,50.0,tmh_fidelity_paged_kv,2,23,20,11,True,0
32,47,1,10,late_layer_payload,0,int8,int8,warm,35,65,50,hard,late_anchor_control,50.0,tmh_fidelity_paged_kv,3,23,20,11,True,0
0,47,0,0,prompt_anchor,1,raw,raw,pinned,100,0,0,hard,decoy_collision,50.0,tmh_fidelity_paged_kv,0,26,22,13,True,0
0,47,13,25,recent_tail,0,raw,raw,hot,100,0,0,hard,decoy_collision,50.0,tmh_fidelity_paged_kv,1,26,22,13,True,0
0,31,1,12,prefill_payload,0,int8,int4,warm,25,75,50,hard,decoy_collision,50.0,tmh_fidelity_paged_kv,2,26,22,13,True,0
32,47,1,12,late_layer_payload,0,int8,int8,warm,35,65,50,hard,decoy_collision,50.0,tmh_fidelity_paged_kv,3,26,22,13,True,0
0,47,0,0,prompt_anchor,1,raw,raw,pinned,100,0,0,hard,routing_table,50.0,tmh_fidelity_paged_kv,0,25,21,12,True,0
0,47,12,24,recent_tail,0,raw,raw,hot,100,0,0,hard,routing_table,50.0,tmh_fidelity_paged_kv,1,25,21,12,True,0
0,31,1,11,prefill_payload,0,int8,int4,warm,25,75,50,hard,routing_table,50.0,tmh_fidelity_paged_kv,2,25,21,12,True,0
32,47,1,11,late_layer_payload,0,int8,int8,warm,35,65,50,hard,routing_table,50.0,tmh_fidelity_paged_kv,3,25,21,12,True,0
0,47,0,0,prompt_anchor,1,raw,raw,pinned,100,0,0,hard,structured_records,50.0,tmh_fidelity_paged_kv,0,26,21,13,True,0
0,47,13,25,recent_tail,0,raw,raw,hot,100,0,0,hard,structured_records,50.0,tmh_fidelity_paged_kv,1,26,21,13,True,0
0,31,1,12,prefill_payload,0,int8,int4,warm,25,75,50,hard,structured_records,50.0,tmh_fidelity_paged_kv,2,26,21,13,True,0
32,47,1,12,late_layer_payload,0,int8,int8,warm,35,65,50,hard,structured_records,50.0,tmh_fidelity_paged_kv,3,26,21,13,True,0
0,47,0,0,prompt_anchor,1,raw,raw,pinned,100,0,0,hard,instruction_persistence,50.0,tmh_fidelity_paged_kv,0,43,39,21,True,0
0,47,21,42,recent_tail,0,raw,raw,hot,100,0,0,hard,instruction_persistence,50.0,tmh_fidelity_paged_kv,1,43,39,21,True,0
0,31,1,20,prefill_payload,0,int8,int4,warm,25,75,50,hard,instruction_persistence,50.0,tmh_fidelity_paged_kv,2,43,39,21,True,0
32,47,1,20,late_layer_payload,0,int8,int8,warm,35,65,50,hard,instruction_persistence,50.0,tmh_fidelity_paged_kv,3,43,39,21,True,0
0,47,0,0,prompt_anchor,1,raw,raw,pinned,100,0,0,hard,multi_hop_bridge,50.0,tmh_fidelity_paged_kv,0,25,20,12,True,0
0,47,12,24,recent_tail,0,raw,raw,hot,100,0,0,hard,multi_hop_bridge,50.0,tmh_fidelity_paged_kv,1,25,20,12,True,0
0,31,1,11,prefill_payload,0,int8,int4,warm,25,75,50,hard,multi_hop_bridge,50.0,tmh_fidelity_paged_kv,2,25,20,12,True,0
32,47,1,11,late_layer_payload,0,int8,int8,warm,35,65,50,hard,multi_hop_bridge,50.0,tmh_fidelity_paged_kv,3,25,20,12,True,0
0,47,0,0,prompt_anchor,1,raw,raw,pinned,100,0,0,hard,payload_dense,50.0,tmh_fidelity_paged_kv,0,45,39,22,True,0
0,47,22,44,recent_tail,0,raw,raw,hot,100,0,0,hard,payload_dense,50.0,tmh_fidelity_paged_kv,1,45,39,22,True,0
0,31,1,21,prefill_payload,0,int8,int4,warm,25,75,50,hard,payload_dense,50.0,tmh_fidelity_paged_kv,2,45,39,22,True,0
32,47,1,21,late_layer_payload,0,int8,int8,warm,35,65,50,hard,payload_dense,50.0,tmh_fidelity_paged_kv,3,45,39,22,True,0
0,47,0,0,prompt_anchor,1,raw,raw,pinned,100,0,0,hard,long_generation_systems,50.0,tmh_fidelity_paged_kv,0,24,12,12,True,0
0,47,12,23,recent_tail,0,raw,raw,hot,100,0,0,hard,long_generation_systems,50.0,tmh_fidelity_paged_kv,1,24,12,12,True,0
0,31,1,11,prefill_payload,0,int8,int4,warm,25,75,50,hard,long_generation_systems,50.0,tmh_fidelity_paged_kv,2,24,12,12,True,0
32,47,1,11,late_layer_payload,0,int8,int8,warm,35,65,50,hard,long_generation_systems,50.0,tmh_fidelity_paged_kv,3,24,12,12,True,0
0,47,0,0,prompt_anchor,1,raw,raw,pinned,100,0,0,hard,early_anchor_long_tail,25.0,tmh_fidelity_paged_kv,0,42,39,31,True,0
0,47,31,41,recent_tail,0,raw,raw,hot,100,0,0,hard,early_anchor_long_tail,25.0,tmh_fidelity_paged_kv,1,42,39,31,True,0
0,31,1,30,prefill_payload,0,int8,int4,warm,25,75,50,hard,early_anchor_long_tail,25.0,tmh_fidelity_paged_kv,2,42,39,31,True,0
32,47,1,30,late_layer_payload,0,int8,int8,warm,35,65,50,hard,early_anchor_long_tail,25.0,tmh_fidelity_paged_kv,3,42,39,31,True,0
0,47,0,0,prompt_anchor,1,raw,raw,pinned,100,0,0,hard,middle_anchor_detour,25.0,tmh_fidelity_paged_kv,0,34,30,25,True,0
0,47,25,33,recent_tail,0,raw,raw,hot,100,0,0,hard,middle_anchor_detour,25.0,tmh_fidelity_paged_kv,1,34,30,25,True,0
0,31,1,24,prefill_payload,0,int8,int4,warm,25,75,50,hard,middle_anchor_detour,25.0,tmh_fidelity_paged_kv,2,34,30,25,True,0
32,47,1,24,late_layer_payload,0,int8,int8,warm,35,65,50,hard,middle_anchor_detour,25.0,tmh_fidelity_paged_kv,3,34,30,25,True,0
0,47,0,0,prompt_anchor,1,raw,raw,pinned,100,0,0,hard,late_anchor_control,25.0,tmh_fidelity_paged_kv,0,23,20,17,True,0
0,47,17,22,recent_tail,0,raw,raw,hot,100,0,0,hard,late_anchor_control,25.0,tmh_fidelity_paged_kv,1,23,20,17,True,0
0,31,1,16,prefill_payload,0,int8,int4,warm,25,75,50,hard,late_anchor_control,25.0,tmh_fidelity_paged_kv,2,23,20,17,True,0
32,47,1,16,late_layer_payload,0,int8,int8,warm,35,65,50,hard,late_anchor_control,25.0,tmh_fidelity_paged_kv,3,23,20,17,True,0
0,47,0,0,prompt_anchor,1,raw,raw,pinned,100,0,0,hard,decoy_collision,25.0,tmh_fidelity_paged_kv,0,26,22,19,True,0
0,47,19,25,recent_tail,0,raw,raw,hot,100,0,0,hard,decoy_collision,25.0,tmh_fidelity_paged_kv,1,26,22,19,True,0
0,31,1,18,prefill_payload,0,int8,int4,warm,25,75,50,hard,decoy_collision,25.0,tmh_fidelity_paged_kv,2,26,22,19,True,0
32,47,1,18,late_layer_payload,0,int8,int8,warm,35,65,50,hard,decoy_collision,25.0,tmh_fidelity_paged_kv,3,26,22,19,True,0
0,47,0,0,prompt_anchor,1,raw,raw,pinned,100,0,0,hard,routing_table,25.0,tmh_fidelity_paged_kv,0,25,21,18,True,0
0,47,18,24,recent_tail,0,raw,raw,hot,100,0,0,hard,routing_table,25.0,tmh_fidelity_paged_kv,1,25,21,18,True,0
0,31,1,17,prefill_payload,0,int8,int4,warm,25,75,50,hard,routing_table,25.0,tmh_fidelity_paged_kv,2,25,21,18,True,0
32,47,1,17,late_layer_payload,0,int8,int8,warm,35,65,50,hard,routing_table,25.0,tmh_fidelity_paged_kv,3,25,21,18,True,0
0,47,0,0,prompt_anchor,1,raw,raw,pinned,100,0,0,hard,structured_records,25.0,tmh_fidelity_paged_kv,0,26,21,19,True,0
0,47,19,25,recent_tail,0,raw,raw,hot,100,0,0,hard,structured_records,25.0,tmh_fidelity_paged_kv,1,26,21,19,True,0
0,31,1,18,prefill_payload,0,int8,int4,warm,25,75,50,hard,structured_records,25.0,tmh_fidelity_paged_kv,2,26,21,19,True,0
32,47,1,18,late_layer_payload,0,int8,int8,warm,35,65,50,hard,structured_records,25.0,tmh_fidelity_paged_kv,3,26,21,19,True,0
0,47,0,0,prompt_anchor,1,raw,raw,pinned,100,0,0,hard,instruction_persistence,25.0,tmh_fidelity_paged_kv,0,43,39,32,True,0
0,47,32,42,recent_tail,0,raw,raw,hot,100,0,0,hard,instruction_persistence,25.0,tmh_fidelity_paged_kv,1,43,39,32,True,0
0,31,1,31,prefill_payload,0,int8,int4,warm,25,75,50,hard,instruction_persistence,25.0,tmh_fidelity_paged_kv,2,43,39,32,True,0
32,47,1,31,late_layer_payload,0,int8,int8,warm,35,65,50,hard,instruction_persistence,25.0,tmh_fidelity_paged_kv,3,43,39,32,True,0
0,47,0,0,prompt_anchor,1,raw,raw,pinned,100,0,0,hard,multi_hop_bridge,25.0,tmh_fidelity_paged_kv,0,25,20,18,True,0
0,47,18,24,recent_tail,0,raw,raw,hot,100,0,0,hard,multi_hop_bridge,25.0,tmh_fidelity_paged_kv,1,25,20,18,True,0
0,31,1,17,prefill_payload,0,int8,int4,warm,25,75,50,hard,multi_hop_bridge,25.0,tmh_fidelity_paged_kv,2,25,20,18,True,0
32,47,1,17,late_layer_payload,0,int8,int8,warm,35,65,50,hard,multi_hop_bridge,25.0,tmh_fidelity_paged_kv,3,25,20,18,True,0
0,47,0,0,prompt_anchor,1,raw,raw,pinned,100,0,0,hard,payload_dense,25.0,tmh_fidelity_paged_kv,0,45,39,33,True,0
0,47,33,44,recent_tail,0,raw,raw,hot,100,0,0,hard,payload_dense,25.0,tmh_fidelity_paged_kv,1,45,39,33,True,0
0,31,1,32,prefill_payload,0,int8,int4,warm,25,75,50,hard,payload_dense,25.0,tmh_fidelity_paged_kv,2,45,39,33,True,0
32,47,1,32,late_layer_payload,0,int8,int8,warm,35,65,50,hard,payload_dense,25.0,tmh_fidelity_paged_kv,3,45,39,33,True,0
0,47,0,0,prompt_anchor,1,raw,raw,pinned,100,0,0,hard,long_generation_systems,25.0,tmh_fidelity_paged_kv,0,24,12,18,True,0
0,47,18,23,recent_tail,0,raw,raw,hot,100,0,0,hard,long_generation_systems,25.0,tmh_fidelity_paged_kv,1,24,12,18,True,0
0,31,1,17,prefill_payload,0,int8,int4,warm,25,75,50,hard,long_generation_systems,25.0,tmh_fidelity_paged_kv,2,24,12,18,True,0
32,47,1,17,late_layer_payload,0,int8,int8,warm,35,65,50,hard,long_generation_systems,25.0,tmh_fidelity_paged_kv,3,24,12,18,True,0
0,47,0,0,prompt_anchor,1,raw,raw,pinned,100,0,0,hard,early_anchor_long_tail,12.5,tmh_fidelity_paged_kv,0,42,39,36,True,0
0,47,36,41,recent_tail,0,raw,raw,hot,100,0,0,hard,early_anchor_long_tail,12.5,tmh_fidelity_paged_kv,1,42,39,36,True,0
0,31,1,35,prefill_payload,0,int8,int4,warm,25,75,50,hard,early_anchor_long_tail,12.5,tmh_fidelity_paged_kv,2,42,39,36,True,0
32,47,1,35,late_layer_payload,0,int8,int8,warm,35,65,50,hard,early_anchor_long_tail,12.5,tmh_fidelity_paged_kv,3,42,39,36,True,0
0,47,0,0,prompt_anchor,1,raw,raw,pinned,100,0,0,hard,middle_anchor_detour,12.5,tmh_fidelity_paged_kv,0,34,30,29,True,0
0,47,29,33,recent_tail,0,raw,raw,hot,100,0,0,hard,middle_anchor_detour,12.5,tmh_fidelity_paged_kv,1,34,30,29,True,0
0,31,1,28,prefill_payload,0,int8,int4,warm,25,75,50,hard,middle_anchor_detour,12.5,tmh_fidelity_paged_kv,2,34,30,29,True,0
32,47,1,28,late_layer_payload,0,int8,int8,warm,35,65,50,hard,middle_anchor_detour,12.5,tmh_fidelity_paged_kv,3,34,30,29,True,0
0,47,0,0,prompt_anchor,1,raw,raw,pinned,100,0,0,hard,late_anchor_control,12.5,tmh_fidelity_paged_kv,0,23,20,20,True,0
0,47,20,22,recent_tail,0,raw,raw,hot,100,0,0,hard,late_anchor_control,12.5,tmh_fidelity_paged_kv,1,23,20,20,True,0
0,31,1,19,prefill_payload,0,int8,int4,warm,25,75,50,hard,late_anchor_control,12.5,tmh_fidelity_paged_kv,2,23,20,20,True,0
32,47,1,19,late_layer_payload,0,int8,int8,warm,35,65,50,hard,late_anchor_control,12.5,tmh_fidelity_paged_kv,3,23,20,20,True,0
0,47,0,0,prompt_anchor,1,raw,raw,pinned,100,0,0,hard,decoy_collision,12.5,tmh_fidelity_paged_kv,0,26,22,22,True,0
0,47,22,25,recent_tail,0,raw,raw,hot,100,0,0,hard,decoy_collision,12.5,tmh_fidelity_paged_kv,1,26,22,22,True,0
0,31,1,21,prefill_payload,0,int8,int4,warm,25,75,50,hard,decoy_collision,12.5,tmh_fidelity_paged_kv,2,26,22,22,True,0
32,47,1,21,late_layer_payload,0,int8,int8,warm,35,65,50,hard,decoy_collision,12.5,tmh_fidelity_paged_kv,3,26,22,22,True,0
0,47,0,0,prompt_anchor,1,raw,raw,pinned,100,0,0,hard,routing_table,12.5,tmh_fidelity_paged_kv,0,25,21,21,True,0
0,47,21,24,recent_tail,0,raw,raw,hot,100,0,0,hard,routing_table,12.5,tmh_fidelity_paged_kv,1,25,21,21,True,0
0,31,1,20,prefill_payload,0,int8,int4,warm,25,75,50,hard,routing_table,12.5,tmh_fidelity_paged_kv,2,25,21,21,True,0
32,47,1,20,late_layer_payload,0,int8,int8,warm,35,65,50,hard,routing_table,12.5,tmh_fidelity_paged_kv,3,25,21,21,True,0
0,47,0,0,prompt_anchor,1,raw,raw,pinned,100,0,0,hard,structured_records,12.5,tmh_fidelity_paged_kv,0,26,21,22,True,0
0,47,22,25,recent_tail,0,raw,raw,hot,100,0,0,hard,structured_records,12.5,tmh_fidelity_paged_kv,1,26,21,22,True,0
0,31,1,21,prefill_payload,0,int8,int4,warm,25,75,50,hard,structured_records,12.5,tmh_fidelity_paged_kv,2,26,21,22,True,0
32,47,1,21,late_layer_payload,0,int8,int8,warm,35,65,50,hard,structured_records,12.5,tmh_fidelity_paged_kv,3,26,21,22,True,0
0,47,0,0,prompt_anchor,1,raw,raw,pinned,100,0,0,hard,instruction_persistence,12.5,tmh_fidelity_paged_kv,0,43,39,37,True,0
0,47,37,42,recent_tail,0,raw,raw,hot,100,0,0,hard,instruction_persistence,12.5,tmh_fidelity_paged_kv,1,43,39,37,True,0
0,31,1,36,prefill_payload,0,int8,int4,warm,25,75,50,hard,instruction_persistence,12.5,tmh_fidelity_paged_kv,2,43,39,37,True,0
32,47,1,36,late_layer_payload,0,int8,int8,warm,35,65,50,hard,instruction_persistence,12.5,tmh_fidelity_paged_kv,3,43,39,37,True,0
0,47,0,0,prompt_anchor,1,raw,raw,pinned,100,0,0,hard,multi_hop_bridge,12.5,tmh_fidelity_paged_kv,0,25,20,21,True,0
0,47,21,24,recent_tail,0,raw,raw,hot,100,0,0,hard,multi_hop_bridge,12.5,tmh_fidelity_paged_kv,1,25,20,21,True,0
0,31,1,20,prefill_payload,0,int8,int4,warm,25,75,50,hard,multi_hop_bridge,12.5,tmh_fidelity_paged_kv,2,25,20,21,True,0
32,47,1,20,late_layer_payload,0,int8,int8,warm,35,65,50,hard,multi_hop_bridge,12.5,tmh_fidelity_paged_kv,3,25,20,21,True,0
0,47,0,0,prompt_anchor,1,raw,raw,pinned,100,0,0,hard,payload_dense,12.5,tmh_fidelity_paged_kv,0,45,39,39,True,0
0,47,39,44,recent_tail,0,raw,raw,hot,100,0,0,hard,payload_dense,12.5,tmh_fidelity_paged_kv,1,45,39,39,True,0
0,31,1,38,prefill_payload,0,int8,int4,warm,25,75,50,hard,payload_dense,12.5,tmh_fidelity_paged_kv,2,45,39,39,True,0
32,47,1,38,late_layer_payload,0,int8,int8,warm,35,65,50,hard,payload_dense,12.5,tmh_fidelity_paged_kv,3,45,39,39,True,0
0,47,0,0,prompt_anchor,1,raw,raw,pinned,100,0,0,hard,long_generation_systems,12.5,tmh_fidelity_paged_kv,0,24,12,21,True,0
0,47,21,23,recent_tail,0,raw,raw,hot,100,0,0,hard,long_generation_systems,12.5,tmh_fidelity_paged_kv,1,24,12,21,True,0
0,31,1,20,prefill_payload,0,int8,int4,warm,25,75,50,hard,long_generation_systems,12.5,tmh_fidelity_paged_kv,2,24,12,21,True,0
32,47,1,20,late_layer_payload,0,int8,int8,warm,35,65,50,hard,long_generation_systems,12.5,tmh_fidelity_paged_kv,3,24,12,21,True,0
0,47,0,0,prompt_anchor,1,raw,raw,pinned,100,0,0,hard,early_anchor_long_tail,6.25,tmh_fidelity_paged_kv,0,42,39,39,True,0
0,47,39,41,recent_tail,0,raw,raw,hot,100,0,0,hard,early_anchor_long_tail,6.25,tmh_fidelity_paged_kv,1,42,39,39,True,0
0,31,1,38,prefill_payload,0,int8,int4,warm,25,75,50,hard,early_anchor_long_tail,6.25,tmh_fidelity_paged_kv,2,42,39,39,True,0
32,47,1,38,late_layer_payload,0,int8,int8,warm,35,65,50,hard,early_anchor_long_tail,6.25,tmh_fidelity_paged_kv,3,42,39,39,True,0
0,47,0,0,prompt_anchor,1,raw,raw,pinned,100,0,0,hard,middle_anchor_detour,6.25,tmh_fidelity_paged_kv,0,34,30,31,True,0
0,47,31,33,recent_tail,0,raw,raw,hot,100,0,0,hard,middle_anchor_detour,6.25,tmh_fidelity_paged_kv,1,34,30,31,True,0
0,31,1,30,prefill_payload,0,int8,int4,warm,25,75,50,hard,middle_anchor_detour,6.25,tmh_fidelity_paged_kv,2,34,30,31,True,0
32,47,1,30,late_layer_payload,0,int8,int8,warm,35,65,50,hard,middle_anchor_detour,6.25,tmh_fidelity_paged_kv,3,34,30,31,True,0
0,47,0,0,prompt_anchor,1,raw,raw,pinned,100,0,0,hard,late_anchor_control,6.25,tmh_fidelity_paged_kv,0,23,20,21,True,0
0,47,21,22,recent_tail,0,raw,raw,hot,100,0,0,hard,late_anchor_control,6.25,tmh_fidelity_paged_kv,1,23,20,21,True,0
0,31,1,20,prefill_payload,0,int8,int4,warm,25,75,50,hard,late_anchor_control,6.25,tmh_fidelity_paged_kv,2,23,20,21,True,0
32,47,1,20,late_layer_payload,0,int8,int8,warm,35,65,50,hard,late_anchor_control,6.25,tmh_fidelity_paged_kv,3,23,20,21,True,0
0,47,0,0,prompt_anchor,1,raw,raw,pinned,100,0,0,hard,decoy_collision,6.25,tmh_fidelity_paged_kv,0,26,22,24,True,0
0,47,24,25,recent_tail,0,raw,raw,hot,100,0,0,hard,decoy_collision,6.25,tmh_fidelity_paged_kv,1,26,22,24,True,0
0,31,1,23,prefill_payload,0,int8,int4,warm,25,75,50,hard,decoy_collision,6.25,tmh_fidelity_paged_kv,2,26,22,24,True,0
32,47,1,23,late_layer_payload,0,int8,int8,warm,35,65,50,hard,decoy_collision,6.25,tmh_fidelity_paged_kv,3,26,22,24,True,0
0,47,0,0,prompt_anchor,1,raw,raw,pinned,100,0,0,hard,routing_table,6.25,tmh_fidelity_paged_kv,0,25,21,23,True,0
0,47,23,24,recent_tail,0,raw,raw,hot,100,0,0,hard,routing_table,6.25,tmh_fidelity_paged_kv,1,25,21,23,True,0
0,31,1,22,prefill_payload,0,int8,int4,warm,25,75,50,hard,routing_table,6.25,tmh_fidelity_paged_kv,2,25,21,23,True,0
32,47,1,22,late_layer_payload,0,int8,int8,warm,35,65,50,hard,routing_table,6.25,tmh_fidelity_paged_kv,3,25,21,23,True,0
0,47,0,0,prompt_anchor,1,raw,raw,pinned,100,0,0,hard,structured_records,6.25,tmh_fidelity_paged_kv,0,26,21,24,True,0
0,47,24,25,recent_tail,0,raw,raw,hot,100,0,0,hard,structured_records,6.25,tmh_fidelity_paged_kv,1,26,21,24,True,0
0,31,1,23,prefill_payload,0,int8,int4,warm,25,75,50,hard,structured_records,6.25,tmh_fidelity_paged_kv,2,26,21,24,True,0
32,47,1,23,late_layer_payload,0,int8,int8,warm,35,65,50,hard,structured_records,6.25,tmh_fidelity_paged_kv,3,26,21,24,True,0
0,47,0,0,prompt_anchor,1,raw,raw,pinned,100,0,0,hard,instruction_persistence,6.25,tmh_fidelity_paged_kv,0,43,39,40,True,0
0,47,40,42,recent_tail,0,raw,raw,hot,100,0,0,hard,instruction_persistence,6.25,tmh_fidelity_paged_kv,1,43,39,40,True,0
0,31,1,39,prefill_payload,0,int8,int4,warm,25,75,50,hard,instruction_persistence,6.25,tmh_fidelity_paged_kv,2,43,39,40,True,0
32,47,1,39,late_layer_payload,0,int8,int8,warm,35,65,50,hard,instruction_persistence,6.25,tmh_fidelity_paged_kv,3,43,39,40,True,0
0,47,0,0,prompt_anchor,1,raw,raw,pinned,100,0,0,hard,multi_hop_bridge,6.25,tmh_fidelity_paged_kv,0,25,20,23,True,0
0,47,23,24,recent_tail,0,raw,raw,hot,100,0,0,hard,multi_hop_bridge,6.25,tmh_fidelity_paged_kv,1,25,20,23,True,0
0,31,1,22,prefill_payload,0,int8,int4,warm,25,75,50,hard,multi_hop_bridge,6.25,tmh_fidelity_paged_kv,2,25,20,23,True,0
32,47,1,22,late_layer_payload,0,int8,int8,warm,35,65,50,hard,multi_hop_bridge,6.25,tmh_fidelity_paged_kv,3,25,20,23,True,0
0,47,0,0,prompt_anchor,1,raw,raw,pinned,100,0,0,hard,payload_dense,6.25,tmh_fidelity_paged_kv,0,45,39,42,True,0
0,47,42,44,recent_tail,0,raw,raw,hot,100,0,0,hard,payload_dense,6.25,tmh_fidelity_paged_kv,1,45,39,42,True,0
0,31,1,41,prefill_payload,0,int8,int4,warm,25,75,50,hard,payload_dense,6.25,tmh_fidelity_paged_kv,2,45,39,42,True,0
32,47,1,41,late_layer_payload,0,int8,int8,warm,35,65,50,hard,payload_dense,6.25,tmh_fidelity_paged_kv,3,45,39,42,True,0
0,47,0,0,prompt_anchor,1,raw,raw,pinned,100,0,0,hard,long_generation_systems,6.25,tmh_fidelity_paged_kv,0,24,12,22,True,0
0,47,22,23,recent_tail,0,raw,raw,hot,100,0,0,hard,long_generation_systems,6.25,tmh_fidelity_paged_kv,1,24,12,22,True,0
0,31,1,21,prefill_payload,0,int8,int4,warm,25,75,50,hard,long_generation_systems,6.25,tmh_fidelity_paged_kv,2,24,12,22,True,0
32,47,1,21,late_layer_payload,0,int8,int8,warm,35,65,50,hard,long_generation_systems,6.25,tmh_fidelity_paged_kv,3,24,12,22,True,0
0,47,0,0,prompt_anchor,1,raw,raw,pinned,100,0,0,hard,early_anchor_long_tail,3.125,tmh_fidelity_paged_kv,0,42,39,40,True,0
0,47,40,41,recent_tail,0,raw,raw,hot,100,0,0,hard,early_anchor_long_tail,3.125,tmh_fidelity_paged_kv,1,42,39,40,True,0
0,31,1,39,prefill_payload,0,int8,int4,warm,25,75,50,hard,early_anchor_long_tail,3.125,tmh_fidelity_paged_kv,2,42,39,40,True,0
32,47,1,39,late_layer_payload,0,int8,int8,warm,35,65,50,hard,early_anchor_long_tail,3.125,tmh_fidelity_paged_kv,3,42,39,40,True,0
0,47,0,0,prompt_anchor,1,raw,raw,pinned,100,0,0,hard,middle_anchor_detour,3.125,tmh_fidelity_paged_kv,0,34,30,32,True,0
0,47,32,33,recent_tail,0,raw,raw,hot,100,0,0,hard,middle_anchor_detour,3.125,tmh_fidelity_paged_kv,1,34,30,32,True,0
0,31,1,31,prefill_payload,0,int8,int4,warm,25,75,50,hard,middle_anchor_detour,3.125,tmh_fidelity_paged_kv,2,34,30,32,True,0
32,47,1,31,late_layer_payload,0,int8,int8,warm,35,65,50,hard,middle_anchor_detour,3.125,tmh_fidelity_paged_kv,3,34,30,32,True,0
0,47,0,0,prompt_anchor,1,raw,raw,pinned,100,0,0,hard,late_anchor_control,3.125,tmh_fidelity_paged_kv,0,23,20,22,True,0
0,47,22,22,recent_tail,0,raw,raw,hot,100,0,0,hard,late_anchor_control,3.125,tmh_fidelity_paged_kv,1,23,20,22,True,0
0,31,1,21,prefill_payload,0,int8,int4,warm,25,75,50,hard,late_anchor_control,3.125,tmh_fidelity_paged_kv,2,23,20,22,True,0
32,47,1,21,late_layer_payload,0,int8,int8,warm,35,65,50,hard,late_anchor_control,3.125,tmh_fidelity_paged_kv,3,23,20,22,True,0
0,47,0,0,prompt_anchor,1,raw,raw,pinned,100,0,0,hard,decoy_collision,3.125,tmh_fidelity_paged_kv,0,26,22,25,True,0
0,47,25,25,recent_tail,0,raw,raw,hot,100,0,0,hard,decoy_collision,3.125,tmh_fidelity_paged_kv,1,26,22,25,True,0
0,31,1,24,prefill_payload,0,int8,int4,warm,25,75,50,hard,decoy_collision,3.125,tmh_fidelity_paged_kv,2,26,22,25,True,0
32,47,1,24,late_layer_payload,0,int8,int8,warm,35,65,50,hard,decoy_collision,3.125,tmh_fidelity_paged_kv,3,26,22,25,True,0
0,47,0,0,prompt_anchor,1,raw,raw,pinned,100,0,0,hard,routing_table,3.125,tmh_fidelity_paged_kv,0,25,21,24,True,0
0,47,24,24,recent_tail,0,raw,raw,hot,100,0,0,hard,routing_table,3.125,tmh_fidelity_paged_kv,1,25,21,24,True,0
0,31,1,23,prefill_payload,0,int8,int4,warm,25,75,50,hard,routing_table,3.125,tmh_fidelity_paged_kv,2,25,21,24,True,0
32,47,1,23,late_layer_payload,0,int8,int8,warm,35,65,50,hard,routing_table,3.125,tmh_fidelity_paged_kv,3,25,21,24,True,0
0,47,0,0,prompt_anchor,1,raw,raw,pinned,100,0,0,hard,structured_records,3.125,tmh_fidelity_paged_kv,0,26,21,25,True,0
0,47,25,25,recent_tail,0,raw,raw,hot,100,0,0,hard,structured_records,3.125,tmh_fidelity_paged_kv,1,26,21,25,True,0
0,31,1,24,prefill_payload,0,int8,int4,warm,25,75,50,hard,structured_records,3.125,tmh_fidelity_paged_kv,2,26,21,25,True,0
32,47,1,24,late_layer_payload,0,int8,int8,warm,35,65,50,hard,structured_records,3.125,tmh_fidelity_paged_kv,3,26,21,25,True,0
0,47,0,0,prompt_anchor,1,raw,raw,pinned,100,0,0,hard,instruction_persistence,3.125,tmh_fidelity_paged_kv,0,43,39,41,True,0
0,47,41,42,recent_tail,0,raw,raw,hot,100,0,0,hard,instruction_persistence,3.125,tmh_fidelity_paged_kv,1,43,39,41,True,0
0,31,1,40,prefill_payload,0,int8,int4,warm,25,75,50,hard,instruction_persistence,3.125,tmh_fidelity_paged_kv,2,43,39,41,True,0
32,47,1,40,late_layer_payload,0,int8,int8,warm,35,65,50,hard,instruction_persistence,3.125,tmh_fidelity_paged_kv,3,43,39,41,True,0
0,47,0,0,prompt_anchor,1,raw,raw,pinned,100,0,0,hard,multi_hop_bridge,3.125,tmh_fidelity_paged_kv,0,25,20,24,True,0
0,47,24,24,recent_tail,0,raw,raw,hot,100,0,0,hard,multi_hop_bridge,3.125,tmh_fidelity_paged_kv,1,25,20,24,True,0
0,31,1,23,prefill_payload,0,int8,int4,warm,25,75,50,hard,multi_hop_bridge,3.125,tmh_fidelity_paged_kv,2,25,20,24,True,0
32,47,1,23,late_layer_payload,0,int8,int8,warm,35,65,50,hard,multi_hop_bridge,3.125,tmh_fidelity_paged_kv,3,25,20,24,True,0
0,47,0,0,prompt_anchor,1,raw,raw,pinned,100,0,0,hard,payload_dense,3.125,tmh_fidelity_paged_kv,0,45,39,43,True,0
0,47,43,44,recent_tail,0,raw,raw,hot,100,0,0,hard,payload_dense,3.125,tmh_fidelity_paged_kv,1,45,39,43,True,0
0,31,1,42,prefill_payload,0,int8,int4,warm,25,75,50,hard,payload_dense,3.125,tmh_fidelity_paged_kv,2,45,39,43,True,0
32,47,1,42,late_layer_payload,0,int8,int8,warm,35,65,50,hard,payload_dense,3.125,tmh_fidelity_paged_kv,3,45,39,43,True,0
0,47,0,0,prompt_anchor,1,raw,raw,pinned,100,0,0,hard,long_generation_systems,3.125,tmh_fidelity_paged_kv,0,24,12,23,True,0
0,47,23,23,recent_tail,0,raw,raw,hot,100,0,0,hard,long_generation_systems,3.125,tmh_fidelity_paged_kv,1,24,12,23,True,0
0,31,1,22,prefill_payload,0,int8,int4,warm,25,75,50,hard,long_generation_systems,3.125,tmh_fidelity_paged_kv,2,24,12,23,True,0
32,47,1,22,late_layer_payload,0,int8,int8,warm,35,65,50,hard,long_generation_systems,3.125,tmh_fidelity_paged_kv,3,24,12,23,True,0
0,47,0,0,prompt_anchor,1,raw,raw,pinned,100,0,0,hard,early_anchor_long_tail,0.0,tmh_fidelity_paged_kv,0,42,39,42,True,0
0,31,1,41,prefill_payload,0,int8,int4,warm,25,75,50,hard,early_anchor_long_tail,0.0,tmh_fidelity_paged_kv,1,42,39,42,True,0
32,47,1,41,late_layer_payload,0,int8,int8,warm,35,65,50,hard,early_anchor_long_tail,0.0,tmh_fidelity_paged_kv,2,42,39,42,True,0
0,47,0,0,prompt_anchor,1,raw,raw,pinned,100,0,0,hard,middle_anchor_detour,0.0,tmh_fidelity_paged_kv,0,34,30,34,True,0
0,31,1,33,prefill_payload,0,int8,int4,warm,25,75,50,hard,middle_anchor_detour,0.0,tmh_fidelity_paged_kv,1,34,30,34,True,0
32,47,1,33,late_layer_payload,0,int8,int8,warm,35,65,50,hard,middle_anchor_detour,0.0,tmh_fidelity_paged_kv,2,34,30,34,True,0
0,47,0,0,prompt_anchor,1,raw,raw,pinned,100,0,0,hard,late_anchor_control,0.0,tmh_fidelity_paged_kv,0,23,20,23,True,0
0,31,1,22,prefill_payload,0,int8,int4,warm,25,75,50,hard,late_anchor_control,0.0,tmh_fidelity_paged_kv,1,23,20,23,True,0
32,47,1,22,late_layer_payload,0,int8,int8,warm,35,65,50,hard,late_anchor_control,0.0,tmh_fidelity_paged_kv,2,23,20,23,True,0
0,47,0,0,prompt_anchor,1,raw,raw,pinned,100,0,0,hard,decoy_collision,0.0,tmh_fidelity_paged_kv,0,26,22,26,True,0
0,31,1,25,prefill_payload,0,int8,int4,warm,25,75,50,hard,decoy_collision,0.0,tmh_fidelity_paged_kv,1,26,22,26,True,0
32,47,1,25,late_layer_payload,0,int8,int8,warm,35,65,50,hard,decoy_collision,0.0,tmh_fidelity_paged_kv,2,26,22,26,True,0
0,47,0,0,prompt_anchor,1,raw,raw,pinned,100,0,0,hard,routing_table,0.0,tmh_fidelity_paged_kv,0,25,21,25,True,0
0,31,1,24,prefill_payload,0,int8,int4,warm,25,75,50,hard,routing_table,0.0,tmh_fidelity_paged_kv,1,25,21,25,True,0
32,47,1,24,late_layer_payload,0,int8,int8,warm,35,65,50,hard,routing_table,0.0,tmh_fidelity_paged_kv,2,25,21,25,True,0
0,47,0,0,prompt_anchor,1,raw,raw,pinned,100,0,0,hard,structured_records,0.0,tmh_fidelity_paged_kv,0,26,21,26,True,0
0,31,1,25,prefill_payload,0,int8,int4,warm,25,75,50,hard,structured_records,0.0,tmh_fidelity_paged_kv,1,26,21,26,True,0
32,47,1,25,late_layer_payload,0,int8,int8,warm,35,65,50,hard,structured_records,0.0,tmh_fidelity_paged_kv,2,26,21,26,True,0
0,47,0,0,prompt_anchor,1,raw,raw,pinned,100,0,0,hard,instruction_persistence,0.0,tmh_fidelity_paged_kv,0,43,39,43,True,0
0,31,1,42,prefill_payload,0,int8,int4,warm,25,75,50,hard,instruction_persistence,0.0,tmh_fidelity_paged_kv,1,43,39,43,True,0
32,47,1,42,late_layer_payload,0,int8,int8,warm,35,65,50,hard,instruction_persistence,0.0,tmh_fidelity_paged_kv,2,43,39,43,True,0
0,47,0,0,prompt_anchor,1,raw,raw,pinned,100,0,0,hard,multi_hop_bridge,0.0,tmh_fidelity_paged_kv,0,25,20,25,True,0
0,31,1,24,prefill_payload,0,int8,int4,warm,25,75,50,hard,multi_hop_bridge,0.0,tmh_fidelity_paged_kv,1,25,20,25,True,0
32,47,1,24,late_layer_payload,0,int8,int8,warm,35,65,50,hard,multi_hop_bridge,0.0,tmh_fidelity_paged_kv,2,25,20,25,True,0
0,47,0,0,prompt_anchor,1,raw,raw,pinned,100,0,0,hard,payload_dense,0.0,tmh_fidelity_paged_kv,0,45,39,45,True,0
0,31,1,44,prefill_payload,0,int8,int4,warm,25,75,50,hard,payload_dense,0.0,tmh_fidelity_paged_kv,1,45,39,45,True,0
32,47,1,44,late_layer_payload,0,int8,int8,warm,35,65,50,hard,payload_dense,0.0,tmh_fidelity_paged_kv,2,45,39,45,True,0
0,47,0,0,prompt_anchor,1,raw,raw,pinned,100,0,0,hard,long_generation_systems,0.0,tmh_fidelity_paged_kv,0,24,12,24,True,0
0,31,1,23,prefill_payload,0,int8,int4,warm,25,75,50,hard,long_generation_systems,0.0,tmh_fidelity_paged_kv,1,24,12,24,True,0
32,47,1,23,late_layer_payload,0,int8,int8,warm,35,65,50,hard,long_generation_systems,0.0,tmh_fidelity_paged_kv,2,24,12,24,True,0
0,47,0,0,prompt_anchor,1,raw,raw,pinned,100,0,0,hard,early_anchor_long_tail,75.0,tmh_fidelity_paged_kv,0,21,20,5,True,0
0,47,5,20,recent_tail,0,raw,raw,hot,100,0,0,hard,early_anchor_long_tail,75.0,tmh_fidelity_paged_kv,1,21,20,5,True,0
0,31,1,4,prefill_payload,0,int8,int4,warm,25,75,50,hard,early_anchor_long_tail,75.0,tmh_fidelity_paged_kv,2,21,20,5,True,0
32,47,1,4,late_layer_payload,0,int8,int8,warm,35,65,50,hard,early_anchor_long_tail,75.0,tmh_fidelity_paged_kv,3,21,20,5,True,0
0,47,0,0,prompt_anchor,1,raw,raw,pinned,100,0,0,hard,middle_anchor_detour,75.0,tmh_fidelity_paged_kv,0,17,15,4,True,0
0,47,4,16,recent_tail,0,raw,raw,hot,100,0,0,hard,middle_anchor_detour,75.0,tmh_fidelity_paged_kv,1,17,15,4,True,0
0,31,1,3,prefill_payload,0,int8,int4,warm,25,75,50,hard,middle_anchor_detour,75.0,tmh_fidelity_paged_kv,2,17,15,4,True,0
32,47,1,3,late_layer_payload,0,int8,int8,warm,35,65,50,hard,middle_anchor_detour,75.0,tmh_fidelity_paged_kv,3,17,15,4,True,0
0,47,0,0,prompt_anchor,1,raw,raw,pinned,100,0,0,hard,late_anchor_control,75.0,tmh_fidelity_paged_kv,0,12,10,3,True,0
0,47,3,11,recent_tail,0,raw,raw,hot,100,0,0,hard,late_anchor_control,75.0,tmh_fidelity_paged_kv,1,12,10,3,True,0
0,31,1,2,prefill_payload,0,int8,int4,warm,25,75,50,hard,late_anchor_control,75.0,tmh_fidelity_paged_kv,2,12,10,3,True,0
32,47,1,2,late_layer_payload,0,int8,int8,warm,35,65,50,hard,late_anchor_control,75.0,tmh_fidelity_paged_kv,3,12,10,3,True,0
0,47,0,0,prompt_anchor,1,raw,raw,pinned,100,0,0,hard,decoy_collision,75.0,tmh_fidelity_paged_kv,0,13,11,3,True,0
0,47,3,12,recent_tail,0,raw,raw,hot,100,0,0,hard,decoy_collision,75.0,tmh_fidelity_paged_kv,1,13,11,3,True,0
0,31,1,2,prefill_payload,0,int8,int4,warm,25,75,50,hard,decoy_collision,75.0,tmh_fidelity_paged_kv,2,13,11,3,True,0
32,47,1,2,late_layer_payload,0,int8,int8,warm,35,65,50,hard,decoy_collision,75.0,tmh_fidelity_paged_kv,3,13,11,3,True,0
0,47,0,0,prompt_anchor,1,raw,raw,pinned,100,0,0,hard,routing_table,75.0,tmh_fidelity_paged_kv,0,13,11,3,True,0
0,47,3,12,recent_tail,0,raw,raw,hot,100,0,0,hard,routing_table,75.0,tmh_fidelity_paged_kv,1,13,11,3,True,0
0,31,1,2,prefill_payload,0,int8,int4,warm,25,75,50,hard,routing_table,75.0,tmh_fidelity_paged_kv,2,13,11,3,True,0
32,47,1,2,late_layer_payload,0,int8,int8,warm,35,65,50,hard,routing_table,75.0,tmh_fidelity_paged_kv,3,13,11,3,True,0
0,47,0,0,prompt_anchor,1,raw,raw,pinned,100,0,0,hard,structured_records,75.0,tmh_fidelity_paged_kv,0,13,11,3,True,0
0,47,3,12,recent_tail,0,raw,raw,hot,100,0,0,hard,structured_records,75.0,tmh_fidelity_paged_kv,1,13,11,3,True,0
0,31,1,2,prefill_payload,0,int8,int4,warm,25,75,50,hard,structured_records,75.0,tmh_fidelity_paged_kv,2,13,11,3,True,0
32,47,1,2,late_layer_payload,0,int8,int8,warm,35,65,50,hard,structured_records,75.0,tmh_fidelity_paged_kv,3,13,11,3,True,0
0,47,0,0,prompt_anchor,1,raw,raw,pinned,100,0,0,hard,instruction_persistence,75.0,tmh_fidelity_paged_kv,0,22,20,5,True,0
0,47,5,21,recent_tail,0,raw,raw,hot,100,0,0,hard,instruction_persistence,75.0,tmh_fidelity_paged_kv,1,22,20,5,True,0
0,31,1,4,prefill_payload,0,int8,int4,warm,25,75,50,hard,instruction_persistence,75.0,tmh_fidelity_paged_kv,2,22,20,5,True,0
32,47,1,4,late_layer_payload,0,int8,int8,warm,35,65,50,hard,instruction_persistence,75.0,tmh_fidelity_paged_kv,3,22,20,5,True,0
0,47,0,0,prompt_anchor,1,raw,raw,pinned,100,0,0,hard,multi_hop_bridge,75.0,tmh_fidelity_paged_kv,0,13,10,3,True,0
0,47,3,12,recent_tail,0,raw,raw,hot,100,0,0,hard,multi_hop_bridge,75.0,tmh_fidelity_paged_kv,1,13,10,3,True,0
0,31,1,2,prefill_payload,0,int8,int4,warm,25,75,50,hard,multi_hop_bridge,75.0,tmh_fidelity_paged_kv,2,13,10,3,True,0
32,47,1,2,late_layer_payload,0,int8,int8,warm,35,65,50,hard,multi_hop_bridge,75.0,tmh_fidelity_paged_kv,3,13,10,3,True,0
0,47,0,0,prompt_anchor,1,raw,raw,pinned,100,0,0,hard,payload_dense,75.0,tmh_fidelity_paged_kv,0,23,20,5,True,0
0,47,5,22,recent_tail,0,raw,raw,hot,100,0,0,hard,payload_dense,75.0,tmh_fidelity_paged_kv,1,23,20,5,True,0
0,31,1,4,prefill_payload,0,int8,int4,warm,25,75,50,hard,payload_dense,75.0,tmh_fidelity_paged_kv,2,23,20,5,True,0
32,47,1,4,late_layer_payload,0,int8,int8,warm,35,65,50,hard,payload_dense,75.0,tmh_fidelity_paged_kv,3,23,20,5,True,0
0,47,0,0,prompt_anchor,1,raw,raw,pinned,100,0,0,hard,long_generation_systems,75.0,tmh_fidelity_paged_kv,0,12,6,3,True,0
0,47,3,11,recent_tail,0,raw,raw,hot,100,0,0,hard,long_generation_systems,75.0,tmh_fidelity_paged_kv,1,12,6,3,True,0
0,31,1,2,prefill_payload,0,int8,int4,warm,25,75,50,hard,long_generation_systems,75.0,tmh_fidelity_paged_kv,2,12,6,3,True,0
32,47,1,2,late_layer_payload,0,int8,int8,warm,35,65,50,hard,long_generation_systems,75.0,tmh_fidelity_paged_kv,3,12,6,3,True,0
0,47,0,0,prompt_anchor,1,raw,raw,pinned,100,0,0,hard,early_anchor_long_tail,50.0,tmh_fidelity_paged_kv,0,21,20,10,True,0
0,47,10,20,recent_tail,0,raw,raw,hot,100,0,0,hard,early_anchor_long_tail,50.0,tmh_fidelity_paged_kv,1,21,20,10,True,0
0,31,1,9,prefill_payload,0,int8,int4,warm,25,75,50,hard,early_anchor_long_tail,50.0,tmh_fidelity_paged_kv,2,21,20,10,True,0
32,47,1,9,late_layer_payload,0,int8,int8,warm,35,65,50,hard,early_anchor_long_tail,50.0,tmh_fidelity_paged_kv,3,21,20,10,True,0
0,47,0,0,prompt_anchor,1,raw,raw,pinned,100,0,0,hard,middle_anchor_detour,50.0,tmh_fidelity_paged_kv,0,17,15,8,True,0
0,47,8,16,recent_tail,0,raw,raw,hot,100,0,0,hard,middle_anchor_detour,50.0,tmh_fidelity_paged_kv,1,17,15,8,True,0
0,31,1,7,prefill_payload,0,int8,int4,warm,25,75,50,hard,middle_anchor_detour,50.0,tmh_fidelity_paged_kv,2,17,15,8,True,0
32,47,1,7,late_layer_payload,0,int8,int8,warm,35,65,50,hard,middle_anchor_detour,50.0,tmh_fidelity_paged_kv,3,17,15,8,True,0
0,47,0,0,prompt_anchor,1,raw,raw,pinned,100,0,0,hard,late_anchor_control,50.0,tmh_fidelity_paged_kv,0,12,10,6,True,0
0,47,6,11,recent_tail,0,raw,raw,hot,100,0,0,hard,late_anchor_control,50.0,tmh_fidelity_paged_kv,1,12,10,6,True,0
0,31,1,5,prefill_payload,0,int8,int4,warm,25,75,50,hard,late_anchor_control,50.0,tmh_fidelity_paged_kv,2,12,10,6,True,0
32,47,1,5,late_layer_payload,0,int8,int8,warm,35,65,50,hard,late_anchor_control,50.0,tmh_fidelity_paged_kv,3,12,10,6,True,0
0,47,0,0,prompt_anchor,1,raw,raw,pinned,100,0,0,hard,decoy_collision,50.0,tmh_fidelity_paged_kv,0,13,11,6,True,0
0,47,6,12,recent_tail,0,raw,raw,hot,100,0,0,hard,decoy_collision,50.0,tmh_fidelity_paged_kv,1,13,11,6,True,0
0,31,1,5,prefill_payload,0,int8,int4,warm,25,75,50,hard,decoy_collision,50.0,tmh_fidelity_paged_kv,2,13,11,6,True,0
32,47,1,5,late_layer_payload,0,int8,int8,warm,35,65,50,hard,decoy_collision,50.0,tmh_fidelity_paged_kv,3,13,11,6,True,0
0,47,0,0,prompt_anchor,1,raw,raw,pinned,100,0,0,hard,routing_table,50.0,tmh_fidelity_paged_kv,0,13,11,6,True,0
0,47,6,12,recent_tail,0,raw,raw,hot,100,0,0,hard,routing_table,50.0,tmh_fidelity_paged_kv,1,13,11,6,True,0
0,31,1,5,prefill_payload,0,int8,int4,warm,25,75,50,hard,routing_table,50.0,tmh_fidelity_paged_kv,2,13,11,6,True,0
32,47,1,5,late_layer_payload,0,int8,int8,warm,35,65,50,hard,routing_table,50.0,tmh_fidelity_paged_kv,3,13,11,6,True,0
0,47,0,0,prompt_anchor,1,raw,raw,pinned,100,0,0,hard,structured_records,50.0,tmh_fidelity_paged_kv,0,13,11,6,True,0
0,47,6,12,recent_tail,0,raw,raw,hot,100,0,0,hard,structured_records,50.0,tmh_fidelity_paged_kv,1,13,11,6,True,0
0,31,1,5,prefill_payload,0,int8,int4,warm,25,75,50,hard,structured_records,50.0,tmh_fidelity_paged_kv,2,13,11,6,True,0
32,47,1,5,late_layer_payload,0,int8,int8,warm,35,65,50,hard,structured_records,50.0,tmh_fidelity_paged_kv,3,13,11,6,True,0
0,47,0,0,prompt_anchor,1,raw,raw,pinned,100,0,0,hard,instruction_persistence,50.0,tmh_fidelity_paged_kv,0,22,20,11,True,0
0,47,11,21,recent_tail,0,raw,raw,hot,100,0,0,hard,instruction_persistence,50.0,tmh_fidelity_paged_kv,1,22,20,11,True,0
0,31,1,10,prefill_payload,0,int8,int4,warm,25,75,50,hard,instruction_persistence,50.0,tmh_fidelity_paged_kv,2,22,20,11,True,0
32,47,1,10,late_layer_payload,0,int8,int8,warm,35,65,50,hard,instruction_persistence,50.0,tmh_fidelity_paged_kv,3,22,20,11,True,0
0,47,0,0,prompt_anchor,1,raw,raw,pinned,100,0,0,hard,multi_hop_bridge,50.0,tmh_fidelity_paged_kv,0,13,10,6,True,0
0,47,6,12,recent_tail,0,raw,raw,hot,100,0,0,hard,multi_hop_bridge,50.0,tmh_fidelity_paged_kv,1,13,10,6,True,0
0,31,1,5,prefill_payload,0,int8,int4,warm,25,75,50,hard,multi_hop_bridge,50.0,tmh_fidelity_paged_kv,2,13,10,6,True,0
32,47,1,5,late_layer_payload,0,int8,int8,warm,35,65,50,hard,multi_hop_bridge,50.0,tmh_fidelity_paged_kv,3,13,10,6,True,0
0,47,0,0,prompt_anchor,1,raw,raw,pinned,100,0,0,hard,payload_dense,50.0,tmh_fidelity_paged_kv,0,23,20,11,True,0
0,47,11,22,recent_tail,0,raw,raw,hot,100,0,0,hard,payload_dense,50.0,tmh_fidelity_paged_kv,1,23,20,11,True,0
0,31,1,10,prefill_payload,0,int8,int4,warm,25,75,50,hard,payload_dense,50.0,tmh_fidelity_paged_kv,2,23,20,11,True,0
32,47,1,10,late_layer_payload,0,int8,int8,warm,35,65,50,hard,payload_dense,50.0,tmh_fidelity_paged_kv,3,23,20,11,True,0
0,47,0,0,prompt_anchor,1,raw,raw,pinned,100,0,0,hard,long_generation_systems,50.0,tmh_fidelity_paged_kv,0,12,6,6,True,0
0,47,6,11,recent_tail,0,raw,raw,hot,100,0,0,hard,long_generation_systems,50.0,tmh_fidelity_paged_kv,1,12,6,6,True,0
0,31,1,5,prefill_payload,0,int8,int4,warm,25,75,50,hard,long_generation_systems,50.0,tmh_fidelity_paged_kv,2,12,6,6,True,0
32,47,1,5,late_layer_payload,0,int8,int8,warm,35,65,50,hard,long_generation_systems,50.0,tmh_fidelity_paged_kv,3,12,6,6,True,0
0,47,0,0,prompt_anchor,1,raw,raw,pinned,100,0,0,hard,early_anchor_long_tail,25.0,tmh_fidelity_paged_kv,0,21,20,15,True,0
0,47,15,20,recent_tail,0,raw,raw,hot,100,0,0,hard,early_anchor_long_tail,25.0,tmh_fidelity_paged_kv,1,21,20,15,True,0
0,31,1,14,prefill_payload,0,int8,int4,warm,25,75,50,hard,early_anchor_long_tail,25.0,tmh_fidelity_paged_kv,2,21,20,15,True,0
32,47,1,14,late_layer_payload,0,int8,int8,warm,35,65,50,hard,early_anchor_long_tail,25.0,tmh_fidelity_paged_kv,3,21,20,15,True,0
0,47,0,0,prompt_anchor,1,raw,raw,pinned,100,0,0,hard,middle_anchor_detour,25.0,tmh_fidelity_paged_kv,0,17,15,12,True,0
0,47,12,16,recent_tail,0,raw,raw,hot,100,0,0,hard,middle_anchor_detour,25.0,tmh_fidelity_paged_kv,1,17,15,12,True,0
0,31,1,11,prefill_payload,0,int8,int4,warm,25,75,50,hard,middle_anchor_detour,25.0,tmh_fidelity_paged_kv,2,17,15,12,True,0
32,47,1,11,late_layer_payload,0,int8,int8,warm,35,65,50,hard,middle_anchor_detour,25.0,tmh_fidelity_paged_kv,3,17,15,12,True,0
0,47,0,0,prompt_anchor,1,raw,raw,pinned,100,0,0,hard,late_anchor_control,25.0,tmh_fidelity_paged_kv,0,12,10,9,True,0
0,47,9,11,recent_tail,0,raw,raw,hot,100,0,0,hard,late_anchor_control,25.0,tmh_fidelity_paged_kv,1,12,10,9,True,0
0,31,1,8,prefill_payload,0,int8,int4,warm,25,75,50,hard,late_anchor_control,25.0,tmh_fidelity_paged_kv,2,12,10,9,True,0
32,47,1,8,late_layer_payload,0,int8,int8,warm,35,65,50,hard,late_anchor_control,25.0,tmh_fidelity_paged_kv,3,12,10,9,True,0
0,47,0,0,prompt_anchor,1,raw,raw,pinned,100,0,0,hard,decoy_collision,25.0,tmh_fidelity_paged_kv,0,13,11,9,True,0
0,47,9,12,recent_tail,0,raw,raw,hot,100,0,0,hard,decoy_collision,25.0,tmh_fidelity_paged_kv,1,13,11,9,True,0
0,31,1,8,prefill_payload,0,int8,int4,warm,25,75,50,hard,decoy_collision,25.0,tmh_fidelity_paged_kv,2,13,11,9,True,0
32,47,1,8,late_layer_payload,0,int8,int8,warm,35,65,50,hard,decoy_collision,25.0,tmh_fidelity_paged_kv,3,13,11,9,True,0
0,47,0,0,prompt_anchor,1,raw,raw,pinned,100,0,0,hard,routing_table,25.0,tmh_fidelity_paged_kv,0,13,11,9,True,0
0,47,9,12,recent_tail,0,raw,raw,hot,100,0,0,hard,routing_table,25.0,tmh_fidelity_paged_kv,1,13,11,9,True,0
0,31,1,8,prefill_payload,0,int8,int4,warm,25,75,50,hard,routing_table,25.0,tmh_fidelity_paged_kv,2,13,11,9,True,0
32,47,1,8,late_layer_payload,0,int8,int8,warm,35,65,50,hard,routing_table,25.0,tmh_fidelity_paged_kv,3,13,11,9,True,0
0,47,0,0,prompt_anchor,1,raw,raw,pinned,100,0,0,hard,structured_records,25.0,tmh_fidelity_paged_kv,0,13,11,9,True,0
0,47,9,12,recent_tail,0,raw,raw,hot,100,0,0,hard,structured_records,25.0,tmh_fidelity_paged_kv,1,13,11,9,True,0
0,31,1,8,prefill_payload,0,int8,int4,warm,25,75,50,hard,structured_records,25.0,tmh_fidelity_paged_kv,2,13,11,9,True,0
32,47,1,8,late_layer_payload,0,int8,int8,warm,35,65,50,hard,structured_records,25.0,tmh_fidelity_paged_kv,3,13,11,9,True,0
0,47,0,0,prompt_anchor,1,raw,raw,pinned,100,0,0,hard,instruction_persistence,25.0,tmh_fidelity_paged_kv,0,22,20,16,True,0
0,47,16,21,recent_tail,0,raw,raw,hot,100,0,0,hard,instruction_persistence,25.0,tmh_fidelity_paged_kv,1,22,20,16,True,0
0,31,1,15,prefill_payload,0,int8,int4,warm,25,75,50,hard,instruction_persistence,25.0,tmh_fidelity_paged_kv,2,22,20,16,True,0
32,47,1,15,late_layer_payload,0,int8,int8,warm,35,65,50,hard,instruction_persistence,25.0,tmh_fidelity_paged_kv,3,22,20,16,True,0
0,47,0,0,prompt_anchor,1,raw,raw,pinned,100,0,0,hard,multi_hop_bridge,25.0,tmh_fidelity_paged_kv,0,13,10,9,True,0
0,47,9,12,recent_tail,0,raw,raw,hot,100,0,0,hard,multi_hop_bridge,25.0,tmh_fidelity_paged_kv,1,13,10,9,True,0
0,31,1,8,prefill_payload,0,int8,int4,warm,25,75,50,hard,multi_hop_bridge,25.0,tmh_fidelity_paged_kv,2,13,10,9,True,0
32,47,1,8,late_layer_payload,0,int8,int8,warm,35,65,50,hard,multi_hop_bridge,25.0,tmh_fidelity_paged_kv,3,13,10,9,True,0
0,47,0,0,prompt_anchor,1,raw,raw,pinned,100,0,0,hard,payload_dense,25.0,tmh_fidelity_paged_kv,0,23,20,17,True,0
0,47,17,22,recent_tail,0,raw,raw,hot,100,0,0,hard,payload_dense,25.0,tmh_fidelity_paged_kv,1,23,20,17,True,0
0,31,1,16,prefill_payload,0,int8,int4,warm,25,75,50,hard,payload_dense,25.0,tmh_fidelity_paged_kv,2,23,20,17,True,0
32,47,1,16,late_layer_payload,0,int8,int8,warm,35,65,50,hard,payload_dense,25.0,tmh_fidelity_paged_kv,3,23,20,17,True,0
0,47,0,0,prompt_anchor,1,raw,raw,pinned,100,0,0,hard,long_generation_systems,25.0,tmh_fidelity_paged_kv,0,12,6,9,True,0
0,47,9,11,recent_tail,0,raw,raw,hot,100,0,0,hard,long_generation_systems,25.0,tmh_fidelity_paged_kv,1,12,6,9,True,0
0,31,1,8,prefill_payload,0,int8,int4,warm,25,75,50,hard,long_generation_systems,25.0,tmh_fidelity_paged_kv,2,12,6,9,True,0
32,47,1,8,late_layer_payload,0,int8,int8,warm,35,65,50,hard,long_generation_systems,25.0,tmh_fidelity_paged_kv,3,12,6,9,True,0
0,47,0,0,prompt_anchor,1,raw,raw,pinned,100,0,0,hard,early_anchor_long_tail,12.5,tmh_fidelity_paged_kv,0,21,20,18,True,0
0,47,18,20,recent_tail,0,raw,raw,hot,100,0,0,hard,early_anchor_long_tail,12.5,tmh_fidelity_paged_kv,1,21,20,18,True,0
0,31,1,17,prefill_payload,0,int8,int4,warm,25,75,50,hard,early_anchor_long_tail,12.5,tmh_fidelity_paged_kv,2,21,20,18,True,0
32,47,1,17,late_layer_payload,0,int8,int8,warm,35,65,50,hard,early_anchor_long_tail,12.5,tmh_fidelity_paged_kv,3,21,20,18,True,0
0,47,0,0,prompt_anchor,1,raw,raw,pinned,100,0,0,hard,middle_anchor_detour,12.5,tmh_fidelity_paged_kv,0,17,15,14,True,0
0,47,14,16,recent_tail,0,raw,raw,hot,100,0,0,hard,middle_anchor_detour,12.5,tmh_fidelity_paged_kv,1,17,15,14,True,0
0,31,1,13,prefill_payload,0,int8,int4,warm,25,75,50,hard,middle_anchor_detour,12.5,tmh_fidelity_paged_kv,2,17,15,14,True,0
32,47,1,13,late_layer_payload,0,int8,int8,warm,35,65,50,hard,middle_anchor_detour,12.5,tmh_fidelity_paged_kv,3,17,15,14,True,0
0,47,0,0,prompt_anchor,1,raw,raw,pinned,100,0,0,hard,late_anchor_control,12.5,tmh_fidelity_paged_kv,0,12,10,10,True,0
0,47,10,11,recent_tail,0,raw,raw,hot,100,0,0,hard,late_anchor_control,12.5,tmh_fidelity_paged_kv,1,12,10,10,True,0
0,31,1,9,prefill_payload,0,int8,int4,warm,25,75,50,hard,late_anchor_control,12.5,tmh_fidelity_paged_kv,2,12,10,10,True,0
32,47,1,9,late_layer_payload,0,int8,int8,warm,35,65,50,hard,late_anchor_control,12.5,tmh_fidelity_paged_kv,3,12,10,10,True,0
0,47,0,0,prompt_anchor,1,raw,raw,pinned,100,0,0,hard,decoy_collision,12.5,tmh_fidelity_paged_kv,0,13,11,11,True,0
0,47,11,12,recent_tail,0,raw,raw,hot,100,0,0,hard,decoy_collision,12.5,tmh_fidelity_paged_kv,1,13,11,11,True,0
0,31,1,10,prefill_payload,0,int8,int4,warm,25,75,50,hard,decoy_collision,12.5,tmh_fidelity_paged_kv,2,13,11,11,True,0
32,47,1,10,late_layer_payload,0,int8,int8,warm,35,65,50,hard,decoy_collision,12.5,tmh_fidelity_paged_kv,3,13,11,11,True,0
0,47,0,0,prompt_anchor,1,raw,raw,pinned,100,0,0,hard,routing_table,12.5,tmh_fidelity_paged_kv,0,13,11,11,True,0
0,47,11,12,recent_tail,0,raw,raw,hot,100,0,0,hard,routing_table,12.5,tmh_fidelity_paged_kv,1,13,11,11,True,0
0,31,1,10,prefill_payload,0,int8,int4,warm,25,75,50,hard,routing_table,12.5,tmh_fidelity_paged_kv,2,13,11,11,True,0
32,47,1,10,late_layer_payload,0,int8,int8,warm,35,65,50,hard,routing_table,12.5,tmh_fidelity_paged_kv,3,13,11,11,True,0
0,47,0,0,prompt_anchor,1,raw,raw,pinned,100,0,0,hard,structured_records,12.5,tmh_fidelity_paged_kv,0,13,11,11,True,0
0,47,11,12,recent_tail,0,raw,raw,hot,100,0,0,hard,structured_records,12.5,tmh_fidelity_paged_kv,1,13,11,11,True,0
0,31,1,10,prefill_payload,0,int8,int4,warm,25,75,50,hard,structured_records,12.5,tmh_fidelity_paged_kv,2,13,11,11,True,0
32,47,1,10,late_layer_payload,0,int8,int8,warm,35,65,50,hard,structured_records,12.5,tmh_fidelity_paged_kv,3,13,11,11,True,0
0,47,0,0,prompt_anchor,1,raw,raw,pinned,100,0,0,hard,instruction_persistence,12.5,tmh_fidelity_paged_kv,0,22,20,19,True,0
0,47,19,21,recent_tail,0,raw,raw,hot,100,0,0,hard,instruction_persistence,12.5,tmh_fidelity_paged_kv,1,22,20,19,True,0
0,31,1,18,prefill_payload,0,int8,int4,warm,25,75,50,hard,instruction_persistence,12.5,tmh_fidelity_paged_kv,2,22,20,19,True,0
32,47,1,18,late_layer_payload,0,int8,int8,warm,35,65,50,hard,instruction_persistence,12.5,tmh_fidelity_paged_kv,3,22,20,19,True,0
0,47,0,0,prompt_anchor,1,raw,raw,pinned,100,0,0,hard,multi_hop_bridge,12.5,tmh_fidelity_paged_kv,0,13,10,11,True,0
0,47,11,12,recent_tail,0,raw,raw,hot,100,0,0,hard,multi_hop_bridge,12.5,tmh_fidelity_paged_kv,1,13,10,11,True,0
0,31,1,10,prefill_payload,0,int8,int4,warm,25,75,50,hard,multi_hop_bridge,12.5,tmh_fidelity_paged_kv,2,13,10,11,True,0
32,47,1,10,late_layer_payload,0,int8,int8,warm,35,65,50,hard,multi_hop_bridge,12.5,tmh_fidelity_paged_kv,3,13,10,11,True,0
0,47,0,0,prompt_anchor,1,raw,raw,pinned,100,0,0,hard,payload_dense,12.5,tmh_fidelity_paged_kv,0,23,20,20,True,0
0,47,20,22,recent_tail,0,raw,raw,hot,100,0,0,hard,payload_dense,12.5,tmh_fidelity_paged_kv,1,23,20,20,True,0
0,31,1,19,prefill_payload,0,int8,int4,warm,25,75,50,hard,payload_dense,12.5,tmh_fidelity_paged_kv,2,23,20,20,True,0
32,47,1,19,late_layer_payload,0,int8,int8,warm,35,65,50,hard,payload_dense,12.5,tmh_fidelity_paged_kv,3,23,20,20,True,0
0,47,0,0,prompt_anchor,1,raw,raw,pinned,100,0,0,hard,long_generation_systems,12.5,tmh_fidelity_paged_kv,0,12,6,10,True,0
0,47,10,11,recent_tail,0,raw,raw,hot,100,0,0,hard,long_generation_systems,12.5,tmh_fidelity_paged_kv,1,12,6,10,True,0
0,31,1,9,prefill_payload,0,int8,int4,warm,25,75,50,hard,long_generation_systems,12.5,tmh_fidelity_paged_kv,2,12,6,10,True,0
32,47,1,9,late_layer_payload,0,int8,int8,warm,35,65,50,hard,long_generation_systems,12.5,tmh_fidelity_paged_kv,3,12,6,10,True,0
0,47,0,0,prompt_anchor,1,raw,raw,pinned,100,0,0,hard,early_anchor_long_tail,6.25,tmh_fidelity_paged_kv,0,21,20,19,True,0
0,47,19,20,recent_tail,0,raw,raw,hot,100,0,0,hard,early_anchor_long_tail,6.25,tmh_fidelity_paged_kv,1,21,20,19,True,0
0,31,1,18,prefill_payload,0,int8,int4,warm,25,75,50,hard,early_anchor_long_tail,6.25,tmh_fidelity_paged_kv,2,21,20,19,True,0
32,47,1,18,late_layer_payload,0,int8,int8,warm,35,65,50,hard,early_anchor_long_tail,6.25,tmh_fidelity_paged_kv,3,21,20,19,True,0
0,47,0,0,prompt_anchor,1,raw,raw,pinned,100,0,0,hard,middle_anchor_detour,6.25,tmh_fidelity_paged_kv,0,17,15,15,True,0
0,47,15,16,recent_tail,0,raw,raw,hot,100,0,0,hard,middle_anchor_detour,6.25,tmh_fidelity_paged_kv,1,17,15,15,True,0
0,31,1,14,prefill_payload,0,int8,int4,warm,25,75,50,hard,middle_anchor_detour,6.25,tmh_fidelity_paged_kv,2,17,15,15,True,0
32,47,1,14,late_layer_payload,0,int8,int8,warm,35,65,50,hard,middle_anchor_detour,6.25,tmh_fidelity_paged_kv,3,17,15,15,True,0
0,47,0,0,prompt_anchor,1,raw,raw,pinned,100,0,0,hard,late_anchor_control,6.25,tmh_fidelity_paged_kv,0,12,10,11,True,0
0,47,11,11,recent_tail,0,raw,raw,hot,100,0,0,hard,late_anchor_control,6.25,tmh_fidelity_paged_kv,1,12,10,11,True,0
0,31,1,10,prefill_payload,0,int8,int4,warm,25,75,50,hard,late_anchor_control,6.25,tmh_fidelity_paged_kv,2,12,10,11,True,0
32,47,1,10,late_layer_payload,0,int8,int8,warm,35,65,50,hard,late_anchor_control,6.25,tmh_fidelity_paged_kv,3,12,10,11,True,0
0,47,0,0,prompt_anchor,1,raw,raw,pinned,100,0,0,hard,decoy_collision,6.25,tmh_fidelity_paged_kv,0,13,11,12,True,0
0,47,12,12,recent_tail,0,raw,raw,hot,100,0,0,hard,decoy_collision,6.25,tmh_fidelity_paged_kv,1,13,11,12,True,0
0,31,1,11,prefill_payload,0,int8,int4,warm,25,75,50,hard,decoy_collision,6.25,tmh_fidelity_paged_kv,2,13,11,12,True,0
32,47,1,11,late_layer_payload,0,int8,int8,warm,35,65,50,hard,decoy_collision,6.25,tmh_fidelity_paged_kv,3,13,11,12,True,0
0,47,0,0,prompt_anchor,1,raw,raw,pinned,100,0,0,hard,routing_table,6.25,tmh_fidelity_paged_kv,0,13,11,12,True,0
0,47,12,12,recent_tail,0,raw,raw,hot,100,0,0,hard,routing_table,6.25,tmh_fidelity_paged_kv,1,13,11,12,True,0
0,31,1,11,prefill_payload,0,int8,int4,warm,25,75,50,hard,routing_table,6.25,tmh_fidelity_paged_kv,2,13,11,12,True,0
32,47,1,11,late_layer_payload,0,int8,int8,warm,35,65,50,hard,routing_table,6.25,tmh_fidelity_paged_kv,3,13,11,12,True,0
0,47,0,0,prompt_anchor,1,raw,raw,pinned,100,0,0,hard,structured_records,6.25,tmh_fidelity_paged_kv,0,13,11,12,True,0
0,47,12,12,recent_tail,0,raw,raw,hot,100,0,0,hard,structured_records,6.25,tmh_fidelity_paged_kv,1,13,11,12,True,0
0,31,1,11,prefill_payload,0,int8,int4,warm,25,75,50,hard,structured_records,6.25,tmh_fidelity_paged_kv,2,13,11,12,True,0
32,47,1,11,late_layer_payload,0,int8,int8,warm,35,65,50,hard,structured_records,6.25,tmh_fidelity_paged_kv,3,13,11,12,True,0
0,47,0,0,prompt_anchor,1,raw,raw,pinned,100,0,0,hard,instruction_persistence,6.25,tmh_fidelity_paged_kv,0,22,20,20,True,0
0,47,20,21,recent_tail,0,raw,raw,hot,100,0,0,hard,instruction_persistence,6.25,tmh_fidelity_paged_kv,1,22,20,20,True,0
0,31,1,19,prefill_payload,0,int8,int4,warm,25,75,50,hard,instruction_persistence,6.25,tmh_fidelity_paged_kv,2,22,20,20,True,0
32,47,1,19,late_layer_payload,0,int8,int8,warm,35,65,50,hard,instruction_persistence,6.25,tmh_fidelity_paged_kv,3,22,20,20,True,0
0,47,0,0,prompt_anchor,1,raw,raw,pinned,100,0,0,hard,multi_hop_bridge,6.25,tmh_fidelity_paged_kv,0,13,10,12,True,0
0,47,12,12,recent_tail,0,raw,raw,hot,100,0,0,hard,multi_hop_bridge,6.25,tmh_fidelity_paged_kv,1,13,10,12,True,0
0,31,1,11,prefill_payload,0,int8,int4,warm,25,75,50,hard,multi_hop_bridge,6.25,tmh_fidelity_paged_kv,2,13,10,12,True,0
32,47,1,11,late_layer_payload,0,int8,int8,warm,35,65,50,hard,multi_hop_bridge,6.25,tmh_fidelity_paged_kv,3,13,10,12,True,0
0,47,0,0,prompt_anchor,1,raw,raw,pinned,100,0,0,hard,payload_dense,6.25,tmh_fidelity_paged_kv,0,23,20,21,True,0
0,47,21,22,recent_tail,0,raw,raw,hot,100,0,0,hard,payload_dense,6.25,tmh_fidelity_paged_kv,1,23,20,21,True,0
0,31,1,20,prefill_payload,0,int8,int4,warm,25,75,50,hard,payload_dense,6.25,tmh_fidelity_paged_kv,2,23,20,21,True,0
32,47,1,20,late_layer_payload,0,int8,int8,warm,35,65,50,hard,payload_dense,6.25,tmh_fidelity_paged_kv,3,23,20,21,True,0
0,47,0,0,prompt_anchor,1,raw,raw,pinned,100,0,0,hard,long_generation_systems,6.25,tmh_fidelity_paged_kv,0,12,6,11,True,0
0,47,11,11,recent_tail,0,raw,raw,hot,100,0,0,hard,long_generation_systems,6.25,tmh_fidelity_paged_kv,1,12,6,11,True,0
0,31,1,10,prefill_payload,0,int8,int4,warm,25,75,50,hard,long_generation_systems,6.25,tmh_fidelity_paged_kv,2,12,6,11,True,0
32,47,1,10,late_layer_payload,0,int8,int8,warm,35,65,50,hard,long_generation_systems,6.25,tmh_fidelity_paged_kv,3,12,6,11,True,0
0,47,0,0,prompt_anchor,1,raw,raw,pinned,100,0,0,hard,early_anchor_long_tail,3.125,tmh_fidelity_paged_kv,0,21,20,20,True,0
0,47,20,20,recent_tail,0,raw,raw,hot,100,0,0,hard,early_anchor_long_tail,3.125,tmh_fidelity_paged_kv,1,21,20,20,True,0
0,31,1,19,prefill_payload,0,int8,int4,warm,25,75,50,hard,early_anchor_long_tail,3.125,tmh_fidelity_paged_kv,2,21,20,20,True,0
32,47,1,19,late_layer_payload,0,int8,int8,warm,35,65,50,hard,early_anchor_long_tail,3.125,tmh_fidelity_paged_kv,3,21,20,20,True,0
0,47,0,0,prompt_anchor,1,raw,raw,pinned,100,0,0,hard,middle_anchor_detour,3.125,tmh_fidelity_paged_kv,0,17,15,16,True,0
0,47,16,16,recent_tail,0,raw,raw,hot,100,0,0,hard,middle_anchor_detour,3.125,tmh_fidelity_paged_kv,1,17,15,16,True,0
0,31,1,15,prefill_payload,0,int8,int4,warm,25,75,50,hard,middle_anchor_detour,3.125,tmh_fidelity_paged_kv,2,17,15,16,True,0
32,47,1,15,late_layer_payload,0,int8,int8,warm,35,65,50,hard,middle_anchor_detour,3.125,tmh_fidelity_paged_kv,3,17,15,16,True,0
0,47,0,0,prompt_anchor,1,raw,raw,pinned,100,0,0,hard,late_anchor_control,3.125,tmh_fidelity_paged_kv,0,12,10,11,True,0
0,47,11,11,recent_tail,0,raw,raw,hot,100,0,0,hard,late_anchor_control,3.125,tmh_fidelity_paged_kv,1,12,10,11,True,0
0,31,1,10,prefill_payload,0,int8,int4,warm,25,75,50,hard,late_anchor_control,3.125,tmh_fidelity_paged_kv,2,12,10,11,True,0
32,47,1,10,late_layer_payload,0,int8,int8,warm,35,65,50,hard,late_anchor_control,3.125,tmh_fidelity_paged_kv,3,12,10,11,True,0
0,47,0,0,prompt_anchor,1,raw,raw,pinned,100,0,0,hard,decoy_collision,3.125,tmh_fidelity_paged_kv,0,13,11,12,True,0
0,47,12,12,recent_tail,0,raw,raw,hot,100,0,0,hard,decoy_collision,3.125,tmh_fidelity_paged_kv,1,13,11,12,True,0
0,31,1,11,prefill_payload,0,int8,int4,warm,25,75,50,hard,decoy_collision,3.125,tmh_fidelity_paged_kv,2,13,11,12,True,0
32,47,1,11,late_layer_payload,0,int8,int8,warm,35,65,50,hard,decoy_collision,3.125,tmh_fidelity_paged_kv,3,13,11,12,True,0
0,47,0,0,prompt_anchor,1,raw,raw,pinned,100,0,0,hard,routing_table,3.125,tmh_fidelity_paged_kv,0,13,11,12,True,0
0,47,12,12,recent_tail,0,raw,raw,hot,100,0,0,hard,routing_table,3.125,tmh_fidelity_paged_kv,1,13,11,12,True,0
0,31,1,11,prefill_payload,0,int8,int4,warm,25,75,50,hard,routing_table,3.125,tmh_fidelity_paged_kv,2,13,11,12,True,0
32,47,1,11,late_layer_payload,0,int8,int8,warm,35,65,50,hard,routing_table,3.125,tmh_fidelity_paged_kv,3,13,11,12,True,0
0,47,0,0,prompt_anchor,1,raw,raw,pinned,100,0,0,hard,structured_records,3.125,tmh_fidelity_paged_kv,0,13,11,12,True,0
0,47,12,12,recent_tail,0,raw,raw,hot,100,0,0,hard,structured_records,3.125,tmh_fidelity_paged_kv,1,13,11,12,True,0
0,31,1,11,prefill_payload,0,int8,int4,warm,25,75,50,hard,structured_records,3.125,tmh_fidelity_paged_kv,2,13,11,12,True,0
32,47,1,11,late_layer_payload,0,int8,int8,warm,35,65,50,hard,structured_records,3.125,tmh_fidelity_paged_kv,3,13,11,12,True,0
0,47,0,0,prompt_anchor,1,raw,raw,pinned,100,0,0,hard,instruction_persistence,3.125,tmh_fidelity_paged_kv,0,22,20,21,True,0
0,47,21,21,recent_tail,0,raw,raw,hot,100,0,0,hard,instruction_persistence,3.125,tmh_fidelity_paged_kv,1,22,20,21,True,0
0,31,1,20,prefill_payload,0,int8,int4,warm,25,75,50,hard,instruction_persistence,3.125,tmh_fidelity_paged_kv,2,22,20,21,True,0
32,47,1,20,late_layer_payload,0,int8,int8,warm,35,65,50,hard,instruction_persistence,3.125,tmh_fidelity_paged_kv,3,22,20,21,True,0
0,47,0,0,prompt_anchor,1,raw,raw,pinned,100,0,0,hard,multi_hop_bridge,3.125,tmh_fidelity_paged_kv,0,13,10,12,True,0
0,47,12,12,recent_tail,0,raw,raw,hot,100,0,0,hard,multi_hop_bridge,3.125,tmh_fidelity_paged_kv,1,13,10,12,True,0
0,31,1,11,prefill_payload,0,int8,int4,warm,25,75,50,hard,multi_hop_bridge,3.125,tmh_fidelity_paged_kv,2,13,10,12,True,0
32,47,1,11,late_layer_payload,0,int8,int8,warm,35,65,50,hard,multi_hop_bridge,3.125,tmh_fidelity_paged_kv,3,13,10,12,True,0
0,47,0,0,prompt_anchor,1,raw,raw,pinned,100,0,0,hard,payload_dense,3.125,tmh_fidelity_paged_kv,0,23,20,22,True,0
0,47,22,22,recent_tail,0,raw,raw,hot,100,0,0,hard,payload_dense,3.125,tmh_fidelity_paged_kv,1,23,20,22,True,0
0,31,1,21,prefill_payload,0,int8,int4,warm,25,75,50,hard,payload_dense,3.125,tmh_fidelity_paged_kv,2,23,20,22,True,0
32,47,1,21,late_layer_payload,0,int8,int8,warm,35,65,50,hard,payload_dense,3.125,tmh_fidelity_paged_kv,3,23,20,22,True,0
0,47,0,0,prompt_anchor,1,raw,raw,pinned,100,0,0,hard,long_generation_systems,3.125,tmh_fidelity_paged_kv,0,12,6,11,True,0
0,47,11,11,recent_tail,0,raw,raw,hot,100,0,0,hard,long_generation_systems,3.125,tmh_fidelity_paged_kv,1,12,6,11,True,0
0,31,1,10,prefill_payload,0,int8,int4,warm,25,75,50,hard,long_generation_systems,3.125,tmh_fidelity_paged_kv,2,12,6,11,True,0
32,47,1,10,late_layer_payload,0,int8,int8,warm,35,65,50,hard,long_generation_systems,3.125,tmh_fidelity_paged_kv,3,12,6,11,True,0
0,47,0,0,prompt_anchor,1,raw,raw,pinned,100,0,0,hard,early_anchor_long_tail,0.0,tmh_fidelity_paged_kv,0,21,20,21,True,0
0,31,1,20,prefill_payload,0,int8,int4,warm,25,75,50,hard,early_anchor_long_tail,0.0,tmh_fidelity_paged_kv,1,21,20,21,True,0
32,47,1,20,late_layer_payload,0,int8,int8,warm,35,65,50,hard,early_anchor_long_tail,0.0,tmh_fidelity_paged_kv,2,21,20,21,True,0
0,47,0,0,prompt_anchor,1,raw,raw,pinned,100,0,0,hard,middle_anchor_detour,0.0,tmh_fidelity_paged_kv,0,17,15,17,True,0
0,31,1,16,prefill_payload,0,int8,int4,warm,25,75,50,hard,middle_anchor_detour,0.0,tmh_fidelity_paged_kv,1,17,15,17,True,0
32,47,1,16,late_layer_payload,0,int8,int8,warm,35,65,50,hard,middle_anchor_detour,0.0,tmh_fidelity_paged_kv,2,17,15,17,True,0
0,47,0,0,prompt_anchor,1,raw,raw,pinned,100,0,0,hard,late_anchor_control,0.0,tmh_fidelity_paged_kv,0,12,10,12,True,0
0,31,1,11,prefill_payload,0,int8,int4,warm,25,75,50,hard,late_anchor_control,0.0,tmh_fidelity_paged_kv,1,12,10,12,True,0
32,47,1,11,late_layer_payload,0,int8,int8,warm,35,65,50,hard,late_anchor_control,0.0,tmh_fidelity_paged_kv,2,12,10,12,True,0
0,47,0,0,prompt_anchor,1,raw,raw,pinned,100,0,0,hard,decoy_collision,0.0,tmh_fidelity_paged_kv,0,13,11,13,True,0
0,31,1,12,prefill_payload,0,int8,int4,warm,25,75,50,hard,decoy_collision,0.0,tmh_fidelity_paged_kv,1,13,11,13,True,0
32,47,1,12,late_layer_payload,0,int8,int8,warm,35,65,50,hard,decoy_collision,0.0,tmh_fidelity_paged_kv,2,13,11,13,True,0
0,47,0,0,prompt_anchor,1,raw,raw,pinned,100,0,0,hard,routing_table,0.0,tmh_fidelity_paged_kv,0,13,11,13,True,0
0,31,1,12,prefill_payload,0,int8,int4,warm,25,75,50,hard,routing_table,0.0,tmh_fidelity_paged_kv,1,13,11,13,True,0
32,47,1,12,late_layer_payload,0,int8,int8,warm,35,65,50,hard,routing_table,0.0,tmh_fidelity_paged_kv,2,13,11,13,True,0
0,47,0,0,prompt_anchor,1,raw,raw,pinned,100,0,0,hard,structured_records,0.0,tmh_fidelity_paged_kv,0,13,11,13,True,0
0,31,1,12,prefill_payload,0,int8,int4,warm,25,75,50,hard,structured_records,0.0,tmh_fidelity_paged_kv,1,13,11,13,True,0
32,47,1,12,late_layer_payload,0,int8,int8,warm,35,65,50,hard,structured_records,0.0,tmh_fidelity_paged_kv,2,13,11,13,True,0
0,47,0,0,prompt_anchor,1,raw,raw,pinned,100,0,0,hard,instruction_persistence,0.0,tmh_fidelity_paged_kv,0,22,20,22,True,0
0,31,1,21,prefill_payload,0,int8,int4,warm,25,75,50,hard,instruction_persistence,0.0,tmh_fidelity_paged_kv,1,22,20,22,True,0
32,47,1,21,late_layer_payload,0,int8,int8,warm,35,65,50,hard,instruction_persistence,0.0,tmh_fidelity_paged_kv,2,22,20,22,True,0
0,47,0,0,prompt_anchor,1,raw,raw,pinned,100,0,0,hard,multi_hop_bridge,0.0,tmh_fidelity_paged_kv,0,13,10,13,True,0
0,31,1,12,prefill_payload,0,int8,int4,warm,25,75,50,hard,multi_hop_bridge,0.0,tmh_fidelity_paged_kv,1,13,10,13,True,0
32,47,1,12,late_layer_payload,0,int8,int8,warm,35,65,50,hard,multi_hop_bridge,0.0,tmh_fidelity_paged_kv,2,13,10,13,True,0
0,47,0,0,prompt_anchor,1,raw,raw,pinned,100,0,0,hard,payload_dense,0.0,tmh_fidelity_paged_kv,0,23,20,23,True,0
0,31,1,22,prefill_payload,0,int8,int4,warm,25,75,50,hard,payload_dense,0.0,tmh_fidelity_paged_kv,1,23,20,23,True,0
32,47,1,22,late_layer_payload,0,int8,int8,warm,35,65,50,hard,payload_dense,0.0,tmh_fidelity_paged_kv,2,23,20,23,True,0
0,47,0,0,prompt_anchor,1,raw,raw,pinned,100,0,0,hard,long_generation_systems,0.0,tmh_fidelity_paged_kv,0,12,6,12,True,0
0,31,1,11,prefill_payload,0,int8,int4,warm,25,75,50,hard,long_generation_systems,0.0,tmh_fidelity_paged_kv,1,12,6,12,True,0
32,47,1,11,late_layer_payload,0,int8,int8,warm,35,65,50,hard,long_generation_systems,0.0,tmh_fidelity_paged_kv,2,12,6,12,True,0
